program_id,university,faculty,program,ouac_code,supplemental_application,prereq_raw,prereq_groups,prereq_unparsed,min_req_raw,min_req_overall,min_req_all_prereqs,min_req_courses,min_req_parsed,avg_gpa_raw,avg_gpa_low,avg_gpa_high,avg_gpa_coop_low,avg_gpa_coop_high,avg_gpa_has_note
1,University of Toronto St.George,Faculty of Arts & Science,Computer Science,TAD,True,"ENG4U, MHF4U, MCV4U","[{""n"": 1, ""options"": [""ENG4U""]}, {""n"": 1, ""options"": [""MHF4U""]}, {""n"": 1, ""options"": [""MCV4U""]}]",[],,,,[],False,low 90s,90.0,93.0,,,False
2,University of Toronto St.George,Faculty of Arts & Science,Rotman Commerce,TAC,True,"ENG4U, MHF4U, MCV4U","[{""n"": 1, ""options"": [""ENG4U""]}, {""n"": 1, ""options"": [""MHF4U""]}, {""n"": 1, ""options"": [""MCV4U""]}]",[],360,,,[],False,mid to high 80s,84.0,89.0,,,False
3,University of Toronto St.George,Faculty of Arts & Science,Social Sciences,TAX,False,ENG4U,"[{""n"": 1, ""options"": [""ENG4U""]}]",[],,,,[],False,mid to high 80s,84.0,89.0,,,False
4,University of Toronto St.George,Faculty of Arts & Science,Life Sciences (including Psychology),TLG,False,"ENG4U, MCV4U","[{""n"": 1, ""options"": [""ENG4U""]}, {""n"": 1, ""options"": [""MCV4U""]}]",[],,,,[],False,mid to high 80s,84.0,89.0,,,False
5,University of Toronto St.George,Faculty of Arts & Science,Humanities (Arts),TAH,False,ENG4U,"[{""n"": 1, ""options"": [""ENG4U""]}]",[],,,,[],False,low to mid 80s,80.0,86.0,,,False
6,University of Toronto St.George,Faculty of Arts & Science,Physical & Mathematical Sciences,TPG,False,"ENG4U, MCV4U","[{""n"": 1, ""options"": [""ENG4U""]}, {""n"": 1, ""options"": [""MCV4U""]}]",[],,,,[],False,mid to high 80s,84.0,89.0,,,False
7,University of Toronto St.George,Faculty of Applied Science and Engineering,Engineering Science (including PEY Co-op option),TK,True,"ENG4U, MHF4U, MCV4U, SCH4U, SPH4U","[{""n"": 1, ""options"": [""ENG4U""]}, {""n"": 1, ""options"": [""MHF4U""]}, {""n"": 1, ""options"": [""MCV4U""]}, {""n"": 1, ""options"": [""SCH4U""]}, {""n"": 1, ""options"": [""SPH4U""]}]",[],,,,[],False,low to mid 90s,90.0,96.0,,,False
8,University of Toronto St.George,Faculty of Applied Science and Engineering,Chemical Engineering (including PEY Co-op option),TB,True,"ENG4U, MHF4U, MCV4U, SCH4U, SPH4U","[{""n"": 1, ""options"": [""ENG4U""]}, {""n"": 1, ""options"": [""MHF4U""]}, {""n"": 1, ""options"": [""MCV4U""]}, {""n"": 1, ""options"": [""SCH4U""]}, {""n"": 1, ""options"": [""SPH4U""]}]",[],,,,[],False,high 80s to low 90s,87.0,93.0,,,False
9,University of Toronto St.George,Faculty of Applied Science and Engineering,Civil Engineering (including PEY Co-op option),TV,True,"ENG4U, MHF4U, MCV4U, SCH4U, SPH4U","[{""n"": 1, ""options"": [""ENG4U""]}, {""n"": 1, ""options"": [""MHF4U""]}, {""n"": 1, ""options"": [""MCV4U""]}, {""n"": 1, ""options"": [""SCH4U""]}, {""n"": 1, ""options"": [""SPH4U""]}]",[],,,,[],False,high 80s to low 90s,87.0,93.0,,,False
10,University of Toronto St.George,Faculty of Applied Science and Engineering,Mechanical Engineering (including PEY Co-op option),TM,True,"ENG4U, MHF4U, MCV4U, SCH4U, SPH4U","[{""n"": 1, ""options"": [""ENG4U""]}, {""n"": 1, ""options"": [""MHF4U""]}, {""n"": 1, ""options"": [""MCV4U""]}, {""n"": 1, ""options"": [""SCH4U""]}, {""n"": 1, ""options"": [""SPH4U""]}]",[],,,,[],False,high 80s to low 90s,87.0,93.0,,,False
11,University of Toronto St.George,Faculty of Applied Science and Engineering,"TrackOne, Undeclared Engineering (including PEY Co-op option)",TEO,True,"ENG4U, MHF4U, MCV4U, SCH4U, SPH4U","[{""n"": 1, ""options"": [""ENG4U""]}, {""n"": 1, ""options"": [""MHF4U""]}, {""n"": 1, ""options"": [""MCV4U""]}, {""n"": 1, ""options"": [""SCH4U""]}, {""n"": 1, ""options"": [""SPH4U""]}]",[],,,,[],False,low to mid 90s,90.0,96.0,,,False
12,University of Toronto St.George,Faculty of Applied Science and Engineering,Computer Engineering (including PEY Co-op option),TCS,True,"ENG4U, MHF4U, MCV4U, SCH4U, SPH4U","[{""n"": 1, ""options"": [""ENG4U""]}, {""n"": 1, ""options"": [""MHF4U""]}, {""n"": 1, ""options"": [""MCV4U""]}, {""n"": 1, ""options"": [""SCH4U""]}, {""n"": 1, ""options"": [""SPH4U""]}]",[],,,,[],False,low to mid 90s,90.0,96.0,,,False
13,University of Toronto St.George,Faculty of Applied Science and Engineering,Electrical Engineering (including PEY Co-op option),TE,True,"ENG4U, MHF4U, MCV4U, SCH4U, SPH4U","[{""n"": 1, ""options"": [""ENG4U""]}, {""n"": 1, ""options"": [""MHF4U""]}, {""n"": 1, ""options"": [""MCV4U""]}, {""n"": 1, ""options"": [""SCH4U""]}, {""n"": 1, ""options"": [""SPH4U""]}]",[],,,,[],False,low to mid 90s,90.0,96.0,,,False
14,University of Toronto St.George,Faculty of Applied Science and Engineering,Industrial Engineering (including PEY Co-op option),TI,True,"ENG4U, MHF4U, MCV4U, SCH4U, SPH4U","[{""n"": 1, ""options"": [""ENG4U""]}, {""n"": 1, ""options"": [""MHF4U""]}, {""n"": 1, ""options"": [""MCV4U""]}, {""n"": 1, ""options"": [""SCH4U""]}, {""n"": 1, ""options"": [""SPH4U""]}]",[],,,,[],False,high 80s to low 90s,87.0,93.0,,,False
15,University of Toronto St.George,Faculty of Applied Science and Engineering,Materials Engineering (including PEY Co-op option),TTM,True,"ENG4U, MHF4U, MCV4U, SCH4U, SPH4U","[{""n"": 1, ""options"": [""ENG4U""]}, {""n"": 1, ""options"": [""MHF4U""]}, {""n"": 1, ""options"": [""MCV4U""]}, {""n"": 1, ""options"": [""SCH4U""]}, {""n"": 1, ""options"": [""SPH4U""]}]",[],,,,[],False,high 80s to low 90s,87.0,93.0,,,False
16,University of Toronto St.George,Faculty of Applied Science and Engineering,Mineral Engineering (including PEY Co-op option),TG,True,"ENG4U, MHF4U, MCV4U, SCH4U, SPH4U","[{""n"": 1, ""options"": [""ENG4U""]}, {""n"": 1, ""options"": [""MHF4U""]}, {""n"": 1, ""options"": [""MCV4U""]}, {""n"": 1, ""options"": [""SCH4U""]}, {""n"": 1, ""options"": [""SPH4U""]}]",[],,,,[],False,high 80s to low 90s,87.0,93.0,,,False
17,University of Toronto St.George,Faculty of Architecture Landscape and Design,Architectural Studies (BA),TLA,True,ENG4U,"[{""n"": 1, ""options"": [""ENG4U""]}]",[],,,,[],False,high 80s,87.0,89.0,,,False
18,University of Toronto St.George,Faculty of Architecture Landscape and Design,Visual Studies (BA),TLB,True,ENG4U,"[{""n"": 1, ""options"": [""ENG4U""]}]",[],,,,[],False,high 80s,87.0,89.0,,,False
19,University of Toronto St.George,Faculty of Kinesiology and Physical Education,Kinesiology & Physical Education (BKin),TPK,True,"ENG4U, 1 of MHF4U/MCV4U, 1 of SBI4U/SCH4U/SPH4U","[{""n"": 1, ""options"": [""ENG4U""]}, {""n"": 1, ""options"": [""MHF4U"", ""MCV4U""]}, {""n"": 1, ""options"": [""SBI4U"", ""SCH4U"", ""SPH4U""]}]",[],,,,[],False,mid to high 80s,84.0,89.0,,,False
20,University of Toronto St.George,Faculty of Music,Music - Artist Diploma,TO,True,ENG4U,"[{""n"": 1, ""options"": [""ENG4U""]}]",[],,,,[],False,high 70s to low 80s,77.0,83.0,,,False
21,University of Toronto St.George,Faculty of Music,Music - Music Bac.,TZ,True,ENG4U,"[{""n"": 1, ""options"": [""ENG4U""]}]",[],,,,[],False,high 70s to low 80s,77.0,83.0,,,False
22,University of Toronto St.George,Faculty of Music,Music - Music Bac. Music Education,TD,True,ENG4U,"[{""n"": 1, ""options"": [""ENG4U""]}]",[],,,,[],False,high 70s to low 80s,77.0,83.0,,,False
23,University of Toronto St.George,Faculty of Music,Music - Music Bac. Performance,TX,True,ENG4U,"[{""n"": 1, ""options"": [""ENG4U""]}]",[],,,,[],False,high 70s to low 80s,77.0,83.0,,,False
24,University of Toronto Mississauga,No Specific Faculties,Chemical & Physical Sciences,TMW,False,"ENG4U, MHF4U, MCV4U, SPH4U, SCH4U, SBI4U (depends on preferred major)","[{""n"": 1, ""options"": [""ENG4U""]}, {""n"": 1, ""options"": [""MHF4U""]}, {""n"": 1, ""options"": [""MCV4U""]}, {""n"": 1, ""options"": [""SPH4U""]}, {""n"": 1, ""options"": [""SCH4U""]}, {""n"": 1, ""options"": [""SBI4U""]}]",[],"70 in ENG4U, 75 overall",,,"[{""course"": ""ENG4U"", ""min"": 70.0}]",True,mid to high 70s,74.0,79.0,,,False
25,University of Toronto Mississauga,No Specific Faculties,"Commerce (including Accounting, Finance, Marketing)",TME,False,"ENG4U, MCV4U, MHF4U","[{""n"": 1, ""options"": [""ENG4U""]}, {""n"": 1, ""options"": [""MCV4U""]}, {""n"": 1, ""options"": [""MHF4U""]}]",[],"70 in ENG4U, 75 overall",,,"[{""course"": ""ENG4U"", ""min"": 70.0}]",True,mid 80s,84.0,86.0,,,False
26,University of Toronto Mississauga,No Specific Faculties,"Commun­ication, Culture, Information & Technology",TMC,False,ENG4U,"[{""n"": 1, ""options"": [""ENG4U""]}]",[],"70 in ENG4U, 75 overall",,,"[{""course"": ""ENG4U"", ""min"": 70.0}]",True,mid to high 70s,74.0,79.0,,,False
27,University of Toronto Mississauga,No Specific Faculties,"Computer Science, Mathematics & Statistics",TMZ,False,"ENG4U, MHF4U, MCV4U","[{""n"": 1, ""options"": [""ENG4U""]}, {""n"": 1, ""options"": [""MHF4U""]}, {""n"": 1, ""options"": [""MCV4U""]}]",[],"70 in ENG4U, 75 overall",,,"[{""course"": ""ENG4U"", ""min"": 70.0}]",True,mid 80s,84.0,86.0,,,False
28,University of Toronto Mississauga,No Specific Faculties,Forensic Science,TMK,False,"ENG4U, MHF4U, SBI4U, SCH4U, MCV4U (depends on preferred major)","[{""n"": 1, ""options"": [""ENG4U""]}, {""n"": 1, ""options"": [""MHF4U""]}, {""n"": 1, ""options"": [""SBI4U""]}, {""n"": 1, ""options"": [""SCH4U""]}, {""n"": 1, ""options"": [""MCV4U""]}]",[],"70 in ENG4U, 75 overall",,,"[{""course"": ""ENG4U"", ""min"": 70.0}]",True,mid to high 70s,74.0,79.0,,,False
29,University of Toronto Mississauga,No Specific Faculties,Humanities,TMH,False,ENG4U,"[{""n"": 1, ""options"": [""ENG4U""]}]",[],"70 in ENG4U, 75 overall",,,"[{""course"": ""ENG4U"", ""min"": 70.0}]",True,mid to high 70s,74.0,79.0,,,False
30,University of Toronto Mississauga,No Specific Faculties,Life Science,TML,False,"ENG4U, MHF4U, SBI4U, SCH4U (depends on preferred major)","[{""n"": 1, ""options"": [""ENG4U""]}, {""n"": 1, ""options"": [""MHF4U""]}, {""n"": 1, ""options"": [""SBI4U""]}, {""n"": 1, ""options"": [""SCH4U""]}]",[],"70 in ENG4U, 75 overall",,,"[{""course"": ""ENG4U"", ""min"": 70.0}]",True,low to mid 80s,80.0,86.0,,,False
31,University of Toronto Mississauga,No Specific Faculties,Management,TMG,False,"ENG4U, MHF4U","[{""n"": 1, ""options"": [""ENG4U""]}, {""n"": 1, ""options"": [""MHF4U""]}]",[],"70 in ENG4U, 75 overall",,,"[{""course"": ""ENG4U"", ""min"": 70.0}]",True,mid 80s,84.0,86.0,,,False
32,University of Toronto Mississauga,No Specific Faculties,Psychology,TMP,False,"ENG4U, MHF4U, SBI4U, SCH4U (depends on preferred major)","[{""n"": 1, ""options"": [""ENG4U""]}, {""n"": 1, ""options"": [""MHF4U""]}, {""n"": 1, ""options"": [""SBI4U""]}, {""n"": 1, ""options"": [""SCH4U""]}]",[],"70 in ENG4U, 75 overall",,,"[{""course"": ""ENG4U"", ""min"": 70.0}]",True,mid to high 70s,74.0,79.0,,,False
33,University of Toronto Mississauga,No Specific Faculties,Social Sciences,TMS,False,ENG4U,"[{""n"": 1, ""options"": [""ENG4U""]}]",[],"70 in ENG4U, 75 overall",,,"[{""course"": ""ENG4U"", ""min"": 70.0}]",True,mid to high 70s,74.0,79.0,,,False
34,University of Toronto Mississauga,No Specific Faculties,Theatre & Drama (Joint program with Sheridan College) (audition required),TMT,True,ENG4U,"[{""n"": 1, ""options"": [""ENG4U""]}]",[],"70 in ENG4U, 75 overall",,,"[{""course"": ""ENG4U"", ""min"": 70.0}]",True,low to mid 80s,80.0,86.0,,,False
35,University of Toronto Mississauga,No Specific Faculties,Visual Studies,TEV,False,ENG4U,"[{""n"": 1, ""options"": [""ENG4U""]}]",[],"70 in ENG4U, 75 overall",,,"[{""course"": ""ENG4U"", ""min"": 70.0}]",True,mid to high 70s,74.0,79.0,,,False
36,University of Toronto Scarborough,No Specific Faculties,Social Sciences & Humanities (co-op and regular),TUD,False,ENG4U,"[{""n"": 1, ""options"": [""ENG4U""]}]",[],,,,[],False,"co-op: high 70s, regular: mid 70s",74.0,76.0,77.0,79.0,False
37,University of Toronto Scarborough,No Specific Faculties,Journalism (Joint Program with Centennial College),TSJ,False,ENG4U,"[{""n"": 1, ""options"": [""ENG4U""]}]",[],,,,[],False,mid 70s,74.0,76.0,,,False
38,University of Toronto Scarborough,No Specific Faculties,Music Industry & Technology (Joint Program with Centennial College),TXW,True,ENG4U,"[{""n"": 1, ""options"": [""ENG4U""]}]",[],,,,[],False,mid 70s,74.0,76.0,,,False
39,University of Toronto Scarborough,No Specific Faculties,"Visual and Performing Arts, Arts Management & Media",TUC,False,ENG4U,"[{""n"": 1, ""options"": [""ENG4U""]}]",[],,,,[],False,mid 70s,74.0,76.0,,,False
40,University of Toronto Scarborough,No Specific Faculties,Management (BBA) (co-op and regular),TSM,True,"ENG4U, MCV4U, MHF4U","[{""n"": 1, ""options"": [""ENG4U""]}, {""n"": 1, ""options"": [""MCV4U""]}, {""n"": 1, ""options"": [""MHF4U""]}]",[],,,,[],False,"mid to high 80s (co-op), mid 80s (regular)",84.0,86.0,84.0,89.0,False
41,University of Toronto Scarborough,No Specific Faculties,Management and Intern­ational Business (BBA) (co-op),TXB,True,"ENG4U, MCV4U, MHF4U","[{""n"": 1, ""options"": [""ENG4U""]}, {""n"": 1, ""options"": [""MCV4U""]}, {""n"": 1, ""options"": [""MHF4U""]}]",[],,,,[],False,mid to high 80s,84.0,89.0,,,False
42,University of Toronto Scarborough,No Specific Faculties,BBA (Management & Finance) and BSc (Statistics - Quanti­tative Finance) (co-op and regular),TXQ,True,"ENG4U, MCV4U, MHF4U","[{""n"": 1, ""options"": [""ENG4U""]}, {""n"": 1, ""options"": [""MCV4U""]}, {""n"": 1, ""options"": [""MHF4U""]}]",[],,,,[],False,mid to high 80s,84.0,89.0,,,False
43,University of Toronto Scarborough,Faculty of International Development Studies (co-op) BA/BSc,Intern­ational Development Studies (co-op),TSD,True,ENG4U,"[{""n"": 1, ""options"": [""ENG4U""]}]",[],,,,[],False,low 80s,80.0,83.0,,,False
44,University of Toronto Scarborough,Faculty of Sciences,Computer Science (co-op and regular),TXC,False,"ENG4U, MHF4U, MCV4U","[{""n"": 1, ""options"": [""ENG4U""]}, {""n"": 1, ""options"": [""MHF4U""]}, {""n"": 1, ""options"": [""MCV4U""]}]",[],,,,[],False,"high 90s (co-op), mid 90s (regular)",94.0,96.0,97.0,99.0,False
45,University of Toronto Scarborough,Faculty of Sciences,Life Sciences (co-op and regular),TSL,False,"ENG4U, MHF4U, SBI4U","[{""n"": 1, ""options"": [""ENG4U""]}, {""n"": 1, ""options"": [""MHF4U""]}, {""n"": 1, ""options"": [""SBI4U""]}]",[],,,,[],False,"high 70s(co-op), mid 70s (regular)",74.0,76.0,77.0,79.0,False
46,University of Toronto Scarborough,Faculty of Sciences,Life Sciences (Health Sciences Stream) (co-op and regular),TXD,False,"ENG4U, one of MHF4U/MCV4U/MDM4U, SBI4U","[{""n"": 1, ""options"": [""ENG4U""]}, {""n"": 1, ""options"": [""MHF4U"", ""MCV4U"", ""MDM4U""]}, {""n"": 1, ""options"": [""SBI4U""]}]",[],,,,[],False,"high 70s(co-op), mid 70s (regular)",74.0,76.0,77.0,79.0,False
47,University of Toronto Scarborough,Faculty of Sciences,Mathematics (co-op and regular),TXS,False,"ENG4U, MHF4U, MCV4U","[{""n"": 1, ""options"": [""ENG4U""]}, {""n"": 1, ""options"": [""MHF4U""]}, {""n"": 1, ""options"": [""MCV4U""]}]",[],,,,[],False,high 80s,87.0,89.0,,,False
48,University of Toronto Scarborough,Faculty of Sciences,Physical & Enviro­nmental Sciences (co-op and regular),TSP,False,"ENG4U, MHF4U, MCV4U, SBI4U/SCH4U/SPH4U (depends on preferred major)","[{""n"": 1, ""options"": [""ENG4U""]}, {""n"": 1, ""options"": [""MHF4U""]}, {""n"": 1, ""options"": [""MCV4U""]}, {""n"": 1, ""options"": [""SBI4U"", ""SCH4U"", ""SPH4U""]}]",[],,,,[],False,"high 70s(co-op), mid 70s (regular)",74.0,76.0,77.0,79.0,False
49,University of Toronto Scarborough,Faculty of Sciences,Physical & Enviro­nmental Sciences (Health Sciences Stream) (co-op and regular),TXH,False,"ENG4U, MHF4U, MCV4U, SBI4U/SCH4U/SPH4U (depends on preferred major)","[{""n"": 1, ""options"": [""ENG4U""]}, {""n"": 1, ""options"": [""MHF4U""]}, {""n"": 1, ""options"": [""MCV4U""]}, {""n"": 1, ""options"": [""SBI4U"", ""SCH4U"", ""SPH4U""]}]",[],,,,[],False,"high 70s(co-op), mid 70s (regular)",74.0,76.0,77.0,79.0,False
50,University of Toronto Scarborough,Faculty of Sciences,Psychology & Health Studies (co-op and regular),TPS,False,ENG4U,"[{""n"": 1, ""options"": [""ENG4U""]}]",[],,,,[],False,"low 80s (co-op), high 70s (regular)",77.0,79.0,80.0,83.0,False
51,University of Toronto Scarborough,Faculty of Sciences,Psychology & Health Studies (Health Sciences Stream) (co-op and regular),TXF,False,ENG4U,"[{""n"": 1, ""options"": [""ENG4U""]}]",[],,,,[],False,"low 80s (co-op), high 70s (regular)",77.0,79.0,80.0,83.0,False
52,University of Toronto Scarborough,Faculty of Sciences,Statistics (co-op and regular),TXU,False,"ENG4U, MHF4U, MCV4U","[{""n"": 1, ""options"": [""ENG4U""]}, {""n"": 1, ""options"": [""MHF4U""]}, {""n"": 1, ""options"": [""MCV4U""]}]",[],,,,[],False,high 80s,87.0,89.0,,,False
53,University of Waterloo,Faculty of Health,Public Health (Co-op and Regular),WHE,False,"ENG4U, MHF4U","[{""n"": 1, ""options"": [""ENG4U""]}, {""n"": 1, ""options"": [""MHF4U""]}]",[],"75 in ENG4U, 70 in MHF4U",,,"[{""course"": ""ENG4U"", ""min"": 75.0}, {""course"": ""MHF4U"", ""min"": 70.0}]",True,"mid 80s (co-op), low 80s (regular)",80.0,83.0,84.0,86.0,False
54,University of Waterloo,Faculty of Health,Health Sciences (Co-op and Regular),WF,False,"ENG4U, MHF4U, SBI4U, SCH4U","[{""n"": 1, ""options"": [""ENG4U""]}, {""n"": 1, ""options"": [""MHF4U""]}, {""n"": 1, ""options"": [""SBI4U""]}, {""n"": 1, ""options"": [""SCH4U""]}]",[],70 in all prerequisite courses,,70.0,[],True,"high 80s (co-op), mid-80s (regular)",87.0,89.0,87.0,89.0,True
55,University of Waterloo,Faculty of Health,Kinesiology (Co-op and Regular),WK,False,"ENG4U, 1 of MHF4U/MCV4U, 2 of SBI4U/SCH4U/SPH4U","[{""n"": 1, ""options"": [""ENG4U""]}, {""n"": 1, ""options"": [""MHF4U"", ""MCV4U""]}, {""n"": 2, ""options"": [""SBI4U"", ""SCH4U"", ""SPH4U""]}]",[],70 in all prerequisite courses,,70.0,[],True,"mid 80s (co-op), low 80s (regular)",80.0,83.0,84.0,86.0,False
56,University of Waterloo,Faculty of Health,Recreation and Leisure Studies (Co-op and Regular),WX,False,ENG4U,"[{""n"": 1, ""options"": [""ENG4U""]}]",[],70 in ENG4U,,,"[{""course"": ""ENG4U"", ""min"": 70.0}]",True,"low 80s (co-op), low 80s (regular)",80.0,83.0,80.0,83.0,False
57,University of Waterloo,Faculty of Arts,Accounting and Financial Management (Co-op only),WXY,False,"ENG4U, MHF4U, MCV4U","[{""n"": 1, ""options"": [""ENG4U""]}, {""n"": 1, ""options"": [""MHF4U""]}, {""n"": 1, ""options"": [""MCV4U""]}]",[],75 in all prerequisite courses,,75.0,[],True,mid 80s,84.0,86.0,,,False
58,University of Waterloo,Faculty of Arts,Honours Arts University Main Campus (Co-op and Regular),WA,False,ENG4U,"[{""n"": 1, ""options"": [""ENG4U""]}]",[],70 in ENG4U,,,"[{""course"": ""ENG4U"", ""min"": 70.0}]",True,"low 80s (co-op), low 80s (regular)",80.0,83.0,80.0,83.0,False
59,University of Waterloo,Faculty of Arts,Honours Arts St. Jerome's University (Co-op and Regular),WJA,False,,[],[],,,,[],False,,,,,,False
60,University of Waterloo,Faculty of Arts,Honours Arts Renison University College (Co-op and Regular),WRA,False,,[],[],,,,[],False,,,,,,False
61,University of Waterloo,Faculty of Arts,Honours Arts and Business University Main Campus (Co-op and Regular),WAB,False,ENG4U,"[{""n"": 1, ""options"": [""ENG4U""]}]",[],70 in ENG4U,,,"[{""course"": ""ENG4U"", ""min"": 70.0}]",True,"low 80s (co-op), low 80s (regular)",80.0,83.0,80.0,83.0,False
62,University of Waterloo,Faculty of Arts,Honours Arts and Business St. Jerome's University (Co-op and Regular),WJB,False,,[],[],,,,[],False,,,,,,False
63,University of Waterloo,Faculty of Arts,Global Business and Digital Arts (Co-op only),WGB,False,ENG4U,"[{""n"": 1, ""options"": [""ENG4U""]}]",[],75 in ENG4U,,,"[{""course"": ""ENG4U"", ""min"": 75.0}]",True,low,,,,,True
64,University of Waterloo,Faculty of Arts,Social Development Studies (Regular only) Renison University College,WRS,False,ENG4U,"[{""n"": 1, ""options"": [""ENG4U""]}]",[],70 in ENG4U,,,"[{""course"": ""ENG4U"", ""min"": 70.0}]",True,low 80s,80.0,83.0,,,False
65,University of Waterloo,Faculty of Arts,Honours Arts Online (Regular only),WOA,False,,[],[],,,,[],False,,,,,,False
66,University of Waterloo,Faculty of Arts,"Social Development Studies, Honours - Online",WRO,False,,[],[],,,,[],False,,,,,,False
67,University of Waterloo,Faculty of Sustainability and Financial Management - administered jointly by the Faculties of Arts and Environment,Sustainability and Financial Management (Co-op only),WSF,False,"ENG4U, MHF4U, MCV4U","[{""n"": 1, ""options"": [""ENG4U""]}, {""n"": 1, ""options"": [""MHF4U""]}, {""n"": 1, ""options"": [""MCV4U""]}]",[],75 in all prerequisite courses,,75.0,[],True,mid 80s,84.0,86.0,,,False
68,University of Waterloo,Faculty of Engineering,Archit­ectural Engineering (Co-op only),WEA,True,"ENG4U, MHF4U, MCV4U, SCH4U, SPH4U","[{""n"": 1, ""options"": [""ENG4U""]}, {""n"": 1, ""options"": [""MHF4U""]}, {""n"": 1, ""options"": [""MCV4U""]}, {""n"": 1, ""options"": [""SCH4U""]}, {""n"": 1, ""options"": [""SPH4U""]}]",[],70 in all prerequisite courses,,70.0,[],True,mid to high 80s,84.0,89.0,,,False
69,University of Waterloo,Faculty of Engineering,Archit­ecture (Co-op only),WR,False,"ENG4U, MHF4U, MCV4U, SPH4U","[{""n"": 1, ""options"": [""ENG4U""]}, {""n"": 1, ""options"": [""MHF4U""]}, {""n"": 1, ""options"": [""MCV4U""]}, {""n"": 1, ""options"": [""SPH4U""]}]",[],"75 in ENG4U, 70 in MHF4U, MCV4U, SPH4U",,,"[{""course"": ""ENG4U"", ""min"": 75.0}, {""course"": ""MHF4U"", ""min"": 70.0}]",True,mid 80s,84.0,86.0,,,False
70,University of Waterloo,Faculty of Engineering,Biomedical Engineering (Co-op only),WBM,True,"ENG4U, MHF4U, MCV4U, SCH4U, SPH4U","[{""n"": 1, ""options"": [""ENG4U""]}, {""n"": 1, ""options"": [""MHF4U""]}, {""n"": 1, ""options"": [""MCV4U""]}, {""n"": 1, ""options"": [""SCH4U""]}, {""n"": 1, ""options"": [""SPH4U""]}]",[],70 in all prerequisite courses,,70.0,[],True,high 80s to low 90s,87.0,93.0,,,False
71,University of Waterloo,Faculty of Engineering,Chemical Engineering (Co-op only),WC,True,"ENG4U, MHF4U, MCV4U, SCH4U, SPH4U","[{""n"": 1, ""options"": [""ENG4U""]}, {""n"": 1, ""options"": [""MHF4U""]}, {""n"": 1, ""options"": [""MCV4U""]}, {""n"": 1, ""options"": [""SCH4U""]}, {""n"": 1, ""options"": [""SPH4U""]}]",[],70 in all prerequisite courses,,70.0,[],True,mid to high 80s,84.0,89.0,,,False
72,University of Waterloo,Faculty of Engineering,Civil Engineering (Co-op only),WE,True,"ENG4U, MHF4U, MCV4U, SCH4U, SPH4U","[{""n"": 1, ""options"": [""ENG4U""]}, {""n"": 1, ""options"": [""MHF4U""]}, {""n"": 1, ""options"": [""MCV4U""]}, {""n"": 1, ""options"": [""SCH4U""]}, {""n"": 1, ""options"": [""SPH4U""]}]",[],70 in all prerequisite courses,,70.0,[],True,mid to high 80s,84.0,89.0,,,False
73,University of Waterloo,Faculty of Engineering,Computer Engineering (Co-op only),WWJ,True,"ENG4U, MHF4U, MCV4U, SCH4U, SPH4U","[{""n"": 1, ""options"": [""ENG4U""]}, {""n"": 1, ""options"": [""MHF4U""]}, {""n"": 1, ""options"": [""MCV4U""]}, {""n"": 1, ""options"": [""SCH4U""]}, {""n"": 1, ""options"": [""SPH4U""]}]",[],70 in all prerequisite courses,,70.0,[],True,high 80s to low 90s,87.0,93.0,,,False
74,University of Waterloo,Faculty of Engineering,Electrical Engineering (Co-op only),WWF,True,"ENG4U, MHF4U, MCV4U, SCH4U, SPH4U","[{""n"": 1, ""options"": [""ENG4U""]}, {""n"": 1, ""options"": [""MHF4U""]}, {""n"": 1, ""options"": [""MCV4U""]}, {""n"": 1, ""options"": [""SCH4U""]}, {""n"": 1, ""options"": [""SPH4U""]}]",[],70 in all prerequisite courses,,70.0,[],True,high 80s to low 90s,87.0,93.0,,,False
75,University of Waterloo,Faculty of Engineering,Enviro­nmental Engineering (Co-op only),WEE,True,"ENG4U, MHF4U, MCV4U, SCH4U, SPH4U","[{""n"": 1, ""options"": [""ENG4U""]}, {""n"": 1, ""options"": [""MHF4U""]}, {""n"": 1, ""options"": [""MCV4U""]}, {""n"": 1, ""options"": [""SCH4U""]}, {""n"": 1, ""options"": [""SPH4U""]}]",[],70 in all prerequisite courses,,70.0,[],True,mid to high 80s,84.0,89.0,,,False
76,University of Waterloo,Faculty of Engineering,Geological Engineering (Co-op only),WWG,True,"ENG4U, MHF4U, MCV4U, SCH4U, SPH4U","[{""n"": 1, ""options"": [""ENG4U""]}, {""n"": 1, ""options"": [""MHF4U""]}, {""n"": 1, ""options"": [""MCV4U""]}, {""n"": 1, ""options"": [""SCH4U""]}, {""n"": 1, ""options"": [""SPH4U""]}]",[],70 in all prerequisite courses,,70.0,[],True,mid to high 80s,84.0,89.0,,,False
77,University of Waterloo,Faculty of Engineering,Management Engineering (Co-op only),WEM,True,"ENG4U, MHF4U, MCV4U, SCH4U, SPH4U","[{""n"": 1, ""options"": [""ENG4U""]}, {""n"": 1, ""options"": [""MHF4U""]}, {""n"": 1, ""options"": [""MCV4U""]}, {""n"": 1, ""options"": [""SCH4U""]}, {""n"": 1, ""options"": [""SPH4U""]}]",[],70 in all prerequisite courses,,70.0,[],True,mid to high 80s,84.0,89.0,,,False
78,University of Waterloo,Faculty of Engineering,Mechanical Engineering (Co-op only),WWH,True,"ENG4U, MHF4U, MCV4U, SCH4U, SPH4U","[{""n"": 1, ""options"": [""ENG4U""]}, {""n"": 1, ""options"": [""MHF4U""]}, {""n"": 1, ""options"": [""MCV4U""]}, {""n"": 1, ""options"": [""SCH4U""]}, {""n"": 1, ""options"": [""SPH4U""]}]",[],70 in all prerequisite courses,,70.0,[],True,high 80s to low 90s,87.0,93.0,,,False
79,University of Waterloo,Faculty of Engineering,Mechat­ronics Engineering (Co-op only),WMT,True,"ENG4U, MHF4U, MCV4U, SCH4U, SPH4U","[{""n"": 1, ""options"": [""ENG4U""]}, {""n"": 1, ""options"": [""MHF4U""]}, {""n"": 1, ""options"": [""MCV4U""]}, {""n"": 1, ""options"": [""SCH4U""]}, {""n"": 1, ""options"": [""SPH4U""]}]",[],70 in all prerequisite courses,,70.0,[],True,high 80s to low 90s,87.0,93.0,,,False
80,University of Waterloo,Faculty of Engineering,Nanote­chnology Engineering (Co-op only),WNT,True,"ENG4U, MHF4U, MCV4U, SCH4U, SPH4U","[{""n"": 1, ""options"": [""ENG4U""]}, {""n"": 1, ""options"": [""MHF4U""]}, {""n"": 1, ""options"": [""MCV4U""]}, {""n"": 1, ""options"": [""SCH4U""]}, {""n"": 1, ""options"": [""SPH4U""]}]",[],70 in all prerequisite courses,,70.0,[],True,mid to high 80s,84.0,89.0,,,False
81,University of Waterloo,Faculty of Engineering,Systems Design Engineering (Co-op only),WD,True,"ENG4U, MHF4U, MCV4U, SCH4U, SPH4U","[{""n"": 1, ""options"": [""ENG4U""]}, {""n"": 1, ""options"": [""MHF4U""]}, {""n"": 1, ""options"": [""MCV4U""]}, {""n"": 1, ""options"": [""SCH4U""]}, {""n"": 1, ""options"": [""SPH4U""]}]",[],70 in all prerequisite courses,,70.0,[],True,high 80s to low 90s,87.0,93.0,,,False
82,University of Waterloo,Faculty of Software Engineering,Software Engineering (Co-op only),WSO,True,"ENG4U, MHF4U, MCV4U, SCH4U, SPH4U","[{""n"": 1, ""options"": [""ENG4U""]}, {""n"": 1, ""options"": [""MHF4U""]}, {""n"": 1, ""options"": [""MCV4U""]}, {""n"": 1, ""options"": [""SCH4U""]}, {""n"": 1, ""options"": [""SPH4U""]}]",[],70 in all prerequisite courses,,70.0,[],True,low to mid 90s,90.0,96.0,,,False
83,University of Waterloo,Faculty of Environment,Climate and Enviro­nmental Change (Co-op and Regular),WCE,False,"ENG4U, MHF4U, 1 of SCH4U/SPH4U","[{""n"": 1, ""options"": [""ENG4U""]}, {""n"": 1, ""options"": [""MHF4U""]}, {""n"": 1, ""options"": [""SCH4U"", ""SPH4U""]}]",[],"70 in ENG4U, MHF4U",,,"[{""course"": ""ENG4U"", ""min"": 70.0}]",True,low 80s,80.0,83.0,,,False
84,University of Waterloo,Faculty of Environment,Environment and Business (Co-op only),WEB,False,ENG4U,"[{""n"": 1, ""options"": [""ENG4U""]}]",[],70 in ENG4U,,,"[{""course"": ""ENG4U"", ""min"": 70.0}]",True,high 70s,77.0,79.0,,,False
85,University of Waterloo,Faculty of Environment,"Environment, Resources and Sustai­nability (Co-op and Regular)",WER,False,ENG4U,"[{""n"": 1, ""options"": [""ENG4U""]}]",[],70 in ENG4U,,,"[{""course"": ""ENG4U"", ""min"": 70.0}]",True,high 70s,77.0,79.0,,,False
86,University of Waterloo,Faculty of Environment,Geography and Aviation (Regular only),WEV,False,"ENG4U, MHF4U","[{""n"": 1, ""options"": [""ENG4U""]}, {""n"": 1, ""options"": [""MHF4U""]}]",[],70 in all prerequisite courses,,70.0,[],True,mid 80s,84.0,86.0,,,False
87,University of Waterloo,Faculty of Environment,Geography and Enviro­nmental Management (Co-op and Regular),WG,False,ENG4U,"[{""n"": 1, ""options"": [""ENG4U""]}]",[],70 in ENG4U,,,"[{""course"": ""ENG4U"", ""min"": 70.0}]",True,high 70s,77.0,79.0,,,False
88,University of Waterloo,Faculty of Environment,Geomatics (Co-op and Regular),WGM,False,"ENG4U, MHF4U","[{""n"": 1, ""options"": [""ENG4U""]}, {""n"": 1, ""options"": [""MHF4U""]}]",[],70 in all prerequisite courses,,70.0,[],True,high 70s,77.0,79.0,,,False
89,University of Waterloo,Faculty of Environment,Knowledge Integration (Regular only),WKI,False,"ENG4U, 1 of MHF4U/MCV4U/MDM4U, 1 of SBI4U/SCH4U/SPH4U/SES4U","[{""n"": 1, ""options"": [""ENG4U""]}, {""n"": 1, ""options"": [""MHF4U"", ""MCV4U"", ""MDM4U""]}, {""n"": 1, ""options"": [""SBI4U"", ""SCH4U"", ""SPH4U"", ""SES4U""]}]",[],70 in all prerequisite courses,,70.0,[],True,high 70s to low 80s,77.0,83.0,,,False
90,University of Waterloo,Faculty of Environment,Planning (Co-op only),WP,False,ENG4U,"[{""n"": 1, ""options"": [""ENG4U""]}]",[],75 in ENG4U,,,"[{""course"": ""ENG4U"", ""min"": 75.0}]",True,low 80s,80.0,83.0,,,False
91,University of Waterloo,Faculty of Computing and Financial Management - administered jointly by the Faculties of Arts and Mathematics,Computing and Financial Management (Co-op only),WCF,True,"ENG4U, MHF4U, MCV4U, 1 other 4U course","[{""n"": 1, ""options"": [""ENG4U""]}, {""n"": 1, ""options"": [""MHF4U""]}, {""n"": 1, ""options"": [""MCV4U""]}, {""n"": 1, ""options"": [], ""any_senior"": true, ""description"": ""1 other 4U course""}]",[],75 in ENG4U,,,"[{""course"": ""ENG4U"", ""min"": 75.0}]",True,low to mid 90s,90.0,96.0,,,False
92,University of Waterloo,Faculty of Mathematics,Business Admini­stration (Laurier) and Computer Science (Waterloo) Double Degree (Co-op only),WBC,True,"ENG4U, MHF4U, MCV4U, 1 other 4U course","[{""n"": 1, ""options"": [""ENG4U""]}, {""n"": 1, ""options"": [""MHF4U""]}, {""n"": 1, ""options"": [""MCV4U""]}, {""n"": 1, ""options"": [], ""any_senior"": true, ""description"": ""1 other 4U course""}]",[],,,,[],False,low to mid 90s,90.0,96.0,,,False
93,University of Waterloo,Faculty of Mathematics,Business Admini­stration (Laurier) and Mathematics (Waterloo) Double Degree (Co-op only),WBA,True,"ENG4U, MHF4U, MCV4U, 1 other 4U course","[{""n"": 1, ""options"": [""ENG4U""]}, {""n"": 1, ""options"": [""MHF4U""]}, {""n"": 1, ""options"": [""MCV4U""]}, {""n"": 1, ""options"": [], ""any_senior"": true, ""description"": ""1 other 4U course""}]",[],,,,[],False,mid to high 80s,84.0,89.0,,,False
94,University of Waterloo,Faculty of Mathematics,Computer Science (Co-op and Regular),WCS,True,"ENG4U, MHF4U, MCV4U, 1 other 4U course","[{""n"": 1, ""options"": [""ENG4U""]}, {""n"": 1, ""options"": [""MHF4U""]}, {""n"": 1, ""options"": [""MCV4U""]}, {""n"": 1, ""options"": [], ""any_senior"": true, ""description"": ""1 other 4U course""}]",[],,,,[],False,low to mid 90s,90.0,96.0,,,False
95,University of Waterloo,Faculty of Mathematics,Mathematics (Co-op and Regular),WMT,True,"ENG4U, MHF4U, MCV4U, 1 other 4U course","[{""n"": 1, ""options"": [""ENG4U""]}, {""n"": 1, ""options"": [""MHF4U""]}, {""n"": 1, ""options"": [""MCV4U""]}, {""n"": 1, ""options"": [], ""any_senior"": true, ""description"": ""1 other 4U course""}]",[],,,,[],False,mid 80s,84.0,86.0,,,False
96,University of Waterloo,Faculty of Mathematics,Mathematics/​Business Admini­stration (Co-op and Regular),WMB,True,"ENG4U, MHF4U, MCV4U, 1 other 4U course","[{""n"": 1, ""options"": [""ENG4U""]}, {""n"": 1, ""options"": [""MHF4U""]}, {""n"": 1, ""options"": [""MCV4U""]}, {""n"": 1, ""options"": [], ""any_senior"": true, ""description"": ""1 other 4U course""}]",[],,,,[],False,mid 80s,84.0,86.0,,,False
97,University of Waterloo,Faculty of Mathematics,Mathematics/​CPA (Co-op only),WN,True,"ENG4U, MHF4U, MCV4U, 1 other 4U course","[{""n"": 1, ""options"": [""ENG4U""]}, {""n"": 1, ""options"": [""MHF4U""]}, {""n"": 1, ""options"": [""MCV4U""]}, {""n"": 1, ""options"": [], ""any_senior"": true, ""description"": ""1 other 4U course""}]",[],,,,[],False,mid 80s,84.0,86.0,,,False
98,University of Waterloo,Faculty of Mathematics,Mathematics/​Financial Analysis and Risk Management (Co-op and Regular),WMF,True,"ENG4U, MHF4U, MCV4U, 1 other 4U course","[{""n"": 1, ""options"": [""ENG4U""]}, {""n"": 1, ""options"": [""MHF4U""]}, {""n"": 1, ""options"": [""MCV4U""]}, {""n"": 1, ""options"": [], ""any_senior"": true, ""description"": ""1 other 4U course""}]",[],,,,[],False,mid 80s,84.0,86.0,,,False
99,University of Waterloo,Faculty of Science,Biotec­hnology/​CPA (Co-op only),WSA,False,"ENG4U, MHF4U, MCV4U, 2 of SBI4U/SCH4U/SPH4U/SES4U/MDM4U","[{""n"": 1, ""options"": [""ENG4U""]}, {""n"": 1, ""options"": [""MHF4U""]}, {""n"": 1, ""options"": [""MCV4U""]}, {""n"": 2, ""options"": [""SBI4U"", ""SCH4U"", ""SPH4U"", ""SES4U"", ""MDM4U""]}]",[],70 in all prerequisite courses,,70.0,[],True,high 80s,87.0,89.0,,,False
100,University of Waterloo,Faculty of Science,Enviro­nmental Science (Co-op and Regular),WSE,False,"ENG4U, MHF4U, MCV4U, 2 of SBI4U/SCH4U/SPH4U/SES4U/MDM4U","[{""n"": 1, ""options"": [""ENG4U""]}, {""n"": 1, ""options"": [""MHF4U""]}, {""n"": 1, ""options"": [""MCV4U""]}, {""n"": 2, ""options"": [""SBI4U"", ""SCH4U"", ""SPH4U"", ""SES4U"", ""MDM4U""]}]",[],70 in all prerequisite courses,,70.0,[],True,"low 80s (co-op), low 80s (regular)",80.0,83.0,80.0,83.0,False
101,University of Waterloo,Faculty of Science,Honours Science (Regular only),WS,False,"ENG4U, MHF4U, MCV4U, 2 of SBI4U/SCH4U/SPH4U/SES4U/MDM4U","[{""n"": 1, ""options"": [""ENG4U""]}, {""n"": 1, ""options"": [""MHF4U""]}, {""n"": 1, ""options"": [""MCV4U""]}, {""n"": 2, ""options"": [""SBI4U"", ""SCH4U"", ""SPH4U"", ""SES4U"", ""MDM4U""]}]",[],"70 in ENG4U, MHF4U, MCV4U",,,"[{""course"": ""ENG4U"", ""min"": 70.0}]",True,low 80s,80.0,83.0,,,False
102,University of Waterloo,Faculty of Science,Life Sciences (Co-op and Regular),WLS,False,"ENG4U, MHF4U, MCV4U, 2 of SBI4U/SCH4U/SPH4U/SES4U/MDM4U","[{""n"": 1, ""options"": [""ENG4U""]}, {""n"": 1, ""options"": [""MHF4U""]}, {""n"": 1, ""options"": [""MCV4U""]}, {""n"": 2, ""options"": [""SBI4U"", ""SCH4U"", ""SPH4U"", ""SES4U"", ""MDM4U""]}]",[],"70 in ENG4U, MHF4U, MCV4U",,,"[{""course"": ""ENG4U"", ""min"": 70.0}]",True,"low 80s (co-op), low 80s (regular)",80.0,83.0,80.0,83.0,False
103,University of Waterloo,Faculty of Science,Physical Sciences (Co-op and Regular),WPS,False,"ENG4U, MHF4U, MCV4U, 2 of SBI4U/SCH4U/SPH4U/SES4U/MDM4U","[{""n"": 1, ""options"": [""ENG4U""]}, {""n"": 1, ""options"": [""MHF4U""]}, {""n"": 1, ""options"": [""MCV4U""]}, {""n"": 2, ""options"": [""SBI4U"", ""SCH4U"", ""SPH4U"", ""SES4U"", ""MDM4U""]}]",[],"70 in ENG4U, MHF4U, MCV4U",,,"[{""course"": ""ENG4U"", ""min"": 70.0}]",True,"low 80s (co-op), low 80s (regular)",80.0,83.0,80.0,83.0,False
104,University of Waterloo,Faculty of Science,Science and Aviation (Regular only),WSV,False,"ENG4U, MHF4U, MCV4U, 2 of SBI4U/SCH4U/SPH4U/SES4U/MDM4U","[{""n"": 1, ""options"": [""ENG4U""]}, {""n"": 1, ""options"": [""MHF4U""]}, {""n"": 1, ""options"": [""MCV4U""]}, {""n"": 2, ""options"": [""SBI4U"", ""SCH4U"", ""SPH4U"", ""SES4U"", ""MDM4U""]}]",[],"70 in ENG4U, MHF4U, MCV4U",,,"[{""course"": ""ENG4U"", ""min"": 70.0}]",True,mid 80s,84.0,86.0,,,False
105,University of Waterloo,Faculty of Science,Science and Business (Co-op and Regular),WSB,False,"ENG4U, MHF4U, MCV4U, 2 of SBI4U/SCH4U/SPH4U/SES4U/MDM4U","[{""n"": 1, ""options"": [""ENG4U""]}, {""n"": 1, ""options"": [""MHF4U""]}, {""n"": 1, ""options"": [""MCV4U""]}, {""n"": 2, ""options"": [""SBI4U"", ""SCH4U"", ""SPH4U"", ""SES4U"", ""MDM4U""]}]",[],"70 in ENG4U, MHF4U, MCV4U",,,"[{""course"": ""ENG4U"", ""min"": 70.0}]",True,"low 80s (co-op), low 80s (regular)",80.0,83.0,80.0,83.0,False
106,McMaster University,Faculty of Business,Business I,MB,True,"ENG4U, MHF4U, MCV4U","[{""n"": 1, ""options"": [""ENG4U""]}, {""n"": 1, ""options"": [""MHF4U""]}, {""n"": 1, ""options"": [""MCV4U""]}]",[],,,,[],False,mid to high 80s,84.0,89.0,,,False
107,McMaster University,Faculty of Business,Integrated Business & Humanities I (IBH),MBH,True,"ENG4U, MCV4U","[{""n"": 1, ""options"": [""ENG4U""]}, {""n"": 1, ""options"": [""MCV4U""]}]",[],,,,[],False,88,88.0,88.0,,,False
108,McMaster University,Faculty of Engineering,Engineering I,ME,True,"ENG4U, MCV4U, SCH4U, SPH4U","[{""n"": 1, ""options"": [""ENG4U""]}, {""n"": 1, ""options"": [""MCV4U""]}, {""n"": 1, ""options"": [""SCH4U""]}, {""n"": 1, ""options"": [""SPH4U""]}]",[],,,,[],False,87,87.0,87.0,,,False
109,McMaster University,Faculty of Engineering,Engineering I (Co-op),MEC,True,"ENG4U, MCV4U, SCH4U, SPH4U","[{""n"": 1, ""options"": [""ENG4U""]}, {""n"": 1, ""options"": [""MCV4U""]}, {""n"": 1, ""options"": [""SCH4U""]}, {""n"": 1, ""options"": [""SPH4U""]}]",[],,,,[],False,87,87.0,87.0,,,False
110,McMaster University,Faculty of Engineering,Integrated Biomedical Engineering & Health Sciences I (iBioMed),MEH,True,"ENG4U, MCV4U, SBI4U, SCH4U, SPH4U","[{""n"": 1, ""options"": [""ENG4U""]}, {""n"": 1, ""options"": [""MCV4U""]}, {""n"": 1, ""options"": [""SBI4U""]}, {""n"": 1, ""options"": [""SCH4U""]}, {""n"": 1, ""options"": [""SPH4U""]}]",[],,,,[],False,90,90.0,90.0,,,False
111,McMaster University,Faculty of Engineering,Integrated Biomedical Engineering & Health Sciences I (iBioMed) (Co-op),MEI,True,"ENG4U, MCV4U, SBI4U, SCH4U, SPH4U","[{""n"": 1, ""options"": [""ENG4U""]}, {""n"": 1, ""options"": [""MCV4U""]}, {""n"": 1, ""options"": [""SBI4U""]}, {""n"": 1, ""options"": [""SCH4U""]}, {""n"": 1, ""options"": [""SPH4U""]}]",[],,,,[],False,90,90.0,90.0,,,False
112,McMaster University,Faculty of Engineering,Computer Science I,MC,True,"ENG4U, MCV4U, 2 of SBI4U/SCH4U/SPH4U/ICS4U/TEJ4M","[{""n"": 1, ""options"": [""ENG4U""]}, {""n"": 1, ""options"": [""MCV4U""]}, {""n"": 2, ""options"": [""SBI4U"", ""SCH4U"", ""SPH4U"", ""ICS4U"", ""TEJ4M""]}]",[],,,,[],False,90,90.0,90.0,,,False
113,McMaster University,Faculty of Engineering,Computer Science I (Co-op),MCC,True,"ENG4U, MCV4U, 2 of SBI4U/SCH4U/SPH4U/ICS4U/TEJ4M","[{""n"": 1, ""options"": [""ENG4U""]}, {""n"": 1, ""options"": [""MCV4U""]}, {""n"": 2, ""options"": [""SBI4U"", ""SCH4U"", ""SPH4U"", ""ICS4U"", ""TEJ4M""]}]",[],,,,[],False,90,90.0,90.0,,,False
114,McMaster University,Faculty of Engineering,Automotive & Vehicle Engineering Technology I Co-op (B.Tech.),MAT,True,"ENG4U, MCV4U, SCH4U, SPH4U","[{""n"": 1, ""options"": [""ENG4U""]}, {""n"": 1, ""options"": [""MCV4U""]}, {""n"": 1, ""options"": [""SCH4U""]}, {""n"": 1, ""options"": [""SPH4U""]}]",[],,,,[],False,82,82.0,82.0,,,False
115,McMaster University,Faculty of Engineering,Biotec­hnology I Co-op (B.Tech.),MTT,True,"ENG4U, MCV4U, SCH4U, SPH4U","[{""n"": 1, ""options"": [""ENG4U""]}, {""n"": 1, ""options"": [""MCV4U""]}, {""n"": 1, ""options"": [""SCH4U""]}, {""n"": 1, ""options"": [""SPH4U""]}]",[],,,,[],False,82,82.0,82.0,,,False
116,McMaster University,Faculty of Engineering,Automation Systems Engineering Technology I Co-op (B.Tech.),MPT,True,"ENG4U, MCV4U, SCH4U, SPH4U","[{""n"": 1, ""options"": [""ENG4U""]}, {""n"": 1, ""options"": [""MCV4U""]}, {""n"": 1, ""options"": [""SCH4U""]}, {""n"": 1, ""options"": [""SPH4U""]}]",[],,,,[],False,82,82.0,82.0,,,False
117,McMaster University,Faculty of Health Sciences,Honours Health Sciences I,MNS,True,"ENG4U, 1 of MHF4U/MCV4U/MDM4U, SBI4U, SCH4U, 1 non-math; non-science; non-technology 4U/M credit","[{""n"": 1, ""options"": [""ENG4U""]}, {""n"": 1, ""options"": [""MHF4U"", ""MCV4U"", ""MDM4U""]}, {""n"": 1, ""options"": [""SBI4U""]}, {""n"": 1, ""options"": [""SCH4U""]}, {""n"": 1, ""options"": [], ""any_senior"": true, ""description"": ""1 non-math; non-science; non-technology 4U/M credit""}]",[],,,,[],False,90,90.0,90.0,,,False
118,McMaster University,Faculty of Health Sciences,Nursing I (BScN) - McMaster,MN,True,"ENG4U, 1 of MHF4U/MCV4U/MDM4U, SBI4U, SCH4U","[{""n"": 1, ""options"": [""ENG4U""]}, {""n"": 1, ""options"": [""MHF4U"", ""MCV4U"", ""MDM4U""]}, {""n"": 1, ""options"": [""SBI4U""]}, {""n"": 1, ""options"": [""SCH4U""]}]",[],,,,[],False,85 (weighting for final decision is based on 80% grades and 20% CASPer score,85.0,85.0,,,True
119,McMaster University,Faculty of Humanities,Humanities I,MH,False,"ENG4U, SBI4U is recommended for students planning to enger Cognitive Science of Language Program","[{""n"": 1, ""options"": [""ENG4U""]}, {""n"": 1, ""options"": [""SBI4U""]}]",[],,,,[],False,78,78.0,78.0,,,False
120,McMaster University,Faculty of Humanities,iArts - Integrated Arts BFA I,MHI,True,"ENG4U, all applicants are required to submit Electronic Creative Submissions through SlideRoom","[{""n"": 1, ""options"": [""ENG4U""]}]","[""all applicants are required to submit Electronic Creative Submissions through SlideRoom""]",,,,[],False,78 plus electronic creative submission,78.0,78.0,,,True
121,McMaster University,Faculty of Science,Chemical & Physical Sciences Gateway,MPS,False,"ENG4U, MHF4U, MCV4U, SCH4U, SPH4U","[{""n"": 1, ""options"": [""ENG4U""]}, {""n"": 1, ""options"": [""MHF4U""]}, {""n"": 1, ""options"": [""MCV4U""]}, {""n"": 1, ""options"": [""SCH4U""]}, {""n"": 1, ""options"": [""SPH4U""]}]",[],,,,[],False,mid 80s,84.0,86.0,,,False
122,McMaster University,Faculty of Science,Enviro­nmental and Earth Sciences Gateway,MEE,False,"ENG4U, 1 of MHF4U/MCV4U, 1 of SBI4U/SCH4U, 1 of MHF4U/MCV4U/SBI4U/SPH4U/SPH4U","[{""n"": 1, ""options"": [""ENG4U""]}, {""n"": 1, ""options"": [""MHF4U"", ""MCV4U""]}, {""n"": 1, ""options"": [""SBI4U"", ""SCH4U""]}, {""n"": 1, ""options"": [""MHF4U"", ""MCV4U"", ""SBI4U"", ""SPH4U"", ""SPH4U""]}]",[],,,,[],False,mid 80s,84.0,86.0,,,False
123,McMaster University,Faculty of Science,Honours Integrated Science (iSci),MIS,True,"ENG4U, MHF4U, MCV4U, 2 of SBI4U/SCH4U/SPH4U","[{""n"": 1, ""options"": [""ENG4U""]}, {""n"": 1, ""options"": [""MHF4U""]}, {""n"": 1, ""options"": [""MCV4U""]}, {""n"": 2, ""options"": [""SBI4U"", ""SCH4U"", ""SPH4U""]}]",[],,,,[],False,high 80s,87.0,89.0,,,False
124,McMaster University,Faculty of Science,Honours Kinesiology,MV,False,"ENG4U, MCV4U, SBI4U, PSK4U is highly recommended","[{""n"": 1, ""options"": [""ENG4U""]}, {""n"": 1, ""options"": [""MCV4U""]}, {""n"": 1, ""options"": [""SBI4U""]}, {""n"": 1, ""options"": [""PSK4U""]}]",[],,,,[],False,high 80s low 90s,87.0,93.0,,,False
125,McMaster University,Faculty of Science,Life Sciences Gateway,MLS,False,"ENG4U, 1 of MHF4U/MCV4U, SBI4U, 1 of MHF4U/MCV4U/SCH4U/SPH4U","[{""n"": 1, ""options"": [""ENG4U""]}, {""n"": 1, ""options"": [""MHF4U"", ""MCV4U""]}, {""n"": 1, ""options"": [""SBI4U""]}, {""n"": 1, ""options"": [""MHF4U"", ""MCV4U"", ""SCH4U"", ""SPH4U""]}]",[],,,,[],False,low 90s,90.0,93.0,,,False
126,McMaster University,Faculty of Science,Mathematics and Statistics Gateway,MZ,False,"ENG4U, MHF4U, MCV4U","[{""n"": 1, ""options"": [""ENG4U""]}, {""n"": 1, ""options"": [""MHF4U""]}, {""n"": 1, ""options"": [""MCV4U""]}]",[],,,,[],False,high 80s,87.0,89.0,,,False
127,McMaster University,Faculty of Science,Honours Medical Radiation Sciences,MRS,False,"ENG4U, MHF4U, MCV4U, SBI4U, SCH4U","[{""n"": 1, ""options"": [""ENG4U""]}, {""n"": 1, ""options"": [""MHF4U""]}, {""n"": 1, ""options"": [""MCV4U""]}, {""n"": 1, ""options"": [""SBI4U""]}, {""n"": 1, ""options"": [""SCH4U""]}]",[],,,,[],False,high 80s,87.0,89.0,,,False
128,McMaster University,Faculty of Social Sciences,Economics I,MLE,False,"ENG4U, MHF4U, MCV4U","[{""n"": 1, ""options"": [""ENG4U""]}, {""n"": 1, ""options"": [""MHF4U""]}, {""n"": 1, ""options"": [""MCV4U""]}]",[],,,,[],False,mid 80s,84.0,86.0,,,False
129,McMaster University,Faculty of Social Sciences,Honours Health & Society I,MLH,False,ENG4U,"[{""n"": 1, ""options"": [""ENG4U""]}]",[],,,,[],False,mid 80s,84.0,86.0,,,False
130,McMaster University,Faculty of Social Sciences,Social Sciences I,ML,False,ENG4U,"[{""n"": 1, ""options"": [""ENG4U""]}]",[],,,,[],False,low to mid 80s,80.0,86.0,,,False
131,McMaster University,Interdisciplinary,Arts & Science I,MX,False,"ENG4U, 1 of MHF4U/MCV4U, 2 of the 4 remaining credits must be at the U level","[{""n"": 1, ""options"": [""ENG4U""]}, {""n"": 1, ""options"": [""MHF4U"", ""MCV4U""]}]","[""2 of the 4 remaining credits must be at the U level""]",,,,[],False,88,88.0,88.0,,,False
132,McMaster University,Interdisciplinary,Leadership & Civic Studies I (Wilson College of Leadership and Civic Engagement),MWC,True,ENG4U,"[{""n"": 1, ""options"": [""ENG4U""]}]",[],,,,[],False,mid 80s,84.0,86.0,,,False
133,McMaster University,MELD - McMaster English Language Development Diploma - Bridging Program,MELD Automation Systems Engineering Technology I Co-op (B.Tech.),MDZ,True,"ENG4U, MCV4U, SCH4U, SPH4U","[{""n"": 1, ""options"": [""ENG4U""]}, {""n"": 1, ""options"": [""MCV4U""]}, {""n"": 1, ""options"": [""SCH4U""]}, {""n"": 1, ""options"": [""SPH4U""]}]",[],,,,[],False,82,82.0,82.0,,,False
134,McMaster University,MELD - McMaster English Language Development Diploma - Bridging Program,MELD Automotive & Vehicle Engineering Technology I Co-op (B.Tech.),MCV,True,"ENG4U, MCV4U, SCH4U, SPH4U","[{""n"": 1, ""options"": [""ENG4U""]}, {""n"": 1, ""options"": [""MCV4U""]}, {""n"": 1, ""options"": [""SCH4U""]}, {""n"": 1, ""options"": [""SPH4U""]}]",[],,,,[],False,82,82.0,82.0,,,False
135,McMaster University,MELD - McMaster English Language Development Diploma - Bridging Program,MELD Biotec­hnology I Co-op (B.Tech.),MDX,True,"ENG4U, MCV4U, SCH4U, SPH4U","[{""n"": 1, ""options"": [""ENG4U""]}, {""n"": 1, ""options"": [""MCV4U""]}, {""n"": 1, ""options"": [""SCH4U""]}, {""n"": 1, ""options"": [""SPH4U""]}]",[],,,,[],False,82,82.0,82.0,,,False
136,McMaster University,MELD - McMaster English Language Development Diploma - Bridging Program,MELD Business I,MDB,True,"ENG4U, MHF4U, MCV4U","[{""n"": 1, ""options"": [""ENG4U""]}, {""n"": 1, ""options"": [""MHF4U""]}, {""n"": 1, ""options"": [""MCV4U""]}]",[],,,,[],False,mid to high 80s,84.0,89.0,,,False
137,McMaster University,MELD - McMaster English Language Development Diploma - Bridging Program,MELD Chemical & Physical Sciences Gateway,MDP,True,"ENG4U, MHF4U, MCV4U, SCH4U, SPH4U","[{""n"": 1, ""options"": [""ENG4U""]}, {""n"": 1, ""options"": [""MHF4U""]}, {""n"": 1, ""options"": [""MCV4U""]}, {""n"": 1, ""options"": [""SCH4U""]}, {""n"": 1, ""options"": [""SPH4U""]}]",[],,,,[],False,mid 80s,84.0,86.0,,,False
138,McMaster University,MELD - McMaster English Language Development Diploma - Bridging Program,MELD Computer Science I,MDC,True,"ENG4U, MCV4U, 2 of SBI4U/SCH4U/SPH4U/ICS4U/TEJ4M","[{""n"": 1, ""options"": [""ENG4U""]}, {""n"": 1, ""options"": [""MCV4U""]}, {""n"": 2, ""options"": [""SBI4U"", ""SCH4U"", ""SPH4U"", ""ICS4U"", ""TEJ4M""]}]",[],,,,[],False,90,90.0,90.0,,,False
139,McMaster University,MELD - McMaster English Language Development Diploma - Bridging Program,MELD Computer Science I (Co-op),MDI,True,"ENG4U, MCV4U, 2 of SBI4U/SCH4U/SPH4U/ICS4U/TEJ4M","[{""n"": 1, ""options"": [""ENG4U""]}, {""n"": 1, ""options"": [""MCV4U""]}, {""n"": 2, ""options"": [""SBI4U"", ""SCH4U"", ""SPH4U"", ""ICS4U"", ""TEJ4M""]}]",[],,,,[],False,90,90.0,90.0,,,False
140,McMaster University,MELD - McMaster English Language Development Diploma - Bridging Program,MELD Economics I,MDD,False,"ENG4U, MHF4U, MCV4U","[{""n"": 1, ""options"": [""ENG4U""]}, {""n"": 1, ""options"": [""MHF4U""]}, {""n"": 1, ""options"": [""MCV4U""]}]",[],,,,[],False,mid 80s,84.0,86.0,,,False
141,McMaster University,MELD - McMaster English Language Development Diploma - Bridging Program,MELD Engineering I,MDG,True,"ENG4U, MCV4U, SCH4U, SPH4U","[{""n"": 1, ""options"": [""ENG4U""]}, {""n"": 1, ""options"": [""MCV4U""]}, {""n"": 1, ""options"": [""SCH4U""]}, {""n"": 1, ""options"": [""SPH4U""]}]",[],,,,[],False,87,87.0,87.0,,,False
142,McMaster University,MELD - McMaster English Language Development Diploma - Bridging Program,MELD Engineering I (Co-op),MDW,True,"ENG4U, MCV4U, SCH4U, SPH4U","[{""n"": 1, ""options"": [""ENG4U""]}, {""n"": 1, ""options"": [""MCV4U""]}, {""n"": 1, ""options"": [""SCH4U""]}, {""n"": 1, ""options"": [""SPH4U""]}]",[],,,,[],False,87,87.0,87.0,,,False
143,McMaster University,MELD - McMaster English Language Development Diploma - Bridging Program,MELD Enviro­nmental & Earth Sciences Gateway,MDE,False,"ENG4U, 1 of MHF4U/MCV4U, 1 of SBI4U/SCH4U, 1 of MHF4U/MCV4U/SBI4U/SPH4U/SPH4U","[{""n"": 1, ""options"": [""ENG4U""]}, {""n"": 1, ""options"": [""MHF4U"", ""MCV4U""]}, {""n"": 1, ""options"": [""SBI4U"", ""SCH4U""]}, {""n"": 1, ""options"": [""MHF4U"", ""MCV4U"", ""SBI4U"", ""SPH4U"", ""SPH4U""]}]",[],,,,[],False,mid 80s,84.0,86.0,,,False
144,McMaster University,MELD - McMaster English Language Development Diploma - Bridging Program,MELD Health and Society I,MDF,False,ENG4U,"[{""n"": 1, ""options"": [""ENG4U""]}]",[],,,,[],False,mid 80s,84.0,86.0,,,False
145,McMaster University,MELD - McMaster English Language Development Diploma - Bridging Program,MELD Humanities I,MDH,False,"ENG4U, SBI4U is recommended for students planning to enger Cognitive Science of Language Program","[{""n"": 1, ""options"": [""ENG4U""]}, {""n"": 1, ""options"": [""SBI4U""]}]",[],,,,[],False,78,78.0,78.0,,,False
146,McMaster University,MELD - McMaster English Language Development Diploma - Bridging Program,MELD iArts - Integrated Arts I,MDA,True,"ENG4U, all applicants are required to submit Electronic Creative Submissions through SlideRoom","[{""n"": 1, ""options"": [""ENG4U""]}]","[""all applicants are required to submit Electronic Creative Submissions through SlideRoom""]",,,,[],False,78 plus electronic creative submission,78.0,78.0,,,True
147,McMaster University,MELD - McMaster English Language Development Diploma - Bridging Program,MELD Integrated Biomedical Engineering & Health Sciences I (iBioMed),MDN,True,"ENG4U, MCV4U, SBI4U, SCH4U, SPH4U","[{""n"": 1, ""options"": [""ENG4U""]}, {""n"": 1, ""options"": [""MCV4U""]}, {""n"": 1, ""options"": [""SBI4U""]}, {""n"": 1, ""options"": [""SCH4U""]}, {""n"": 1, ""options"": [""SPH4U""]}]",[],,,,[],False,90,90.0,90.0,,,False
148,McMaster University,MELD - McMaster English Language Development Diploma - Bridging Program,MELD Integrated Biomedical Engineering & Health Sciences I (iBioMed) (Co-op),MDO,True,"ENG4U, MCV4U, SBI4U, SCH4U, SPH4U","[{""n"": 1, ""options"": [""ENG4U""]}, {""n"": 1, ""options"": [""MCV4U""]}, {""n"": 1, ""options"": [""SBI4U""]}, {""n"": 1, ""options"": [""SCH4U""]}, {""n"": 1, ""options"": [""SPH4U""]}]",[],,,,[],False,90,90.0,90.0,,,False
149,McMaster University,MELD - McMaster English Language Development Diploma - Bridging Program,MELD Integrated Business & Humanities (IBH),MBG,True,"ENG4U, MCV4U","[{""n"": 1, ""options"": [""ENG4U""]}, {""n"": 1, ""options"": [""MCV4U""]}]",[],,,,[],False,88,88.0,88.0,,,False
150,McMaster University,MELD - McMaster English Language Development Diploma - Bridging Program,MELD Kinesiology I,MDK,False,"ENG4U, MCV4U, SBI4U, PSK4U is highly recommended","[{""n"": 1, ""options"": [""ENG4U""]}, {""n"": 1, ""options"": [""MCV4U""]}, {""n"": 1, ""options"": [""SBI4U""]}, {""n"": 1, ""options"": [""PSK4U""]}]",[],,,,[],False,high 80s to low 90s,87.0,93.0,,,False
151,McMaster University,MELD - McMaster English Language Development Diploma - Bridging Program,MELD Leadership & Civic Studies I (Wilson College of Leadership and Civic Engagement),MDQ,True,ENG4U,"[{""n"": 1, ""options"": [""ENG4U""]}]",[],,,,[],False,mid 80s,84.0,86.0,,,False
152,McMaster University,MELD - McMaster English Language Development Diploma - Bridging Program,MELD Life Sciences Gateway,MDL,False,"ENG4U, 1 of MHF4U/MCV4U, SBI4U, 1 of MHF4U/MCV4U/SCH4U/SPH4U","[{""n"": 1, ""options"": [""ENG4U""]}, {""n"": 1, ""options"": [""MHF4U"", ""MCV4U""]}, {""n"": 1, ""options"": [""SBI4U""]}, {""n"": 1, ""options"": [""MHF4U"", ""MCV4U"", ""SCH4U"", ""SPH4U""]}]",[],,,,[],False,low 90s,90.0,93.0,,,False
153,McMaster University,MELD - McMaster English Language Development Diploma - Bridging Program,MELD Mathematics & Statistics Gateway,MDM,False,"ENG4U, MHF4U, MCV4U","[{""n"": 1, ""options"": [""ENG4U""]}, {""n"": 1, ""options"": [""MHF4U""]}, {""n"": 1, ""options"": [""MCV4U""]}]",[],,,,[],False,high 80s,87.0,89.0,,,False
154,McMaster University,MELD - McMaster English Language Development Diploma - Bridging Program,MELD Social Sciences I,MDS,False,ENG4U,"[{""n"": 1, ""options"": [""ENG4U""]}]",[],,,,[],False,low to mid 80s,80.0,86.0,,,False
155,TMU,Faculty of Arts (Full-Time Degree),Arts and Contem­porary Studies,SCS,True,ENG4U/EAE4U,"[{""n"": 1, ""options"": [""ENG4U"", ""EAE4U""]}]",[],70,70.0,,[],True,low 70s,70.0,73.0,,,False
156,TMU,Faculty of Arts (Full-Time Degree),Criminology (Co-op available),SCI,True,ENG4U/EAE4U,"[{""n"": 1, ""options"": [""ENG4U"", ""EAE4U""]}]",[],70,70.0,,[],True,mid 70s,74.0,76.0,,,False
157,TMU,Faculty of Arts (Full-Time Degree),English (Co-op available),SEN,True,ENG4U/EAE4U,"[{""n"": 1, ""options"": [""ENG4U"", ""EAE4U""]}]",[],70,70.0,,[],True,low 70s,70.0,73.0,,,False
158,TMU,Faculty of Arts (Full-Time Degree),Environment and Urban Sustai­nability,SAS,True,ENG4U/EAE4U,"[{""n"": 1, ""options"": [""ENG4U"", ""EAE4U""]}]",[],70,70.0,,[],True,low 70s,70.0,73.0,,,False
159,TMU,Faculty of Arts (Full-Time Degree),Geographic Analysis Co-op,SAC,True,ENG4U/EAE4U,"[{""n"": 1, ""options"": [""ENG4U"", ""EAE4U""]}]",[],70,70.0,,[],True,low 70s,70.0,73.0,,,False
160,TMU,Faculty of Arts (Full-Time Degree),History (Co-op available),SAH,True,ENG4U/EAE4U,"[{""n"": 1, ""options"": [""ENG4U"", ""EAE4U""]}]",[],70,70.0,,[],True,low 70s,70.0,73.0,,,False
161,TMU,Faculty of Arts (Full-Time Degree),Economics and Finance (Co-op available),SIE,True,ENG4U/EAE4U,"[{""n"": 1, ""options"": [""ENG4U"", ""EAE4U""]}]",[],70,70.0,,[],True,low 70s,70.0,73.0,,,False
162,TMU,Faculty of Arts (Full-Time Degree),Language and Interc­ultural Relations (Co-op available),SLC,True,ENG4U/EAE4U,"[{""n"": 1, ""options"": [""ENG4U"", ""EAE4U""]}]",[],70,70.0,,[],True,low 70s,70.0,73.0,,,False
163,TMU,Faculty of Arts (Full-Time Degree),Philosophy (Co-op available),SPH,True,ENG4U/EAE4U,"[{""n"": 1, ""options"": [""ENG4U"", ""EAE4U""]}]",[],70,70.0,,[],True,low 70s,70.0,73.0,,,False
164,TMU,Faculty of Arts (Full-Time Degree),Politics and Governance (Co-op available),SPG,True,ENG4U/EAE4U,"[{""n"": 1, ""options"": [""ENG4U"", ""EAE4U""]}]",[],70,70.0,,[],True,low 70s,70.0,73.0,,,False
165,TMU,Faculty of Arts (Full-Time Degree),Psychology (Co-op Available),SPS,True,ENG4U/EAE4U,"[{""n"": 1, ""options"": [""ENG4U"", ""EAE4U""]}]",[],70,70.0,,[],True,mid 80s,84.0,86.0,,,False
166,TMU,Faculty of Arts (Full-Time Degree),Sociology (Co-op available),SSO,True,ENG4U/EAE4U,"[{""n"": 1, ""options"": [""ENG4U"", ""EAE4U""]}]",[],70,70.0,,[],True,low 70s,70.0,73.0,,,False
167,TMU,Faculty of Arts (Full-Time Degree),Undeclared Arts (First year studies only),SUN,True,ENG4U/EAE4U,"[{""n"": 1, ""options"": [""ENG4U"", ""EAE4U""]}]",[],70,70.0,,[],True,mid 70s,74.0,76.0,,,False
168,TMU,Faculty of Arts (Part-Time Degree),Public Admini­stration and Governance (PT),SDF,True,ENG4U/EAE4U,"[{""n"": 1, ""options"": [""ENG4U"", ""EAE4U""]}]",[],70,70.0,,[],True,low 70s,70.0,73.0,,,False
169,TMU,Faculty of Community Services (Full-Time Degree),Child and Youth Care,SCY,True,ENG4U/EAE4U,"[{""n"": 1, ""options"": [""ENG4U"", ""EAE4U""]}]",[],70,70.0,,[],True,low 70s,70.0,73.0,,,False
170,TMU,Faculty of Community Services (Full-Time Degree),Early Childhood Studies,SHE,True,"ENG4U/EAE4U, 1 of MCF3M/MCR3U/SCH3U/SPH3U/SBI3U/SNC3U/MHF3U/MCV4U/MDM4U/PSE4U/PSK4U/SBI4U/SCH4U/SPH4U/SES4U/SNC4M/SVN3M","[{""n"": 1, ""options"": [""ENG4U"", ""EAE4U""]}, {""n"": 1, ""options"": [""MCF3M"", ""MCR3U"", ""SCH3U"", ""SPH3U"", ""SBI3U"", ""SNC3U"", ""MHF3U"", ""MCV4U"", ""MDM4U"", ""PSE4U"", ""PSK4U"", ""SBI4U"", ""SCH4U"", ""SPH4U"", ""SES4U"", ""SNC4M"", ""SVN3M""]}]",[],70,70.0,,[],True,low 70s,70.0,73.0,,,False
171,TMU,Faculty of Community Services (Full-Time Degree),Nursing at TMU,SNX,True,"ENG4U/EAE4U, SCH4U, 1 of MCF3M/MCR3U/MCV4U/MDM4U/MHF4U","[{""n"": 1, ""options"": [""ENG4U"", ""EAE4U""]}, {""n"": 1, ""options"": [""SCH4U""]}, {""n"": 1, ""options"": [""MCF3M"", ""MCR3U"", ""MCV4U"", ""MDM4U"", ""MHF4U""]}]",[],70,70.0,,[],True,high 80s,87.0,89.0,,,False
172,TMU,Faculty of Community Services (Full-Time Degree),Nursing at Centennial College,SNN,True,"ENG4U/EAE4U, SCH4U, 1 of MCF3M/MCR3U/MCV4U/MDM4U/MHF4U","[{""n"": 1, ""options"": [""ENG4U"", ""EAE4U""]}, {""n"": 1, ""options"": [""SCH4U""]}, {""n"": 1, ""options"": [""MCF3M"", ""MCR3U"", ""MCV4U"", ""MDM4U"", ""MHF4U""]}]",[],70,70.0,,[],True,mid 80s,84.0,86.0,,,False
173,TMU,Faculty of Community Services (Full-Time Degree),Nursing at George Brown College,SNG,True,"ENG4U/EAE4U, SCH4U, 1 of MCF3M/MCR3U/MCV4U/MDM4U/MHF4U","[{""n"": 1, ""options"": [""ENG4U"", ""EAE4U""]}, {""n"": 1, ""options"": [""SCH4U""]}, {""n"": 1, ""options"": [""MCF3M"", ""MCR3U"", ""MCV4U"", ""MDM4U"", ""MHF4U""]}]",[],70,70.0,,[],True,mid 80s,84.0,86.0,,,False
174,TMU,Faculty of Community Services (Full-Time Degree),Nutrition and Food,SFN,True,"ENG4U/EAE4U, SCH4U","[{""n"": 1, ""options"": [""ENG4U"", ""EAE4U""]}, {""n"": 1, ""options"": [""SCH4U""]}]",[],70,70.0,,[],True,high70s,77.0,79.0,,,False
175,TMU,Faculty of Community Services (Full-Time Degree),Occupa­tional Health and Safety (Co-op available),SOC,True,"ENG4U/EAE4U, 1 of SCH4U/SBI4U","[{""n"": 1, ""options"": [""ENG4U"", ""EAE4U""]}, {""n"": 1, ""options"": [""SCH4U"", ""SBI4U""]}]",[],70,70.0,,[],True,low 70s,70.0,73.0,,,False
176,TMU,Faculty of Community Services (Full-Time Degree),Public Health (Co-op available),SCO,True,"ENG4U/EAE4U, 1 of SCH4U/SBI4U","[{""n"": 1, ""options"": [""ENG4U"", ""EAE4U""]}, {""n"": 1, ""options"": [""SCH4U"", ""SBI4U""]}]",[],70,70.0,,[],True,low 70s,70.0,73.0,,,False
177,TMU,Faculty of Community Services (Full-Time Degree),Social Work - 4 year program,SSE,True,"ENG4U/EAE4U, 1 of SCH4U/SBI4U","[{""n"": 1, ""options"": [""ENG4U"", ""EAE4U""]}, {""n"": 1, ""options"": [""SCH4U"", ""SBI4U""]}]",[],70 in ENG4U/EAE4U,,,"[{""course"": ""ENG4U"", ""min"": 70.0}, {""course"": ""EAE4U"", ""min"": 70.0}]",True,low 80s,80.0,83.0,,,False
178,TMU,Faculty of Community Services (Full-Time Degree),Urban and Regional Planning,SUP,True,ENG4U/EAE4U,"[{""n"": 1, ""options"": [""ENG4U"", ""EAE4U""]}]",[],70,70.0,,[],True,high 70s,77.0,79.0,,,False
179,TMU,Faculty of Engineering and Architectural Science (Full-Time Degree),Aerospace Engineering (Co-op available),SAA,True,"ENG4U/EAE4U, MHF4U, MCV4U, SPH4U, SCH4U","[{""n"": 1, ""options"": [""ENG4U"", ""EAE4U""]}, {""n"": 1, ""options"": [""MHF4U""]}, {""n"": 1, ""options"": [""MCV4U""]}, {""n"": 1, ""options"": [""SPH4U""]}, {""n"": 1, ""options"": [""SCH4U""]}]",[],70,70.0,,[],True,mid 80s,84.0,86.0,,,False
180,TMU,Faculty of Engineering and Architectural Science (Full-Time Degree),Archit­ectural Science (Co-op available),SAD,True,"ENG4U/EAE4U, SPH4U, 1 of MCV4U/MHF4U","[{""n"": 1, ""options"": [""ENG4U"", ""EAE4U""]}, {""n"": 1, ""options"": [""SPH4U""]}, {""n"": 1, ""options"": [""MCV4U"", ""MHF4U""]}]",[],70,70.0,,[],True,low 90s,90.0,93.0,,,False
181,TMU,Faculty of Engineering and Architectural Science (Full-Time Degree),Biomedical Engineering (Co-op available),SBI,True,"ENG4U/EAE4U, MHF4U, MCV4U, SPH4U, SCH4U","[{""n"": 1, ""options"": [""ENG4U"", ""EAE4U""]}, {""n"": 1, ""options"": [""MHF4U""]}, {""n"": 1, ""options"": [""MCV4U""]}, {""n"": 1, ""options"": [""SPH4U""]}, {""n"": 1, ""options"": [""SCH4U""]}]",[],70,70.0,,[],True,low 80s,80.0,83.0,,,False
182,TMU,Faculty of Engineering and Architectural Science (Full-Time Degree),Chemical Engineering (Co-operative),SCF,True,"ENG4U/EAE4U, MHF4U, MCV4U, SPH4U, SCH4U","[{""n"": 1, ""options"": [""ENG4U"", ""EAE4U""]}, {""n"": 1, ""options"": [""MHF4U""]}, {""n"": 1, ""options"": [""MCV4U""]}, {""n"": 1, ""options"": [""SPH4U""]}, {""n"": 1, ""options"": [""SCH4U""]}]",[],70,70.0,,[],True,low 80s,80.0,83.0,,,False
183,TMU,Faculty of Engineering and Architectural Science (Full-Time Degree),Civil Engineering (Co-op available),SCG,True,"ENG4U/EAE4U, MHF4U, MCV4U, SPH4U, SCH4U","[{""n"": 1, ""options"": [""ENG4U"", ""EAE4U""]}, {""n"": 1, ""options"": [""MHF4U""]}, {""n"": 1, ""options"": [""MCV4U""]}, {""n"": 1, ""options"": [""SPH4U""]}, {""n"": 1, ""options"": [""SCH4U""]}]",[],70,70.0,,[],True,mid 80s,84.0,86.0,,,False
184,TMU,Faculty of Engineering and Architectural Science (Full-Time Degree),Computer Engineering (Co-op available),SCE,True,"ENG4U/EAE4U, MHF4U, MCV4U, SPH4U, SCH4U","[{""n"": 1, ""options"": [""ENG4U"", ""EAE4U""]}, {""n"": 1, ""options"": [""MHF4U""]}, {""n"": 1, ""options"": [""MCV4U""]}, {""n"": 1, ""options"": [""SPH4U""]}, {""n"": 1, ""options"": [""SCH4U""]}]",[],70,70.0,,[],True,high 80s,87.0,89.0,,,False
185,TMU,Faculty of Engineering and Architectural Science (Full-Time Degree),Electrical Engineering (Co-op available),SEJ,True,"ENG4U/EAE4U, MHF4U, MCV4U, SPH4U, SCH4U","[{""n"": 1, ""options"": [""ENG4U"", ""EAE4U""]}, {""n"": 1, ""options"": [""MHF4U""]}, {""n"": 1, ""options"": [""MCV4U""]}, {""n"": 1, ""options"": [""SPH4U""]}, {""n"": 1, ""options"": [""SCH4U""]}]",[],70,70.0,,[],True,mid 80s,84.0,86.0,,,False
186,TMU,Faculty of Engineering and Architectural Science (Full-Time Degree),Industrial Engineering (Co-op available),SIQ,True,"ENG4U/EAE4U, MHF4U, MCV4U, SPH4U, SCH4U","[{""n"": 1, ""options"": [""ENG4U"", ""EAE4U""]}, {""n"": 1, ""options"": [""MHF4U""]}, {""n"": 1, ""options"": [""MCV4U""]}, {""n"": 1, ""options"": [""SPH4U""]}, {""n"": 1, ""options"": [""SCH4U""]}]",[],70,70.0,,[],True,low 80s,80.0,83.0,,,False
187,TMU,Faculty of Engineering and Architectural Science (Full-Time Degree),Mechanical Engineering (Co-op available),SMW,True,"ENG4U/EAE4U, MHF4U, MCV4U, SPH4U, SCH4U","[{""n"": 1, ""options"": [""ENG4U"", ""EAE4U""]}, {""n"": 1, ""options"": [""MHF4U""]}, {""n"": 1, ""options"": [""MCV4U""]}, {""n"": 1, ""options"": [""SPH4U""]}, {""n"": 1, ""options"": [""SCH4U""]}]",[],70,70.0,,[],True,high 80s,87.0,89.0,,,False
188,TMU,Faculty of Engineering and Architectural Science (Full-Time Degree),Mechat­ronics Engineering (Co-op available),STR,True,"ENG4U/EAE4U, MHF4U, MCV4U, SPH4U, SCH4U","[{""n"": 1, ""options"": [""ENG4U"", ""EAE4U""]}, {""n"": 1, ""options"": [""MHF4U""]}, {""n"": 1, ""options"": [""MCV4U""]}, {""n"": 1, ""options"": [""SPH4U""]}, {""n"": 1, ""options"": [""SCH4U""]}]",[],70,70.0,,[],True,mid 80s,84.0,86.0,,,False
189,TMU,Faculty of Engineering and Architectural Science (Full-Time Degree),Undeclared Engineering (First semester studies only),SEU,True,"ENG4U/EAE4U, MHF4U, MCV4U, SPH4U, SCH4U","[{""n"": 1, ""options"": [""ENG4U"", ""EAE4U""]}, {""n"": 1, ""options"": [""MHF4U""]}, {""n"": 1, ""options"": [""MCV4U""]}, {""n"": 1, ""options"": [""SPH4U""]}, {""n"": 1, ""options"": [""SCH4U""]}]",[],70,70.0,,[],True,mid 80s,84.0,86.0,,,False
190,TMU,Faculty of Science (Full-Time Degree),Biology (Co-op available),SBX,True,"ENG4U/EAE4U, MHF4U, 2 of SPH4U/SCH4U/SBI4U","[{""n"": 1, ""options"": [""ENG4U"", ""EAE4U""]}, {""n"": 1, ""options"": [""MHF4U""]}, {""n"": 2, ""options"": [""SPH4U"", ""SCH4U"", ""SBI4U""]}]",[],70,70.0,,[],True,high 70s,77.0,79.0,,,False
191,TMU,Faculty of Science (Full-Time Degree),Biomedical Sciences (Co-op available),SBS,True,"ENG4U/EAE4U, MHF4U, 2 of SPH4U/SCH4U/SBI4U","[{""n"": 1, ""options"": [""ENG4U"", ""EAE4U""]}, {""n"": 1, ""options"": [""MHF4U""]}, {""n"": 2, ""options"": [""SPH4U"", ""SCH4U"", ""SBI4U""]}]",[],70,70.0,,[],True,high 80s,87.0,89.0,,,False
192,TMU,Faculty of Science (Full-Time Degree),Chemistry (Co-op available),SCH,True,"ENG4U/EAE4U, MHF4U, 2 of SPH4U/SCH4U/SBI4U","[{""n"": 1, ""options"": [""ENG4U"", ""EAE4U""]}, {""n"": 1, ""options"": [""MHF4U""]}, {""n"": 2, ""options"": [""SPH4U"", ""SCH4U"", ""SBI4U""]}]",[],70,70.0,,[],True,low 70s,70.0,73.0,,,False
193,TMU,Faculty of Science (Full-Time Degree),Computer Science (Co-op available),SAB,True,"ENG4U/EAE4U, MHF4U, 1 of MCV4U/MDM4U, 1 of SPH4U/SCH4U/SBI4U","[{""n"": 1, ""options"": [""ENG4U"", ""EAE4U""]}, {""n"": 1, ""options"": [""MHF4U""]}, {""n"": 1, ""options"": [""MCV4U"", ""MDM4U""]}, {""n"": 1, ""options"": [""SPH4U"", ""SCH4U"", ""SBI4U""]}]",[],70,70.0,,[],True,high 80s,87.0,89.0,,,False
194,TMU,Faculty of Science (Full-Time Degree),Financial Mathematics (Co-op available),SMT,True,"ENG4U/EAE4U, MHF4U, 1 of MCV4U/MDM4U, 1 of SPH4U/SCH4U/SBI4U","[{""n"": 1, ""options"": [""ENG4U"", ""EAE4U""]}, {""n"": 1, ""options"": [""MHF4U""]}, {""n"": 1, ""options"": [""MCV4U"", ""MDM4U""]}, {""n"": 1, ""options"": [""SPH4U"", ""SCH4U"", ""SBI4U""]}]",[],70,70.0,,[],True,mid 70s,74.0,76.0,,,False
195,TMU,Faculty of Science (Full-Time Degree),Mathematics and its Applic­ations (Co-op available),SEA,True,"ENG4U/EAE4U, MHF4U, 1 of MCV4U/MDM4U, 1 of SPH4U/SCH4U/SBI4U","[{""n"": 1, ""options"": [""ENG4U"", ""EAE4U""]}, {""n"": 1, ""options"": [""MHF4U""]}, {""n"": 1, ""options"": [""MCV4U"", ""MDM4U""]}, {""n"": 1, ""options"": [""SPH4U"", ""SCH4U"", ""SBI4U""]}]",[],70,70.0,,[],True,mid 70s,74.0,76.0,,,False
196,TMU,Faculty of Science (Full-Time Degree),Medical Physics (Co-op available),SMP,True,"ENG4U/EAE4U, MHF4U, 2 of SPH4U/SCH4U/SBI4U","[{""n"": 1, ""options"": [""ENG4U"", ""EAE4U""]}, {""n"": 1, ""options"": [""MHF4U""]}, {""n"": 2, ""options"": [""SPH4U"", ""SCH4U"", ""SBI4U""]}]",[],70,70.0,,[],True,low 70s,70.0,73.0,,,False
197,TMU,Faculty of Science (Part-Time Degree),Computer Science (PT),SAE,True,"ENG4U/EAE4U, MHF4U, 1 of SPH4U/SCH4U/SBI4U","[{""n"": 1, ""options"": [""ENG4U"", ""EAE4U""]}, {""n"": 1, ""options"": [""MHF4U""]}, {""n"": 1, ""options"": [""SPH4U"", ""SCH4U"", ""SBI4U""]}]",[],70,70.0,,[],True,high 80s,87.0,89.0,,,False
198,TMU,Ted Rogers School of Management (Full-Time Degree),Accounting and Finance (regular),SBO,True,"ENG4U/EAE4U, MHF4U, MCV4U","[{""n"": 1, ""options"": [""ENG4U"", ""EAE4U""]}, {""n"": 1, ""options"": [""MHF4U""]}, {""n"": 1, ""options"": [""MCV4U""]}]",[],75 in all prerequisite courses,,75.0,[],True,mid 80s,84.0,86.0,,,False
199,TMU,Ted Rogers School of Management (Full-Time Degree),Accounting & Finance (Co-op),SQA,True,"ENG4U/EAE4U, MHF4U, MCV4U","[{""n"": 1, ""options"": [""ENG4U"", ""EAE4U""]}, {""n"": 1, ""options"": [""MHF4U""]}, {""n"": 1, ""options"": [""MCV4U""]}]",[],75 in all prerequisite courses,,75.0,[],True,mid 80s,84.0,86.0,,,False
200,TMU,Ted Rogers School of Management (Full-Time Degree),Business Management (regular),SBE,True,"ENG4U/EAE4U, 1 of MCV4U/MHF4U/MDM4U","[{""n"": 1, ""options"": [""ENG4U"", ""EAE4U""]}, {""n"": 1, ""options"": [""MCV4U"", ""MHF4U"", ""MDM4U""]}]",[],70,70.0,,[],True,high 70s,77.0,79.0,,,False
201,TMU,Ted Rogers School of Management (Full-Time Degree),Business Management (Co-op),SQB,True,"ENG4U/EAE4U, 1 of MCV4U/MHF4U/MDM4U","[{""n"": 1, ""options"": [""ENG4U"", ""EAE4U""]}, {""n"": 1, ""options"": [""MCV4U"", ""MHF4U"", ""MDM4U""]}]",[],70,70.0,,[],True,high 70s,77.0,79.0,,,False
202,TMU,Ted Rogers School of Management (Full-Time Degree),Business Technology Management (regular),SBB,True,"ENG4U/EAE4U, 1 of MCV4U/MHF4U/MDM4U","[{""n"": 1, ""options"": [""ENG4U"", ""EAE4U""]}, {""n"": 1, ""options"": [""MCV4U"", ""MHF4U"", ""MDM4U""]}]",[],70,70.0,,[],True,mid 80s,84.0,86.0,,,False
203,TMU,Ted Rogers School of Management (Full-Time Degree),Business Technology Management (Co-op),SQC,True,"ENG4U/EAE4U, 1 of MCV4U/MHF4U/MDM4U","[{""n"": 1, ""options"": [""ENG4U"", ""EAE4U""]}, {""n"": 1, ""options"": [""MCV4U"", ""MHF4U"", ""MDM4U""]}]",[],70,70.0,,[],True,mid 80s,84.0,86.0,,,False
204,TMU,Ted Rogers School of Management (Full-Time Degree),Hospitality and Tourism Management (regular),SHP,True,"ENG4U/EAE4U, 1 of MCV4U/MHF4U/MDM4U","[{""n"": 1, ""options"": [""ENG4U"", ""EAE4U""]}, {""n"": 1, ""options"": [""MCV4U"", ""MHF4U"", ""MDM4U""]}]",[],70,70.0,,[],True,low 70s,70.0,73.0,,,False
205,TMU,Ted Rogers School of Management (Full-Time Degree),Hospitality and Tourism Management (Co-op),SQD,True,"ENG4U/EAE4U, 1 of MCV4U/MHF4U/MDM4U","[{""n"": 1, ""options"": [""ENG4U"", ""EAE4U""]}, {""n"": 1, ""options"": [""MCV4U"", ""MHF4U"", ""MDM4U""]}]",[],70,70.0,,[],True,low 70s,70.0,73.0,,,False
206,TMU,Ted Rogers School of Management (Full-Time Degree),Retail Management (regular),SBR,True,"ENG4U/EAE4U, 1 of MCV4U/MHF4U/MDM4U","[{""n"": 1, ""options"": [""ENG4U"", ""EAE4U""]}, {""n"": 1, ""options"": [""MCV4U"", ""MHF4U"", ""MDM4U""]}]",[],70,70.0,,[],True,low 70s,70.0,73.0,,,False
207,TMU,Ted Rogers School of Management (Full-Time Degree),Retail Management (Co-op),SQE,True,"ENG4U/EAE4U, 1 of MCV4U/MHF4U/MDM4U","[{""n"": 1, ""options"": [""ENG4U"", ""EAE4U""]}, {""n"": 1, ""options"": [""MCV4U"", ""MHF4U"", ""MDM4U""]}]",[],70,70.0,,[],True,low 70s,70.0,73.0,,,False
208,TMU,Ted Rogers School of Management (Part-Time Degree),Business Management (PT),SDB,True,"ENG4U/EAE4U, 1 of MCV4U/MHF4U/MDM4U","[{""n"": 1, ""options"": [""ENG4U"", ""EAE4U""]}, {""n"": 1, ""options"": [""MCV4U"", ""MHF4U"", ""MDM4U""]}]",[],70,70.0,,[],True,high 70s,77.0,79.0,,,False
209,TMU,Ted Rogers School of Management (Part-Time Degree),Business Technology Management (PT),STM,True,"ENG4U/EAE4U, 1 of MCV4U/MHF4U/MDM4U","[{""n"": 1, ""options"": [""ENG4U"", ""EAE4U""]}, {""n"": 1, ""options"": [""MCV4U"", ""MHF4U"", ""MDM4U""]}]",[],70,70.0,,[],True,mid 80s,84.0,86.0,,,False
210,TMU,The Creative School (Full-Time Degree),Creative Industries,SCD,True,ENG4U/EAE4U,"[{""n"": 1, ""options"": [""ENG4U"", ""EAE4U""]}]",[],70 in ENG4U/EAE4U,,,"[{""course"": ""ENG4U"", ""min"": 70.0}, {""course"": ""EAE4U"", ""min"": 70.0}]",True,low 80s,80.0,83.0,,,False
211,TMU,The Creative School (Full-Time Degree),Fashion,SFF,True,ENG4U/EAE4U,"[{""n"": 1, ""options"": [""ENG4U"", ""EAE4U""]}]",[],70 in ENG4U/EAE4U,,,"[{""course"": ""ENG4U"", ""min"": 70.0}, {""course"": ""EAE4U"", ""min"": 70.0}]",True,high 70s,77.0,79.0,,,False
212,TMU,The Creative School (Full-Time Degree),Graphic Commun­ications Management,SGO,True,"ENG4U/EAE4U, 1 of MCF3M/MCR3U/MHF4U/MCV4U/MDM4U","[{""n"": 1, ""options"": [""ENG4U"", ""EAE4U""]}, {""n"": 1, ""options"": [""MCF3M"", ""MCR3U"", ""MHF4U"", ""MCV4U"", ""MDM4U""]}]",[],70,70.0,,[],True,mid 70s,74.0,76.0,,,False
213,TMU,The Creative School (Full-Time Degree),Image Arts - Film,SPA,True,ENG4U/EAE4U,"[{""n"": 1, ""options"": [""ENG4U"", ""EAE4U""]}]",[],70,70.0,,[],True,mid 70s,74.0,76.0,,,False
214,TMU,The Creative School (Full-Time Degree),Image Arts - Photography Media Arts,SPC,True,ENG4U/EAE4U,"[{""n"": 1, ""options"": [""ENG4U"", ""EAE4U""]}]",[],70,70.0,,[],True,mid 70s,74.0,76.0,,,False
215,TMU,The Creative School (Full-Time Degree),Interior Design (Co-op Available),SIR,True,"ENG4U/EAE4U, 1 of MCF3M/MCR3U/MHF4U/MCV4U/MDM4U","[{""n"": 1, ""options"": [""ENG4U"", ""EAE4U""]}, {""n"": 1, ""options"": [""MCF3M"", ""MCR3U"", ""MHF4U"", ""MCV4U"", ""MDM4U""]}]",[],"70 in ENG4U/EAE4U, 60 in MCF3M/MCR3U/MHF4U/MCV4U/MDM4U",,,"[{""course"": ""ENG4U"", ""min"": 70.0}, {""course"": ""EAE4U"", ""min"": 70.0}, {""course"": ""MCF3M"", ""min"": 60.0}, {""course"": ""MCR3U"", ""min"": 60.0}, {""course"": ""MHF4U"", ""min"": 60.0}, {""course"": ""MCV4U"", ""min"": 60.0}, {""course"": ""MDM4U"", ""min"": 60.0}]",True,mid 70s,74.0,76.0,,,False
216,TMU,The Creative School (Full-Time Degree),Journalism,SJT,True,ENG4U/EAE4U,"[{""n"": 1, ""options"": [""ENG4U"", ""EAE4U""]}]",[],70 in ENG4U/EAE4U,,,"[{""course"": ""ENG4U"", ""min"": 70.0}, {""course"": ""EAE4U"", ""min"": 70.0}]",True,mid 70s,74.0,76.0,,,False
217,TMU,The Creative School (Full-Time Degree),Media Production,SRD,True,ENG4U/EAE4U,"[{""n"": 1, ""options"": [""ENG4U"", ""EAE4U""]}]",[],70 in ENG4U/EAE4U,,,"[{""course"": ""ENG4U"", ""min"": 70.0}, {""course"": ""EAE4U"", ""min"": 70.0}]",True,mid 80s,84.0,86.0,,,False
218,TMU,The Creative School (Full-Time Degree),New Media,SPB,True,ENG4U/EAE4U,"[{""n"": 1, ""options"": [""ENG4U"", ""EAE4U""]}]",[],70 in ENG4U/EAE4U,,,"[{""course"": ""ENG4U"", ""min"": 70.0}, {""course"": ""EAE4U"", ""min"": 70.0}]",True,mid 70s,74.0,76.0,,,False
219,TMU,The Creative School (Full-Time Degree),Performance Acting,SDK,True,ENG4U/EAE4U,"[{""n"": 1, ""options"": [""ENG4U"", ""EAE4U""]}]",[],70 in ENG4U/EAE4U,,,"[{""course"": ""ENG4U"", ""min"": 70.0}, {""course"": ""EAE4U"", ""min"": 70.0}]",True,mid 70s,74.0,76.0,,,False
220,TMU,The Creative School (Full-Time Degree),Performance Dance,SDL,True,ENG4U/EAE4U,"[{""n"": 1, ""options"": [""ENG4U"", ""EAE4U""]}]",[],70 in ENG4U/EAE4U,,,"[{""course"": ""ENG4U"", ""min"": 70.0}, {""course"": ""EAE4U"", ""min"": 70.0}]",True,mid 70s,74.0,76.0,,,False
221,TMU,The Creative School (Full-Time Degree),Performance Production,SDM,True,ENG4U/EAE4U,"[{""n"": 1, ""options"": [""ENG4U"", ""EAE4U""]}]",[],70 in ENG4U/EAE4U,,,"[{""course"": ""ENG4U"", ""min"": 70.0}, {""course"": ""EAE4U"", ""min"": 70.0}]",True,low 70s,70.0,73.0,,,False
222,TMU,The Creative School (Full-Time Degree),Profes­sional Commun­ication,SMM,True,ENG4U/EAE4U,"[{""n"": 1, ""options"": [""ENG4U"", ""EAE4U""]}]",[],70 in ENG4U/EAE4U,,,"[{""course"": ""ENG4U"", ""min"": 70.0}, {""course"": ""EAE4U"", ""min"": 70.0}]",True,low 70s,70.0,73.0,,,False
223,TMU,The Creative School (Full-Time Degree),Profes­sional Music,SMU,True,ENG4U/EAE4U,"[{""n"": 1, ""options"": [""ENG4U"", ""EAE4U""]}]",[],70-75 in ENG4U/EAE4U,,,"[{""course"": ""ENG4U"", ""min"": 75.0}, {""course"": ""EAE4U"", ""min"": 75.0}]",True,low 80s,80.0,83.0,,,False
224,TMU,The Creative School (Full-Time Degree),Sport Media,SSP,True,ENG4U/EAE4U,"[{""n"": 1, ""options"": [""ENG4U"", ""EAE4U""]}]",[],70 in ENG4U/EAE4U,,,"[{""course"": ""ENG4U"", ""min"": 70.0}, {""course"": ""EAE4U"", ""min"": 70.0}]",True,high 80s,87.0,89.0,,,False
225,York University (Keele),"Faculty of Liberal Arts & Professional Studies (BA, iBA, BCom, BDEM, BHRM, BPA, BSW)",Business & Society (BA),YFD,False,ENG4U,"[{""n"": 1, ""options"": [""ENG4U""]}]",[],,,,[],False,mid 70s,74.0,76.0,,,False
226,York University (Keele),"Faculty of Liberal Arts & Professional Studies (BA, iBA, BCom, BDEM, BHRM, BPA, BSW)",Business Economics (BA),YBH,False,"ENG4U, MHF4U","[{""n"": 1, ""options"": [""ENG4U""]}, {""n"": 1, ""options"": [""MHF4U""]}]",[],,,,[],False,mid to high 70s,74.0,79.0,,,False
227,York University (Keele),"Faculty of Liberal Arts & Professional Studies (BA, iBA, BCom, BDEM, BHRM, BPA, BSW)",Commerce (BCom),YFB,False,"ENG4U, MHF4U","[{""n"": 1, ""options"": [""ENG4U""]}, {""n"": 1, ""options"": [""MHF4U""]}]",[],,,,[],False,low 80s,80.0,83.0,,,False
228,York University (Keele),"Faculty of Liberal Arts & Professional Studies (BA, iBA, BCom, BDEM, BHRM, BPA, BSW)",Disaster & Emergency Management (BDEM),YPJ,False,"ENG4U, 1 of MHF4U/MDM4U","[{""n"": 1, ""options"": [""ENG4U""]}, {""n"": 1, ""options"": [""MHF4U"", ""MDM4U""]}]",[],,,,[],False,mid 70s,74.0,76.0,,,False
229,York University (Keele),"Faculty of Liberal Arts & Professional Studies (BA, iBA, BCom, BDEM, BHRM, BPA, BSW)",Economics (BA),YFE,False,"ENG4U, MHF4U","[{""n"": 1, ""options"": [""ENG4U""]}, {""n"": 1, ""options"": [""MHF4U""]}]",[],,,,[],False,mid to high 70s,74.0,79.0,,,False
230,York University (Keele),"Faculty of Liberal Arts & Professional Studies (BA, iBA, BCom, BDEM, BHRM, BPA, BSW)",Financial & Business Economics (BA),YBK,False,"ENG4U, MHF4U","[{""n"": 1, ""options"": [""ENG4U""]}, {""n"": 1, ""options"": [""MHF4U""]}]",[],,,,[],False,mid 70s,74.0,76.0,,,False
231,York University (Keele),"Faculty of Liberal Arts & Professional Studies (BA, iBA, BCom, BDEM, BHRM, BPA, BSW)",Human Resources Management (BHRM),YFL,False,"ENG4U, 1 of MHF4U/MCV4U/MDM4U","[{""n"": 1, ""options"": [""ENG4U""]}, {""n"": 1, ""options"": [""MHF4U"", ""MCV4U"", ""MDM4U""]}]",[],,,,[],False,mid to high 70s,74.0,79.0,,,False
232,York University (Keele),"Faculty of Liberal Arts & Professional Studies (BA, iBA, BCom, BDEM, BHRM, BPA, BSW)",Information Technology (BA),YFM,False,"ENG4U, 1 of MHF4U/MCV4U/MDM4U","[{""n"": 1, ""options"": [""ENG4U""]}, {""n"": 1, ""options"": [""MHF4U"", ""MCV4U"", ""MDM4U""]}]",[],,,,[],False,mid 70s,74.0,76.0,,,False
233,York University (Keele),"Faculty of Liberal Arts & Professional Studies (BA, iBA, BCom, BDEM, BHRM, BPA, BSW)",Information Technology (BCom),YFW,False,"ENG4U, MHF4U","[{""n"": 1, ""options"": [""ENG4U""]}, {""n"": 1, ""options"": [""MHF4U""]}]",[],,,,[],False,low 80s,80.0,83.0,,,False
234,York University (Keele),"Faculty of Liberal Arts & Professional Studies (BA, iBA, BCom, BDEM, BHRM, BPA, BSW)","Children, Childhood and Youth Studies (BA)",YFX,False,ENG4U,"[{""n"": 1, ""options"": [""ENG4U""]}]",[],,,,[],False,mid 70s,74.0,76.0,,,False
235,York University (Keele),"Faculty of Liberal Arts & Professional Studies (BA, iBA, BCom, BDEM, BHRM, BPA, BSW)","History (BA, iBA)",YUC,False,ENG4U,"[{""n"": 1, ""options"": [""ENG4U""]}]",[],,,,[],False,mid to high 70s,74.0,79.0,,,False
236,York University (Keele),"Faculty of Liberal Arts & Professional Studies (BA, iBA, BCom, BDEM, BHRM, BPA, BSW)","Humanities (BA, iBA)",YUD,False,ENG4U,"[{""n"": 1, ""options"": [""ENG4U""]}]",[],,,,[],False,mid 70s,74.0,76.0,,,False
237,York University (Keele),"Faculty of Liberal Arts & Professional Studies (BA, iBA, BCom, BDEM, BHRM, BPA, BSW)",Jewish Studies (BA),YBO,False,ENG4U,"[{""n"": 1, ""options"": [""ENG4U""]}]",[],,,,[],False,mid 70s,74.0,76.0,,,False
238,York University (Keele),"Faculty of Liberal Arts & Professional Studies (BA, iBA, BCom, BDEM, BHRM, BPA, BSW)",Philosophy (BA),YRK,False,ENG4U,"[{""n"": 1, ""options"": [""ENG4U""]}]",[],,,,[],False,mid to high 70s,74.0,79.0,,,False
239,York University (Keele),"Faculty of Liberal Arts & Professional Studies (BA, iBA, BCom, BDEM, BHRM, BPA, BSW)",Religious Studies (BA),YRL,False,ENG4U,"[{""n"": 1, ""options"": [""ENG4U""]}]",[],,,,[],False,mid 70s,74.0,76.0,,,False
240,York University (Keele),"Faculty of Liberal Arts & Professional Studies (BA, iBA, BCom, BDEM, BHRM, BPA, BSW)","Undeclared Major (BA, First year only)",YUM,False,ENG4U,"[{""n"": 1, ""options"": [""ENG4U""]}]",[],,,,[],False,mid 70s,74.0,76.0,,,False
241,York University (Keele),"Faculty of Liberal Arts & Professional Studies (BA, iBA, BCom, BDEM, BHRM, BPA, BSW)",African Studies (BA),YAL,False,ENG4U,"[{""n"": 1, ""options"": [""ENG4U""]}]",[],,,,[],False,mid 70s,74.0,76.0,,,False
242,York University (Keele),"Faculty of Liberal Arts & Professional Studies (BA, iBA, BCom, BDEM, BHRM, BPA, BSW)",Classics & Classical Studies (BA: Choose from subject list),YRC,False,ENG4U,"[{""n"": 1, ""options"": [""ENG4U""]}]",[],,,,[],False,mid 70s,74.0,76.0,,,False
243,York University (Keele),"Faculty of Liberal Arts & Professional Studies (BA, iBA, BCom, BDEM, BHRM, BPA, BSW)",East Asian Studies (BA),YBE,False,ENG4U,"[{""n"": 1, ""options"": [""ENG4U""]}]",[],,,,[],False,mid 70s,74.0,76.0,,,False
244,York University (Keele),"Faculty of Liberal Arts & Professional Studies (BA, iBA, BCom, BDEM, BHRM, BPA, BSW)",English (BA),YUA,False,ENG4U,"[{""n"": 1, ""options"": [""ENG4U""]}]",[],,,,[],False,mid 70s,74.0,76.0,,,False
245,York University (Keele),"Faculty of Liberal Arts & Professional Studies (BA, iBA, BCom, BDEM, BHRM, BPA, BSW)",English & Profes­sional Writing (BA),YBF,False,ENG4U,"[{""n"": 1, ""options"": [""ENG4U""]}]",[],,,,[],False,mid 70s,74.0,76.0,,,False
246,York University (Keele),"Faculty of Liberal Arts & Professional Studies (BA, iBA, BCom, BDEM, BHRM, BPA, BSW)",Languages & Linguistics (BA: Choose from subject list),YFN,False,ENG4U or FRA4U,"[{""n"": 1, ""options"": [""ENG4U""]}, {""n"": 1, ""options"": [""FRA4U""]}]",[],,,,[],False,mid to high 70s,74.0,79.0,,,False
247,York University (Keele),"Faculty of Liberal Arts & Professional Studies (BA, iBA, BCom, BDEM, BHRM, BPA, BSW)",Profes­sional Writing (BA),YFP,False,ENG4U,"[{""n"": 1, ""options"": [""ENG4U""]}]",[],,,,[],False,mid 70s,74.0,76.0,,,False
248,York University (Keele),"Faculty of Liberal Arts & Professional Studies (BA, iBA, BCom, BDEM, BHRM, BPA, BSW)",Speech and Language Sciences (BA),YFU,False,"ENG4U, one of MHF4U, MCV4U, MDM4U","[{""n"": 1, ""options"": [""ENG4U""]}, {""n"": 1, ""options"": [""MHF4U""]}, {""n"": 1, ""options"": [""MCV4U""]}, {""n"": 1, ""options"": [""MDM4U""]}]",[],,,,[],False,low 80s,80.0,83.0,,,False
249,York University (Keele),"Faculty of Liberal Arts & Professional Studies (BA, iBA, BCom, BDEM, BHRM, BPA, BSW)",Criminology (BA),YFZ,False,ENG4U,"[{""n"": 1, ""options"": [""ENG4U""]}]",[],,,,[],False,low 80s,80.0,83.0,,,False
250,York University (Keele),"Faculty of Liberal Arts & Professional Studies (BA, iBA, BCom, BDEM, BHRM, BPA, BSW)",Global Political Studies (BA),YBG,False,ENG4U,"[{""n"": 1, ""options"": [""ENG4U""]}]",[],,,,[],False,mid 70s,74.0,76.0,,,False
251,York University (Keele),"Faculty of Liberal Arts & Professional Studies (BA, iBA, BCom, BDEM, BHRM, BPA, BSW)",Human Rights & Equity Studies (BA),YRD,False,ENG4U,"[{""n"": 1, ""options"": [""ENG4U""]}]",[],,,,[],False,mid 70s,74.0,76.0,,,False
252,York University (Keele),"Faculty of Liberal Arts & Professional Studies (BA, iBA, BCom, BDEM, BHRM, BPA, BSW)",Intern­ational Development Studies (BA),YRI,False,ENG4U,"[{""n"": 1, ""options"": [""ENG4U""]}]",[],,,,[],False,mid 70s,74.0,76.0,,,False
253,York University (Keele),"Faculty of Liberal Arts & Professional Studies (BA, iBA, BCom, BDEM, BHRM, BPA, BSW)",Law & Society (BA),YFT,False,ENG4U,"[{""n"": 1, ""options"": [""ENG4U""]}]",[],,,,[],False,mid to high 70s,74.0,79.0,,,False
254,York University (Keele),"Faculty of Liberal Arts & Professional Studies (BA, iBA, BCom, BDEM, BHRM, BPA, BSW)","Political Science (BA, iBA)",YUE,False,ENG4U,"[{""n"": 1, ""options"": [""ENG4U""]}]",[],,,,[],False,mid to high 70s,74.0,79.0,,,False
255,York University (Keele),"Faculty of Liberal Arts & Professional Studies (BA, iBA, BCom, BDEM, BHRM, BPA, BSW)","Public Admini­stration (BPA, Choose from subject list)",YPG,False,"ENG4U, one of MHF4U/MCV4U/MDM4U","[{""n"": 1, ""options"": [""ENG4U""]}, {""n"": 1, ""options"": [""MHF4U"", ""MCV4U"", ""MDM4U""]}]",[],,,,[],False,mid 70s,74.0,76.0,,,False
256,York University (Keele),"Faculty of Liberal Arts & Professional Studies (BA, iBA, BCom, BDEM, BHRM, BPA, BSW)","Anthro­pology (BA, iBA)",YRB,False,ENG4U,"[{""n"": 1, ""options"": [""ENG4U""]}]",[],,,,[],False,mid 70s,74.0,76.0,,,False
257,York University (Keele),"Faculty of Liberal Arts & Professional Studies (BA, iBA, BCom, BDEM, BHRM, BPA, BSW)",Cognitive Science (BA),YBJ,False,ENG4U,"[{""n"": 1, ""options"": [""ENG4U""]}]",[],,,,[],False,mid 70s,74.0,76.0,,,False
258,York University (Keele),"Faculty of Liberal Arts & Professional Studies (BA, iBA, BCom, BDEM, BHRM, BPA, BSW)","Commun­ication and Media Studies (BA, iBA)",YFF,False,ENG4U,"[{""n"": 1, ""options"": [""ENG4U""]}]",[],,,,[],False,mid 70s,74.0,76.0,,,False
259,York University (Keele),"Faculty of Liberal Arts & Professional Studies (BA, iBA, BCom, BDEM, BHRM, BPA, BSW)",Gender & Women's Studies (BA),YRF,False,ENG4U,"[{""n"": 1, ""options"": [""ENG4U""]}]",[],,,,[],False,mid to high 70s,74.0,79.0,,,False
260,York University (Keele),"Faculty of Liberal Arts & Professional Studies (BA, iBA, BCom, BDEM, BHRM, BPA, BSW)",Health & Society (BA),YRG,False,ENG4U,"[{""n"": 1, ""options"": [""ENG4U""]}]",[],,,,[],False,mid 70s,74.0,76.0,,,False
261,York University (Keele),"Faculty of Liberal Arts & Professional Studies (BA, iBA, BCom, BDEM, BHRM, BPA, BSW)",Indigenous Studies (BA),YI,False,ENG4U,"[{""n"": 1, ""options"": [""ENG4U""]}]",[],,,,[],False,mid 70s,74.0,76.0,,,False
262,York University (Keele),"Faculty of Liberal Arts & Professional Studies (BA, iBA, BCom, BDEM, BHRM, BPA, BSW)",Interd­isciplinary Social Science (BA),YRH,False,ENG4U,"[{""n"": 1, ""options"": [""ENG4U""]}]",[],,,,[],False,mid 70s,74.0,76.0,,,False
263,York University (Keele),"Faculty of Liberal Arts & Professional Studies (BA, iBA, BCom, BDEM, BHRM, BPA, BSW)","Sexuality Studies (BA, iBA)",YBN,False,ENG4U,"[{""n"": 1, ""options"": [""ENG4U""]}]",[],,,,[],False,mid to high 70s,74.0,79.0,,,False
264,York University (Keele),"Faculty of Liberal Arts & Professional Studies (BA, iBA, BCom, BDEM, BHRM, BPA, BSW)","Social Work (BSW, Direct Entry)",YFS,False,ENG4U,"[{""n"": 1, ""options"": [""ENG4U""]}]",[],,,,[],False,mid 80s,84.0,86.0,,,False
265,York University (Keele),"Faculty of Liberal Arts & Professional Studies (BA, iBA, BCom, BDEM, BHRM, BPA, BSW)",Sociology (BA),YUG,False,ENG4U,"[{""n"": 1, ""options"": [""ENG4U""]}]",[],,,,[],False,mid to high 70s,74.0,79.0,,,False
266,York University (Keele),"Faculty of Liberal Arts & Professional Studies (BA, iBA, BCom, BDEM, BHRM, BPA, BSW)",Work & Labour Studies (BA),YRM,False,ENG4U,"[{""n"": 1, ""options"": [""ENG4U""]}]",[],,,,[],False,mid 70s,74.0,76.0,,,False
267,York University (Keele),"School of the Arts, Media, Performance & Design (BA, BDes, BFA)",Cinema & Media Arts (BA),YEB,False,ENG4U,"[{""n"": 1, ""options"": [""ENG4U""]}]",[],,,,[],False,mid 70s,74.0,76.0,,,False
268,York University (Keele),"School of the Arts, Media, Performance & Design (BA, BDes, BFA)",Cinema & Media Arts - Media Arts (BFA),YJD,True,ENG4U,"[{""n"": 1, ""options"": [""ENG4U""]}]",[],,,,[],False,mid 80s,84.0,86.0,,,False
269,York University (Keele),"School of the Arts, Media, Performance & Design (BA, BDes, BFA)",Cinema & Media Arts - Production (BFA),YEA,True,ENG4U,"[{""n"": 1, ""options"": [""ENG4U""]}]",[],,,,[],False,mid 80s,84.0,86.0,,,False
270,York University (Keele),"School of the Arts, Media, Performance & Design (BA, BDes, BFA)",Cinema & Media Arts - Screen­writing (BFA),YEF,True,ENG4U,"[{""n"": 1, ""options"": [""ENG4U""]}]",[],,,,[],False,mid 80s,84.0,86.0,,,False
271,York University (Keele),"School of the Arts, Media, Performance & Design (BA, BDes, BFA)",Dance (BFA),YB,True,ENG4U,"[{""n"": 1, ""options"": [""ENG4U""]}]",[],,,,[],False,mid 70s,74.0,76.0,,,False
272,York University (Keele),"School of the Arts, Media, Performance & Design (BA, BDes, BFA)",Design (BDes),YD,True,ENG4U,"[{""n"": 1, ""options"": [""ENG4U""]}]",[],,,,[],False,mid 80s,84.0,86.0,,,False
273,York University (Keele),"School of the Arts, Media, Performance & Design (BA, BDes, BFA)",Digital Media (BA),YFA,False,"ENG4U, one of MHF4U/MCV4U/MDM4U","[{""n"": 1, ""options"": [""ENG4U""]}, {""n"": 1, ""options"": [""MHF4U"", ""MCV4U"", ""MDM4U""]}]",[],75 in one of MHF4U/MCV4U/MDM4U,,,[],False,mid 70s,74.0,76.0,,,False
274,York University (Keele),"School of the Arts, Media, Performance & Design (BA, BDes, BFA)",Integrative Arts (BFA),YJE,False,ENG4U,"[{""n"": 1, ""options"": [""ENG4U""]}]",[],,,,[],False,,,,,,False
275,York University (Keele),"School of the Arts, Media, Performance & Design (BA, BDes, BFA)",Music (BFA),YH,True,ENG4U,"[{""n"": 1, ""options"": [""ENG4U""]}]",[],,,,[],False,mid 70s,74.0,76.0,,,False
276,York University (Keele),"School of the Arts, Media, Performance & Design (BA, BDes, BFA)",Theatre (BA),YJ,False,ENG4U,"[{""n"": 1, ""options"": [""ENG4U""]}]",[],,,,[],False,mid 70s,74.0,76.0,,,False
277,York University (Keele),"School of the Arts, Media, Performance & Design (BA, BDes, BFA)",Theatre (Performance Creation) (BFA),YAB,True,ENG4U,"[{""n"": 1, ""options"": [""ENG4U""]}]",[],,,,[],False,mid 70s,74.0,76.0,,,False
278,York University (Keele),"School of the Arts, Media, Performance & Design (BA, BDes, BFA)",Visual Arts - Art History (BA),YN,False,ENG4U,"[{""n"": 1, ""options"": [""ENG4U""]}]",[],,,,[],False,mid 70s,74.0,76.0,,,False
279,York University (Keele),"School of the Arts, Media, Performance & Design (BA, BDes, BFA)",Visual Art - Studio Art (BFA),YM,True,ENG4U,"[{""n"": 1, ""options"": [""ENG4U""]}]",[],,,,[],False,mid 70s,74.0,76.0,,,False
280,York University (Keele),"Faculty of Education (BA, BEd)",Educational Studies (BA),YER,False,ENG4U,"[{""n"": 1, ""options"": [""ENG4U""]}]",[],,,,[],False,mid to high 70s,74.0,79.0,,,False
281,York University (Keele),"Faculty of Environmental and Urban Change (BA, BES, BSc)","Cities, Regions, Planning (BES)",YHV,False,ENG4U,"[{""n"": 1, ""options"": [""ENG4U""]}]",[],,,,[],False,mid to high 70s,74.0,79.0,,,False
282,York University (Keele),"Faculty of Environmental and Urban Change (BA, BES, BSc)",Enviro­nmental Arts and Justice (BES),YDF,False,ENG4U,"[{""n"": 1, ""options"": [""ENG4U""]}]",[],,,,[],False,mid to high 70s,74.0,79.0,,,False
283,York University (Keele),"Faculty of Environmental and Urban Change (BA, BES, BSc)",Enviro­nmental Science (BSc),YBS,False,"ENG4U, MHF4U, SCH4U, SBI4U, MCV4U","[{""n"": 1, ""options"": [""ENG4U""]}, {""n"": 1, ""options"": [""MHF4U""]}, {""n"": 1, ""options"": [""SCH4U""]}, {""n"": 1, ""options"": [""SBI4U""]}, {""n"": 1, ""options"": [""MCV4U""]}]",[],,,,[],False,high 70s to low 80s,77.0,83.0,,,False
284,York University (Keele),"Faculty of Environmental and Urban Change (BA, BES, BSc)",Global Geography (BA),YEY,False,ENG4U,"[{""n"": 1, ""options"": [""ENG4U""]}]",[],,,,[],False,mid to high 70s,74.0,79.0,,,False
285,York University (Keele),"Faculty of Environmental and Urban Change (BA, BES, BSc)",Sustainable Enviro­nmental Management (BES),YEZ,False,ENG4U,"[{""n"": 1, ""options"": [""ENG4U""]}]",[],,,,[],False,mid to high 70s,74.0,79.0,,,False
286,York University (Keele),"Faculty of Environmental and Urban Change (BA, BES, BSc)","Undeclared Major (BA, Environmental & Urban Change)",YBQ,False,ENG4U,"[{""n"": 1, ""options"": [""ENG4U""]}]",[],,,,[],False,mid to high 70s,74.0,79.0,,,False
287,York University (Keele),"Faculty of Health (BA, BHS, BSc, BScN)",Global Health (BA),YHS,False,ENG4U,"[{""n"": 1, ""options"": [""ENG4U""]}]",[],,,,[],False,mid to high 70s,74.0,79.0,,,False
288,York University (Keele),"Faculty of Health (BA, BHS, BSc, BScN)",Global Health (BSc),YHT,False,"ENG4U, one of MHF4U/MCV4U/MDM4U, one of SBI4U/SCH4U/SPH4U","[{""n"": 1, ""options"": [""ENG4U""]}, {""n"": 1, ""options"": [""MHF4U"", ""MCV4U"", ""MDM4U""]}, {""n"": 1, ""options"": [""SBI4U"", ""SCH4U"", ""SPH4U""]}]",[],,,,[],False,mid to high 70s,74.0,79.0,,,False
289,York University (Keele),"Faculty of Health (BA, BHS, BSc, BScN)","Health Policy, Management & Digital Health (BHS)",YHY,False,"ENG4U, one of MHF4U/MCV4U/MDM4U","[{""n"": 1, ""options"": [""ENG4U""]}, {""n"": 1, ""options"": [""MHF4U"", ""MCV4U"", ""MDM4U""]}]",[],,,,[],False,mid to high 70s,74.0,79.0,,,False
290,York University (Keele),"Faculty of Health (BA, BHS, BSc, BScN)",Health Studies (BHS),YHE,False,"ENG4U, one of MHF4U/MCV4U/MDM4U","[{""n"": 1, ""options"": [""ENG4U""]}, {""n"": 1, ""options"": [""MHF4U"", ""MCV4U"", ""MDM4U""]}]",[],,,,[],False,mid to high 70s,74.0,79.0,,,False
291,York University (Keele),"Faculty of Health (BA, BHS, BSc, BScN)",Kinesiology & Health Science (BA),YHC,False,"ENG4U, one of MHF4U/MCV4U/MDM4U, one of SBI4U/SCH4U/SPH4U","[{""n"": 1, ""options"": [""ENG4U""]}, {""n"": 1, ""options"": [""MHF4U"", ""MCV4U"", ""MDM4U""]}, {""n"": 1, ""options"": [""SBI4U"", ""SCH4U"", ""SPH4U""]}]",[],,,,[],False,high 70s to mid 80s,77.0,86.0,,,False
292,York University (Keele),"Faculty of Health (BA, BHS, BSc, BScN)",Kinesiology & Health Science (BSc),YHD,False,"ENG4U, one of MHF4U/MCV4U/MDM4U, one of SBI4U/SCH4U/SPH4U","[{""n"": 1, ""options"": [""ENG4U""]}, {""n"": 1, ""options"": [""MHF4U"", ""MCV4U"", ""MDM4U""]}, {""n"": 1, ""options"": [""SBI4U"", ""SCH4U"", ""SPH4U""]}]",[],,,,[],False,high 70s to mid 80s,77.0,86.0,,,False
293,York University (Keele),"Faculty of Health (BA, BHS, BSc, BScN)",Neuros­cience (BSc: Choose from subject list),YHU,False,"ENG4U, SBI4U, SCH4U, MHF4U","[{""n"": 1, ""options"": [""ENG4U""]}, {""n"": 1, ""options"": [""SBI4U""]}, {""n"": 1, ""options"": [""SCH4U""]}, {""n"": 1, ""options"": [""MHF4U""]}]",[],80 in all prerequisite courses,,80.0,[],True,low to mid 80s,80.0,86.0,,,False
294,York University (Keele),"Faculty of Health (BA, BHS, BSc, BScN)",Psychology (BA),YHA,False,ENG4U,"[{""n"": 1, ""options"": [""ENG4U""]}]",[],,,,[],False,mid to high 70s,74.0,79.0,,,False
295,York University (Keele),"Faculty of Health (BA, BHS, BSc, BScN)",Psychology (BSc),YHB,False,"ENG4U, 1 of MHF4U/MCV4U/MDM4U, 1 of SBI4U/SCH4U/SPH4U","[{""n"": 1, ""options"": [""ENG4U""]}, {""n"": 1, ""options"": [""MHF4U"", ""MCV4U"", ""MDM4U""]}, {""n"": 1, ""options"": [""SBI4U"", ""SCH4U"", ""SPH4U""]}]",[],,,,[],False,mid to high 70s,74.0,79.0,,,False
296,York University (Keele),"Lassonde School of Engineering (BA, iBA, BEng, BSc, iBSc)","Computer Science (BA, iBA) - including Co-op",YPK,False,"ENG4U, MHF4U, 1 of MCV4U/MDM4U","[{""n"": 1, ""options"": [""ENG4U""]}, {""n"": 1, ""options"": [""MHF4U""]}, {""n"": 1, ""options"": [""MCV4U"", ""MDM4U""]}]",[],,,,[],False,high 80s to low 90s,87.0,93.0,,,False
297,York University (Keele),"Lassonde School of Engineering (BA, iBA, BEng, BSc, iBSc)","Computer Science (BSc, iBSc) - including Co-op",YSG,False,"ENG4U, MHF4U, 1 of MCV4U/MDM4U, 1 of SCH4U/SPH4U","[{""n"": 1, ""options"": [""ENG4U""]}, {""n"": 1, ""options"": [""MHF4U""]}, {""n"": 1, ""options"": [""MCV4U"", ""MDM4U""]}, {""n"": 1, ""options"": [""SCH4U"", ""SPH4U""]}]",[],,,,[],False,high 80s to low 90s,87.0,93.0,,,False
298,York University (Keele),"Lassonde School of Engineering (BA, iBA, BEng, BSc, iBSc)",Computer Security (BA) - including Co-op,YPX,False,"ENG4U, MHF4U, 1 of MCV4U/MDM4U","[{""n"": 1, ""options"": [""ENG4U""]}, {""n"": 1, ""options"": [""MHF4U""]}, {""n"": 1, ""options"": [""MCV4U"", ""MDM4U""]}]",[],,,,[],False,high 80s to low 90s,87.0,93.0,,,False
299,York University (Keele),"Lassonde School of Engineering (BA, iBA, BEng, BSc, iBSc)",Computer Security (BSc) - including Co-op,YPR,False,"ENG4U, MHF4U, 1 of MCV4U/MDM4U, 1 of SCH4U/SPH4U","[{""n"": 1, ""options"": [""ENG4U""]}, {""n"": 1, ""options"": [""MHF4U""]}, {""n"": 1, ""options"": [""MCV4U"", ""MDM4U""]}, {""n"": 1, ""options"": [""SCH4U"", ""SPH4U""]}]",[],,,,[],False,high 80s to low 90s,87.0,93.0,,,False
300,York University (Keele),"Lassonde School of Engineering (BA, iBA, BEng, BSc, iBSc)",Digital Media (BA),YRA,False,"ENG4U, 1 of MHF4U/MCV4U/MDM4U","[{""n"": 1, ""options"": [""ENG4U""]}, {""n"": 1, ""options"": [""MHF4U"", ""MCV4U"", ""MDM4U""]}]",[],,,,[],False,mid 70s,74.0,76.0,,,False
301,York University (Keele),"Lassonde School of Engineering (BA, iBA, BEng, BSc, iBSc)",Earth & Atmospheric Science (BSc),YSE,False,"ENG4U, SPH4U, MHF4U, MCV4U","[{""n"": 1, ""options"": [""ENG4U""]}, {""n"": 1, ""options"": [""SPH4U""]}, {""n"": 1, ""options"": [""MHF4U""]}, {""n"": 1, ""options"": [""MCV4U""]}]",[],,,,[],False,mid 70s,74.0,76.0,,,False
302,York University (Keele),"Lassonde School of Engineering (BA, iBA, BEng, BSc, iBSc)",Engineering (BEng) - including Co-op,YT,False,"ENG4U, SCH4U, MHF4U, MCV4U, SPH4U","[{""n"": 1, ""options"": [""ENG4U""]}, {""n"": 1, ""options"": [""SCH4U""]}, {""n"": 1, ""options"": [""MHF4U""]}, {""n"": 1, ""options"": [""MCV4U""]}, {""n"": 1, ""options"": [""SPH4U""]}]",[],,,,[],False,low to mid 80s,80.0,86.0,,,False
303,York University (Keele),"Schulich School of Business (BBA, iBBA)",Business Admini­stration (BBA),YBA,True,"ENG4U, MHF4U, MCV4U","[{""n"": 1, ""options"": [""ENG4U""]}, {""n"": 1, ""options"": [""MHF4U""]}, {""n"": 1, ""options"": [""MCV4U""]}]",[],"70 in ENG4U, MHF4U",,,"[{""course"": ""ENG4U"", ""min"": 70.0}]",True,high 80s to low 90s,87.0,93.0,,,False
304,York University (Keele),"Faculty of Science (BA, BSc)",Bioche­mistry (BSc),YSF,False,"ENG4U, SBI4U, SCH4U, MHF4U, MCV4U","[{""n"": 1, ""options"": [""ENG4U""]}, {""n"": 1, ""options"": [""SBI4U""]}, {""n"": 1, ""options"": [""SCH4U""]}, {""n"": 1, ""options"": [""MHF4U""]}, {""n"": 1, ""options"": [""MCV4U""]}]",[],,,,[],False,low to mid 80s,80.0,86.0,,,False
305,York University (Keele),"Faculty of Science (BA, BSc)","Biology (BSc, iBSc)",YSB,False,"ENG4U, SBI4U, SCH4U, MHF4U","[{""n"": 1, ""options"": [""ENG4U""]}, {""n"": 1, ""options"": [""SBI4U""]}, {""n"": 1, ""options"": [""SCH4U""]}, {""n"": 1, ""options"": [""MHF4U""]}]",[],,,,[],False,low to mid 80s,80.0,86.0,,,False
306,York University (Keele),"Faculty of Science (BA, BSc)","Biomedical Science (BSc, iBSc)",YSW,False,"ENG4U, SBI4U, SCH4U, MHF4U","[{""n"": 1, ""options"": [""ENG4U""]}, {""n"": 1, ""options"": [""SBI4U""]}, {""n"": 1, ""options"": [""SCH4U""]}, {""n"": 1, ""options"": [""MHF4U""]}]",[],,,,[],False,low to mid 80s,80.0,86.0,,,False
307,York University (Keele),"Faculty of Science (BA, BSc)",Biomedical Physics (BSc),YPT,False,"ENG4U, SBI4U, SPH4U, MHF4U, MCV4U","[{""n"": 1, ""options"": [""ENG4U""]}, {""n"": 1, ""options"": [""SBI4U""]}, {""n"": 1, ""options"": [""SPH4U""]}, {""n"": 1, ""options"": [""MHF4U""]}, {""n"": 1, ""options"": [""MCV4U""]}]",[],,,,[],False,high 70s to mid 80s,77.0,86.0,,,False
308,York University (Keele),"Faculty of Science (BA, BSc)",Biotec­hnology (BSc),YSA,False,"ENG4U, SBI4U, SCH4U, MHF4U","[{""n"": 1, ""options"": [""ENG4U""]}, {""n"": 1, ""options"": [""SBI4U""]}, {""n"": 1, ""options"": [""SCH4U""]}, {""n"": 1, ""options"": [""MHF4U""]}]",[],,,,[],False,low to mid 80s,80.0,86.0,,,False
309,York University (Keele),"Faculty of Science (BA, BSc)",Enviro­nmental Biology (BSc),YPB,False,"ENG4U, SBI4U, SCH4U, MHF4U","[{""n"": 1, ""options"": [""ENG4U""]}, {""n"": 1, ""options"": [""SBI4U""]}, {""n"": 1, ""options"": [""SCH4U""]}, {""n"": 1, ""options"": [""MHF4U""]}]",[],,,,[],False,low to mid 80s,80.0,86.0,,,False
310,York University (Keele),"Faculty of Science (BA, BSc)",Enviro­nmental Science (BSc),YSV,False,"ENG4U, SBI4U, SCH4U, MHF4U, MCV4U","[{""n"": 1, ""options"": [""ENG4U""]}, {""n"": 1, ""options"": [""SBI4U""]}, {""n"": 1, ""options"": [""SCH4U""]}, {""n"": 1, ""options"": [""MHF4U""]}, {""n"": 1, ""options"": [""MCV4U""]}]",[],,,,[],False,high 70s to low 80s,77.0,83.0,,,False
311,York University (Keele),"Faculty of Science (BA, BSc)",Neuros­cience (BSc),YVA,False,"ENG4U, SBI4U, SCH4U, MHF4U","[{""n"": 1, ""options"": [""ENG4U""]}, {""n"": 1, ""options"": [""SBI4U""]}, {""n"": 1, ""options"": [""SCH4U""]}, {""n"": 1, ""options"": [""MHF4U""]}]",[],,,,[],False,low to mid 80s,80.0,86.0,,,False
312,York University (Keele),"Faculty of Science (BA, BSc)","Undecided Major (BSc, First year only)",YSU,False,"ENG4U, MHF4U, 1 of SCH4U/SBI4U/SPH4U","[{""n"": 1, ""options"": [""ENG4U""]}, {""n"": 1, ""options"": [""MHF4U""]}, {""n"": 1, ""options"": [""SCH4U"", ""SBI4U"", ""SPH4U""]}]",[],,,,[],False,low to mid 80s,80.0,86.0,,,False
313,York University (Keele),"Faculty of Science (BA, BSc)",Actuarial Science (BA),YPD,False,"ENG4U, MHF4U","[{""n"": 1, ""options"": [""ENG4U""]}, {""n"": 1, ""options"": [""MHF4U""]}]",[],,,,[],False,high 70s to mid 80s,77.0,86.0,,,False
314,York University (Keele),"Faculty of Science (BA, BSc)",Applied Mathematics (BA),YPM,False,"ENG4U, MHF4U","[{""n"": 1, ""options"": [""ENG4U""]}, {""n"": 1, ""options"": [""MHF4U""]}]",[],,,,[],False,high 70s to mid 80s,77.0,86.0,,,False
315,York University (Keele),"Faculty of Science (BA, BSc)",Applied Mathematics (BSc),YSM,False,"ENG4U, MHF4U, 1 of SCH4U/SBI4U/SPH4U","[{""n"": 1, ""options"": [""ENG4U""]}, {""n"": 1, ""options"": [""MHF4U""]}, {""n"": 1, ""options"": [""SCH4U"", ""SBI4U"", ""SPH4U""]}]",[],,,,[],False,high 70s to mid 80s,77.0,86.0,,,False
316,York University (Keele),"Faculty of Science (BA, BSc)",Data Science (BA),YYW,False,"ENG4U, MHF4U, MCV4U","[{""n"": 1, ""options"": [""ENG4U""]}, {""n"": 1, ""options"": [""MHF4U""]}, {""n"": 1, ""options"": [""MCV4U""]}]",[],75 in MHF4U,,,"[{""course"": ""MHF4U"", ""min"": 75.0}]",True,high 70s to mid 80s,77.0,86.0,,,False
317,York University (Keele),"Faculty of Science (BA, BSc)",Data Science (BSc),YYY,False,"ENG4U, MHF4U, MCV4U, 1 of SBI4U/SCH4U/SPH4U","[{""n"": 1, ""options"": [""ENG4U""]}, {""n"": 1, ""options"": [""MHF4U""]}, {""n"": 1, ""options"": [""MCV4U""]}, {""n"": 1, ""options"": [""SBI4U"", ""SCH4U"", ""SPH4U""]}]",[],76 in MHF4U,,,"[{""course"": ""MHF4U"", ""min"": 76.0}]",True,high 70s to mid 80s,77.0,86.0,,,False
318,York University (Keele),"Faculty of Science (BA, BSc)",Mathem­atical Biology (BSc),YRN,,,[],[],,,,[],False,,,,,,False
319,York University (Keele),"Faculty of Science (BA, BSc)",Mathematics (BA),YDD,False,"ENG4U, MHF4U","[{""n"": 1, ""options"": [""ENG4U""]}, {""n"": 1, ""options"": [""MHF4U""]}]",[],,,,[],False,high 70s to mid 80s,77.0,86.0,,,False
320,York University (Keele),"Faculty of Science (BA, BSc)",Mathematics (BSc),YDE,False,"ENG4U, MHF4U, MCV4U, 1 of SBI4U/SCH4U/SPH4U","[{""n"": 1, ""options"": [""ENG4U""]}, {""n"": 1, ""options"": [""MHF4U""]}, {""n"": 1, ""options"": [""MCV4U""]}, {""n"": 1, ""options"": [""SBI4U"", ""SCH4U"", ""SPH4U""]}]",[],,,,[],False,high 70s to mid 80s,77.0,86.0,,,False
321,York University (Keele),"Faculty of Science (BA, BSc)",Mathematics for Education (BA),YPE,False,"ENG4U, MHF4U","[{""n"": 1, ""options"": [""ENG4U""]}, {""n"": 1, ""options"": [""MHF4U""]}]",[],,,,[],False,high 70s to mid 80s,77.0,86.0,,,False
322,York University (Keele),"Faculty of Science (BA, BSc)",Mathematics for Education (BSc),YPQ,False,"ENG4U, MHF4U, MCV4U, 1 of SBI4U/SCH4U/SPH4U","[{""n"": 1, ""options"": [""ENG4U""]}, {""n"": 1, ""options"": [""MHF4U""]}, {""n"": 1, ""options"": [""MCV4U""]}, {""n"": 1, ""options"": [""SBI4U"", ""SCH4U"", ""SPH4U""]}]",[],,,,[],False,high 70s to mid 80s,77.0,86.0,,,False
323,York University (Keele),"Faculty of Science (BA, BSc)",Statistics (BA),YPN,False,"ENG4U, MHF4U","[{""n"": 1, ""options"": [""ENG4U""]}, {""n"": 1, ""options"": [""MHF4U""]}]",[],,,,[],False,high 70s to mid 80s,77.0,86.0,,,False
324,York University (Keele),"Faculty of Science (BA, BSc)",Statistics (BSc),YMS,False,"ENG4U, MHF4U, MCV4U, 1 of SBI4U/SCH4U/SPH4U","[{""n"": 1, ""options"": [""ENG4U""]}, {""n"": 1, ""options"": [""MHF4U""]}, {""n"": 1, ""options"": [""MCV4U""]}, {""n"": 1, ""options"": [""SBI4U"", ""SCH4U"", ""SPH4U""]}]",[],,,,[],False,high 70s to mid 80s,77.0,86.0,,,False
325,York University (Keele),"Faculty of Science (BA, BSc)",Chemistry (BSc: Choose from subject list),YSC,False,"ENG4U, MHF4U, SCH4U, 1 of SBI4U/SPH4U/SES4U","[{""n"": 1, ""options"": [""ENG4U""]}, {""n"": 1, ""options"": [""MHF4U""]}, {""n"": 1, ""options"": [""SCH4U""]}, {""n"": 1, ""options"": [""SBI4U"", ""SPH4U"", ""SES4U""]}]",[],,,,[],False,high 70s to mid 80s,77.0,86.0,,,False
326,York University (Keele),"Faculty of Science (BA, BSc)",Physics & Astronomy (BSc: Choose from subject list),YSP,False,"ENG4U, SPH4U, MHF4U, MCV4U","[{""n"": 1, ""options"": [""ENG4U""]}, {""n"": 1, ""options"": [""SPH4U""]}, {""n"": 1, ""options"": [""MHF4U""]}, {""n"": 1, ""options"": [""MCV4U""]}]",[],,,,[],False,high 70s to mid 80s,77.0,86.0,,,False
327,York University (Keele),"Faculty of Science (BA, BSc)","Science, Technology and Society (BA)",YPO,False,"ENG4U, 1 of SBI4U/SPH4U/SCH4U","[{""n"": 1, ""options"": [""ENG4U""]}, {""n"": 1, ""options"": [""SBI4U"", ""SPH4U"", ""SCH4U""]}]",[],,,,[],False,high 70s to mid 80s,77.0,86.0,,,False
328,York University (Keele),"Faculty of Science (BA, BSc)","Science, Technology and Society (BSc)",YSO,False,"ENG4U, MHF4U, 1 of SBI4U/SPH4U/SCH4U","[{""n"": 1, ""options"": [""ENG4U""]}, {""n"": 1, ""options"": [""MHF4U""]}, {""n"": 1, ""options"": [""SBI4U"", ""SPH4U"", ""SCH4U""]}]",[],,,,[],False,high 70s to mid 80s,77.0,86.0,,,False
329,York University (Glendon),"Faculty of Science (BA, BSc)",Business Economics (BA) /​ Économie et commerce (B.A.),YGE,False,"MHF4U, MCV4U, 4U French","[{""n"": 1, ""options"": [""MHF4U""]}, {""n"": 1, ""options"": [""MCV4U""]}, {""n"": 1, ""options"": [], ""any_senior"": true, ""description"": ""4U French""}]",[],,,,[],False,mid to high 70s,74.0,79.0,,,False
330,York University (Glendon),"Faculty of Science (BA, BSc)",Commun­ications (BA) /​ Commun­ications (B.A.),YYT,False,ENG4U,"[{""n"": 1, ""options"": [""ENG4U""]}]",[],,,,[],False,mid to high 70s,74.0,79.0,,,False
331,York University (Glendon),"Faculty of Science (BA, BSc)",Economics (BA) /​ Science économique (B.A.),YGK,False,"MHF4U, MCV4U, 4U French","[{""n"": 1, ""options"": [""MHF4U""]}, {""n"": 1, ""options"": [""MCV4U""]}, {""n"": 1, ""options"": [], ""any_senior"": true, ""description"": ""4U French""}]",[],,,,[],False,mid to high 70s,74.0,79.0,,,False
332,York University (Glendon),"Faculty of Science (BA, BSc)",English (BA) /​ Anglais (B.A.),YGN,False,ENG4U,"[{""n"": 1, ""options"": [""ENG4U""]}]",[],,,,[],False,mid to high 70s,74.0,79.0,,,False
333,York University (Glendon),"Faculty of Science (BA, BSc)",Ethics and Political Philosophy (BA) /​ Éthique et philosophie politique (B.A.),YYQ,False,1 of ENG4U/FRA4U,"[{""n"": 1, ""options"": [""ENG4U"", ""FRA4U""]}]",[],,,,[],False,mid to high 70s,74.0,79.0,,,False
334,York University (Glendon),"Faculty of Science (BA, BSc)","First Year Exploration (BA, first year only) /​ Première année explor­atoire (B.A., première année seulement)",YGM,False,1 of ENG4U/FRA4U,"[{""n"": 1, ""options"": [""ENG4U"", ""FRA4U""]}]",[],,,,[],False,mid to high 70s,74.0,79.0,,,False
335,York University (Glendon),"Faculty of Science (BA, BSc)",French Studies (BA) /​ Études françaises (B.A.),YGF,False,1 of ENG4U/FRA4U,"[{""n"": 1, ""options"": [""ENG4U"", ""FRA4U""]}]",[],,,,[],False,mid to high 70s,74.0,79.0,,,False
336,York University (Glendon),"Faculty of Science (BA, BSc)",Global History and Justice (BA) /​ Histoire mondiale et justice (B.A.),YYA,False,1 of ENG4U/FRA4U,"[{""n"": 1, ""options"": [""ENG4U"", ""FRA4U""]}]",[],,,,[],False,mid to high 70s,74.0,79.0,,,False
337,York University (Glendon),"Faculty of Science (BA, BSc)",Intern­ational Studies (BA) /​ Études intern­ationales (B.A.),YGI,False,1 of ENG4U/FRA4U,"[{""n"": 1, ""options"": [""ENG4U"", ""FRA4U""]}]",[],,,,[],False,mid to high 70s,74.0,79.0,,,False
338,York University (Glendon),"Faculty of Science (BA, BSc)",Intern­ational Studies & Business Admini­stration (Dual Degree) /​ Études intern­ationales et admini­stration des affaires (Double diplôme),YYU,True,"1 of ENG4U/FRA4U, MHF4U, 1 of MCV4U/MDM4U","[{""n"": 1, ""options"": [""ENG4U"", ""FRA4U""]}, {""n"": 1, ""options"": [""MHF4U""]}, {""n"": 1, ""options"": [""MCV4U"", ""MDM4U""]}]",[],,,,[],False,mid to high 70s,74.0,79.0,,,False
339,York University (Glendon),"Faculty of Science (BA, BSc)","Linguistics & Language and Society (BA) /​ Lingui­stique, langue et société (B.A.)",YGW,False,1 of ENG4U/FRA4U,"[{""n"": 1, ""options"": [""ENG4U"", ""FRA4U""]}]",[],,,,[],False,mid to high 70s,74.0,79.0,,,False
340,York University (Glendon),"Faculty of Science (BA, BSc)",Mathematics (BA) /​ Mathématiques (B.A.),YYP,False,"1 of ENG4U/FRA4U, MHF4U","[{""n"": 1, ""options"": [""ENG4U"", ""FRA4U""]}, {""n"": 1, ""options"": [""MHF4U""]}]",[],,,,[],False,mid to high 70s,74.0,79.0,,,False
341,York University (Glendon),"Faculty of Science (BA, BSc)",Political Science (BA) /​ Sciences politique (B.A.),YGQ,False,1 of ENG4U/FRA4U,"[{""n"": 1, ""options"": [""ENG4U"", ""FRA4U""]}]",[],,,,[],False,mid to high 70s,74.0,79.0,,,False
342,York University (Glendon),"Faculty of Science (BA, BSc)",Psychology (BA) /​ Psychologie (B.A.),YGY,False,1 of ENG4U/FRA4U,"[{""n"": 1, ""options"": [""ENG4U"", ""FRA4U""]}]",[],,,,[],False,mid to high 70s,74.0,79.0,,,False
343,York University (Glendon),"Faculty of Science (BA, BSc)",Sociology (BA) /​ Sociologie (B.A.),YYC,False,1 of ENG4U/FRA4U,"[{""n"": 1, ""options"": [""ENG4U"", ""FRA4U""]}]",[],,,,[],False,mid to high 70s,74.0,79.0,,,False
344,York University (Glendon),"Faculty of Science (BA, BSc)",Spanish and Latin American Cultures & Societies (BA) /​ Cultures et sociétés d'Espagne et d'Amérique Latine (B.A.),YGP,False,1 of ENG4U/FRA4U,"[{""n"": 1, ""options"": [""ENG4U"", ""FRA4U""]}]",[],,,,[],False,mid to high 70s,74.0,79.0,,,False
345,York University (Glendon),"Faculty of Science (BA, BSc)",Profes­sional Translation (BA) /​ Traduction profes­sionnelle (B.A.),YGL,False,"ENG4U, FRA4U","[{""n"": 1, ""options"": [""ENG4U""]}, {""n"": 1, ""options"": [""FRA4U""]}]",[],,,,[],False,mid to high 70s,74.0,79.0,,,False
346,York University (Glendon),"Faculty of Science (BA, BSc)","Profes­sional Translation (Accelerated BA, iBA) /​ Traduction profes­sionnelle (Bacc accéléré)",YGR,,,[],[],,,,[],False,,,,,,False
347,York University (Glendon),"Faculty of Science (BA, BSc)",Biology (BSc) /​ Biologie (B.Sc.),YYF,False,"1 of ENG4U/FRA4U, MHF4U, SBI4U, SCH4U","[{""n"": 1, ""options"": [""ENG4U"", ""FRA4U""]}, {""n"": 1, ""options"": [""MHF4U""]}, {""n"": 1, ""options"": [""SBI4U""]}, {""n"": 1, ""options"": [""SCH4U""]}]",[],,,,[],False,low to mid 80s,80.0,86.0,,,False
348,York University (Glendon),"Faculty of Science (BA, BSc)",Psychology (BSc) /​ Psychologie (B.Sc.),YYH,False,"1 of ENG4U/FRA4U, 1 of MCV4U/MDM4U/MHF4U, 1 of SCH4U/SPH4U","[{""n"": 1, ""options"": [""ENG4U"", ""FRA4U""]}, {""n"": 1, ""options"": [""MCV4U"", ""MDM4U"", ""MHF4U""]}, {""n"": 1, ""options"": [""SCH4U"", ""SPH4U""]}]",[],,,,[],False,mid to high 70s,74.0,79.0,,,False
349,York University (Glendon),"Faculty of Science (BA, BSc)",Intern­ational Studies & Business Admini­stration (Dual Degree) /​ Études intern­ationales et admini­stration des affaires (Double diplôme),YYU,True,"1 of ENG4U/FRA4U, MHF4U, 1 of MCV4U/MDM4U","[{""n"": 1, ""options"": [""ENG4U"", ""FRA4U""]}, {""n"": 1, ""options"": [""MHF4U""]}, {""n"": 1, ""options"": [""MCV4U"", ""MDM4U""]}]",[],,,,[],False,mid to high 70s,74.0,79.0,,,False
350,York University (Markham),Faculty of Liberal Arts & Professional Studies,Commerce (Entrep­reneurship and Innovation) (BCom)(Direct Entry only),YMC,,,[],[],,,,[],False,,,,,,False
351,York University (Markham),Faculty of Liberal Arts & Professional Studies,"Commun­ication & Media Studies (Commun­ication, Social Media & Public Relations) (BA)",YMD,False,ENG4U,"[{""n"": 1, ""options"": [""ENG4U""]}]",[],,,,[],False,mid to high 70s,74.0,79.0,,,False
352,York University (Markham),Faculty of Liberal Arts & Professional Studies,Financial Techno­logies (BSc) (Direct Entry only),YMB,False,"ENG4U, MHF4U, 1 of SCH4U/SBI4U/SPH4U","[{""n"": 1, ""options"": [""ENG4U""]}, {""n"": 1, ""options"": [""MHF4U""]}, {""n"": 1, ""options"": [""SCH4U"", ""SBI4U"", ""SPH4U""]}]",[],,,,[],False,low 80s,80.0,83.0,,,False
353,York University (Markham),Faculty of Liberal Arts & Professional Studies,Sport Management (BSM) (Direct Entry only),YMA,False,"ENG4U, 1 of MHF4U/MDM4U","[{""n"": 1, ""options"": [""ENG4U""]}, {""n"": 1, ""options"": [""MHF4U"", ""MDM4U""]}]",[],,,,[],False,low 80s,80.0,83.0,,,False
354,York University (Markham),"School of the Arts, Media, Performance & Design",Creative Techno­logies (BFA)(Direct Entry only),YME,False,ENG4U,"[{""n"": 1, ""options"": [""ENG4U""]}]",[],,,,[],False,mid to high 70s,74.0,79.0,,,False
355,York University (Markham),Lassonde School of Engineering,Computer Science for Software Development (BASc)(Direct Entry only),YMF,False,"ENG4U, MHF4U, 1 of SBI4U/SPH4U/SCH4U","[{""n"": 1, ""options"": [""ENG4U""]}, {""n"": 1, ""options"": [""MHF4U""]}, {""n"": 1, ""options"": [""SBI4U"", ""SPH4U"", ""SCH4U""]}]",[],,,,[],False,high 80s to low 90s,87.0,93.0,,,False
356,York University (Markham),Lassonde School of Engineering,Digital Techno­logies (BASc),YTA,False,"ENG4U, MHF4U","[{""n"": 1, ""options"": [""ENG4U""]}, {""n"": 1, ""options"": [""MHF4U""]}]",[],,,,[],False,,,,,,False
357,York University (Markham),Lassonde School of Engineering,First Year Engineering Core Program (Direct Entry only),YMG,False,"ENG4U, MHF4U, MCV4U, SCH4U, SPH4U","[{""n"": 1, ""options"": [""ENG4U""]}, {""n"": 1, ""options"": [""MHF4U""]}, {""n"": 1, ""options"": [""MCV4U""]}, {""n"": 1, ""options"": [""SCH4U""]}, {""n"": 1, ""options"": [""SPH4U""]}]",[],,,,[],False,mid to high 80s,84.0,89.0,,,False
358,York University (Markham),Faculty of Science,First Year Science Program,YMH,False,"ENG4U, MHF4U, 1 of SBI4U/SPH4U/SCH4U","[{""n"": 1, ""options"": [""ENG4U""]}, {""n"": 1, ""options"": [""MHF4U""]}, {""n"": 1, ""options"": [""SBI4U"", ""SPH4U"", ""SCH4U""]}]",[],,,,[],False,low 80s,80.0,83.0,,,False
359,Queen's University,Faculty of Arts and Science,Arts,QA,False,ENG4U,"[{""n"": 1, ""options"": [""ENG4U""]}]",[],,,,[],False,low 80s,80.0,83.0,,,False
360,Queen's University,Faculty of Arts and Science,Concurrent Education/​Arts,QB,False,ENG4U,"[{""n"": 1, ""options"": [""ENG4U""]}]",[],,,,[],False,high 80s,87.0,89.0,,,False
361,Queen's University,Faculty of Arts and Science,Concurrent Education/​French,QBF,False,ENG4U,"[{""n"": 1, ""options"": [""ENG4U""]}]",[],,,,[],False,,,,,,False
362,Queen's University,Faculty of Arts and Science,Computing,QD,False,"ENG4U, MHF4U, MCV4U","[{""n"": 1, ""options"": [""ENG4U""]}, {""n"": 1, ""options"": [""MHF4U""]}, {""n"": 1, ""options"": [""MCV4U""]}]",[],,,,[],False,mid 80s,84.0,86.0,,,False
363,Queen's University,Faculty of Arts and Science,Kinesiology,QK,False,"ENG4U, MHF4U, SBI4U, 2 of MCV4U/SCH4U/SPH4U","[{""n"": 1, ""options"": [""ENG4U""]}, {""n"": 1, ""options"": [""MHF4U""]}, {""n"": 1, ""options"": [""SBI4U""]}, {""n"": 2, ""options"": [""MCV4U"", ""SCH4U"", ""SPH4U""]}]",[],,,,[],False,mid 80s,84.0,86.0,,,False
364,Queen's University,Faculty of Arts and Science,Life Sciences and Bioche­mistry,QL,False,"ENG4U, MHF4U, MCV4U, 2 of SBI4U/SCH4U/SPH4U","[{""n"": 1, ""options"": [""ENG4U""]}, {""n"": 1, ""options"": [""MHF4U""]}, {""n"": 1, ""options"": [""MCV4U""]}, {""n"": 2, ""options"": [""SBI4U"", ""SCH4U"", ""SPH4U""]}]",[],,,,[],False,low 90s,90.0,93.0,,,False
365,Queen's University,Faculty of Arts and Science,Music,QM,True,ENG4U,"[{""n"": 1, ""options"": [""ENG4U""]}]",[],,,,[],False,low 80s,80.0,83.0,,,False
366,Queen's University,Faculty of Arts and Science,Concurrent Education/​Music,QMM,True,ENG4U,"[{""n"": 1, ""options"": [""ENG4U""]}]",[],,,,[],False,low 80s,80.0,83.0,,,False
367,Queen's University,Faculty of Arts and Science,Music Theatre,QMT,True,ENG4U,"[{""n"": 1, ""options"": [""ENG4U""]}]",[],,,,[],False,low 80s,80.0,83.0,,,False
368,Queen's University,Faculty of Arts and Science,Science,QS,False,"ENG4U, MHF4U, MCV4U, 2 of SBI4U/SCH4U/SPH4U","[{""n"": 1, ""options"": [""ENG4U""]}, {""n"": 1, ""options"": [""MHF4U""]}, {""n"": 1, ""options"": [""MCV4U""]}, {""n"": 2, ""options"": [""SBI4U"", ""SCH4U"", ""SPH4U""]}]",[],,,,[],False,low 80s,80.0,83.0,,,False
369,Queen's University,Faculty of Arts and Science,Concurrent Education/​Science,QF,False,"ENG4U, MHF4U, MCV4U, 2 of SBI4U/SCH4U/SPH4U","[{""n"": 1, ""options"": [""ENG4U""]}, {""n"": 1, ""options"": [""MHF4U""]}, {""n"": 1, ""options"": [""MCV4U""]}, {""n"": 2, ""options"": [""SBI4U"", ""SCH4U"", ""SPH4U""]}]",[],,,,[],False,low 80s,80.0,83.0,,,False
370,Queen's University,Smith School of Business,Smith Commerce,QC,True,"ENG4U, MCV4U, one of MHF4U/MDM4U","[{""n"": 1, ""options"": [""ENG4U""]}, {""n"": 1, ""options"": [""MCV4U""]}, {""n"": 1, ""options"": [""MHF4U"", ""MDM4U""]}]",[],80 in all prerequisite courses,,80.0,[],True,87+,87.0,87.0,,,False
371,Queen's University,Smith Engineering,Smith Engineering - Common First Year,QE,True,"ENG4U, MCV4U, SCH4U, SPH4U, MHF4U","[{""n"": 1, ""options"": [""ENG4U""]}, {""n"": 1, ""options"": [""MCV4U""]}, {""n"": 1, ""options"": [""SCH4U""]}, {""n"": 1, ""options"": [""SPH4U""]}, {""n"": 1, ""options"": [""MHF4U""]}]",[],,,,[],False,mid 80s,84.0,86.0,,,False
372,Queen's University,Smith Engineering,Smith Engineering - Direct Entry Computer Engineering,QEC,True,"ENG4U, MCV4U, SCH4U, SPH4U, MHF4U","[{""n"": 1, ""options"": [""ENG4U""]}, {""n"": 1, ""options"": [""MCV4U""]}, {""n"": 1, ""options"": [""SCH4U""]}, {""n"": 1, ""options"": [""SPH4U""]}, {""n"": 1, ""options"": [""MHF4U""]}]",[],,,,[],False,high 80s,87.0,89.0,,,False
373,Queen's University,Smith Engineering,Smith Engineering - Direct Entry Mechat­ronics and Robotics Engineering,QEM,True,"ENG4U, MCV4U, SCH4U, SPH4U, MHF4U","[{""n"": 1, ""options"": [""ENG4U""]}, {""n"": 1, ""options"": [""MCV4U""]}, {""n"": 1, ""options"": [""SCH4U""]}, {""n"": 1, ""options"": [""SPH4U""]}, {""n"": 1, ""options"": [""MHF4U""]}]",[],,,,[],False,high 80s,87.0,89.0,,,False
374,Queen's University,Faculty of Health Sciences,Health Sciences,QH,True,"ENG4U, SBI4U, SCH4U, 1 of MHF4U/MCV4U/MDM4U","[{""n"": 1, ""options"": [""ENG4U""]}, {""n"": 1, ""options"": [""SBI4U""]}, {""n"": 1, ""options"": [""SCH4U""]}, {""n"": 1, ""options"": [""MHF4U"", ""MCV4U"", ""MDM4U""]}]",[],80 in ENG4U,,,"[{""course"": ""ENG4U"", ""min"": 80.0}]",True,low 90s,90.0,93.0,,,False
375,Queen's University,Faculty of Health Sciences,Nursing,QN,True,"ENG4U, SBI4U, SCH4U, 1 of MHF4U/MCV4U/MDM4U","[{""n"": 1, ""options"": [""ENG4U""]}, {""n"": 1, ""options"": [""SBI4U""]}, {""n"": 1, ""options"": [""SCH4U""]}, {""n"": 1, ""options"": [""MHF4U"", ""MCV4U"", ""MDM4U""]}]",[],75 in ENG4U,,,"[{""course"": ""ENG4U"", ""min"": 75.0}]",True,low 90s,90.0,93.0,,,False
376,Queen's University,Faculty of Health Sciences,Online Degree - Bachelor of Health Sciences,QHO,,,[],[],,,,[],False,,,,,,False
377,OCAD University,Faculty of Health Sciences,Advertising,HAD,True,1 of ENG4U/EAE4U,"[{""n"": 1, ""options"": [""ENG4U"", ""EAE4U""]}]",[],"70 in ENG4U/EAE4U, overall academic average of 70%",70.0,,"[{""course"": ""ENG4U"", ""min"": 70.0}, {""course"": ""EAE4U"", ""min"": 70.0}]",True,,,,,,False
378,OCAD University,Faculty of Health Sciences,Creative Writing,HWC,True,1 of ENG4U/EAE4U,"[{""n"": 1, ""options"": [""ENG4U"", ""EAE4U""]}]",[],"70 in ENG4U/EAE4U, overall academic average of 70%",70.0,,"[{""course"": ""ENG4U"", ""min"": 70.0}, {""course"": ""EAE4U"", ""min"": 70.0}]",True,,,,,,False
379,OCAD University,Faculty of Health Sciences,Criticism & Curatorial Practice,HCP,True,1 of ENG4U/EAE4U,"[{""n"": 1, ""options"": [""ENG4U"", ""EAE4U""]}]",[],"70 in ENG4U/EAE4U, overall academic average of 70%",70.0,,"[{""course"": ""ENG4U"", ""min"": 70.0}, {""course"": ""EAE4U"", ""min"": 70.0}]",True,,,,,,False
380,OCAD University,Faculty of Health Sciences,Digital Futures,HDF,True,1 of ENG4U/EAE4U,"[{""n"": 1, ""options"": [""ENG4U"", ""EAE4U""]}]",[],"70 in ENG4U/EAE4U, overall academic average of 70%",70.0,,"[{""course"": ""ENG4U"", ""min"": 70.0}, {""course"": ""EAE4U"", ""min"": 70.0}]",True,,,,,,False
381,OCAD University,Faculty of Health Sciences,Drawing & Painting,HDP,True,1 of ENG4U/EAE4U,"[{""n"": 1, ""options"": [""ENG4U"", ""EAE4U""]}]",[],"70 in ENG4U/EAE4U, overall academic average of 70%",70.0,,"[{""course"": ""ENG4U"", ""min"": 70.0}, {""course"": ""EAE4U"", ""min"": 70.0}]",True,,,,,,False
382,OCAD University,Faculty of Health Sciences,Enviro­nmental Design,HED,True,1 of ENG4U/EAE4U,"[{""n"": 1, ""options"": [""ENG4U"", ""EAE4U""]}]",[],"70 in ENG4U/EAE4U, overall academic average of 70%",70.0,,"[{""course"": ""ENG4U"", ""min"": 70.0}, {""course"": ""EAE4U"", ""min"": 70.0}]",True,,,,,,False
383,OCAD University,Faculty of Health Sciences,Experi­mental Animation,HXN,True,1 of ENG4U/EAE4U,"[{""n"": 1, ""options"": [""ENG4U"", ""EAE4U""]}]",[],"70 in ENG4U/EAE4U, overall academic average of 70%",70.0,,"[{""course"": ""ENG4U"", ""min"": 70.0}, {""course"": ""EAE4U"", ""min"": 70.0}]",True,,,,,,False
384,OCAD University,Faculty of Health Sciences,Graphic Design,HGD,True,1 of ENG4U/EAE4U,"[{""n"": 1, ""options"": [""ENG4U"", ""EAE4U""]}]",[],"70 in ENG4U/EAE4U, overall academic average of 70%",70.0,,"[{""course"": ""ENG4U"", ""min"": 70.0}, {""course"": ""EAE4U"", ""min"": 70.0}]",True,,,,,,False
385,OCAD University,Faculty of Health Sciences,Illust­ration,HIL,True,1 of ENG4U/EAE4U,"[{""n"": 1, ""options"": [""ENG4U"", ""EAE4U""]}]",[],"70 in ENG4U/EAE4U, overall academic average of 70%",70.0,,"[{""course"": ""ENG4U"", ""min"": 70.0}, {""course"": ""EAE4U"", ""min"": 70.0}]",True,,,,,,False
386,OCAD University,Faculty of Health Sciences,Indigenous Visual Culture,HIG,True,1 of ENG4U/EAE4U,"[{""n"": 1, ""options"": [""ENG4U"", ""EAE4U""]}]",[],"70 in ENG4U/EAE4U, overall academic average of 70%",70.0,,"[{""course"": ""ENG4U"", ""min"": 70.0}, {""course"": ""EAE4U"", ""min"": 70.0}]",True,,,,,,False
387,OCAD University,Faculty of Health Sciences,Industrial Design,HID,True,1 of ENG4U/EAE4U,"[{""n"": 1, ""options"": [""ENG4U"", ""EAE4U""]}]",[],"70 in ENG4U/EAE4U, overall academic average of 70%",70.0,,"[{""course"": ""ENG4U"", ""min"": 70.0}, {""course"": ""EAE4U"", ""min"": 70.0}]",True,,,,,,False
388,OCAD University,Faculty of Health Sciences,Integrated Media,HIM,True,1 of ENG4U/EAE4U,"[{""n"": 1, ""options"": [""ENG4U"", ""EAE4U""]}]",[],"70 in ENG4U/EAE4U, overall academic average of 70%",70.0,,"[{""course"": ""ENG4U"", ""min"": 70.0}, {""course"": ""EAE4U"", ""min"": 70.0}]",True,,,,,,False
389,OCAD University,Faculty of Health Sciences,Material Art & Design,HMD,True,1 of ENG4U/EAE4U,"[{""n"": 1, ""options"": [""ENG4U"", ""EAE4U""]}]",[],"70 in ENG4U/EAE4U, overall academic average of 70%",70.0,,"[{""course"": ""ENG4U"", ""min"": 70.0}, {""course"": ""EAE4U"", ""min"": 70.0}]",True,,,,,,False
390,OCAD University,Faculty of Health Sciences,Photography,HPT,True,1 of ENG4U/EAE4U,"[{""n"": 1, ""options"": [""ENG4U"", ""EAE4U""]}]",[],"70 in ENG4U/EAE4U, overall academic average of 70%",70.0,,"[{""course"": ""ENG4U"", ""min"": 70.0}, {""course"": ""EAE4U"", ""min"": 70.0}]",True,,,,,,False
391,OCAD University,Faculty of Health Sciences,Printmaking & Public­ations,HPB,True,1 of ENG4U/EAE4U,"[{""n"": 1, ""options"": [""ENG4U"", ""EAE4U""]}]",[],"70 in ENG4U/EAE4U, overall academic average of 70%",70.0,,"[{""course"": ""ENG4U"", ""min"": 70.0}, {""course"": ""EAE4U"", ""min"": 70.0}]",True,,,,,,False
392,OCAD University,Faculty of Health Sciences,Sculpture/​Instal­lation,HIS,True,1 of ENG4U/EAE4U,"[{""n"": 1, ""options"": [""ENG4U"", ""EAE4U""]}]",[],"70 in ENG4U/EAE4U, overall academic average of 70%",70.0,,"[{""course"": ""ENG4U"", ""min"": 70.0}, {""course"": ""EAE4U"", ""min"": 70.0}]",True,,,,,,False
393,OCAD University,Faculty of Health Sciences,Visual and Critical Studies,HVC,True,1 of ENG4U/EAE4U,"[{""n"": 1, ""options"": [""ENG4U"", ""EAE4U""]}]",[],"70 in ENG4U/EAE4U, overall academic average of 70%",70.0,,"[{""course"": ""ENG4U"", ""min"": 70.0}, {""course"": ""EAE4U"", ""min"": 70.0}]",True,,,,,,False
394,University of Guelph,Faculty of Health Sciences,Applied Human Nutrition,GS,False,"ENG4U, 1 of MHF4U/MCV4U/MDM4U, SBI4U, SCH4U","[{""n"": 1, ""options"": [""ENG4U""]}, {""n"": 1, ""options"": [""MHF4U"", ""MCV4U"", ""MDM4U""]}, {""n"": 1, ""options"": [""SBI4U""]}, {""n"": 1, ""options"": [""SCH4U""]}]",[],,,,[],False,mid 70s to low 80s,74.0,83.0,,,False
395,University of Guelph,Faculty of Health Sciences,Child Studies,GCS,False,"ENG4U, 1 of MHF4U/MCV4U/MDM4U, 1 of SBI4U/SCH4U/PSK4U","[{""n"": 1, ""options"": [""ENG4U""]}, {""n"": 1, ""options"": [""MHF4U"", ""MCV4U"", ""MDM4U""]}, {""n"": 1, ""options"": [""SBI4U"", ""SCH4U"", ""PSK4U""]}]",[],,,,[],False,low 80s,80.0,83.0,,,False
396,University of Guelph,Faculty of Health Sciences,Family Studies and Human Development,GFD,False,"ENG4U, 1 of MHF4U/MCV4U/MDM4U, 1 of SBI4U/SCH4U/PSK4U","[{""n"": 1, ""options"": [""ENG4U""]}, {""n"": 1, ""options"": [""MHF4U"", ""MCV4U"", ""MDM4U""]}, {""n"": 1, ""options"": [""SBI4U"", ""SCH4U"", ""PSK4U""]}]",[],,,,[],False,mid 70s to low 80s,74.0,83.0,,,False
397,University of Guelph,Faculty of Health Sciences,Criminal Justice and Public Policy (Co-op and Regular),GCJ,False,ENG4U,"[{""n"": 1, ""options"": [""ENG4U""]}]",[],,,,[],False,80-86%,80.0,86.0,,,False
398,University of Guelph,Faculty of Health Sciences,Psychology (Co-op and Regular),GPS,False,ENG4U,"[{""n"": 1, ""options"": [""ENG4U""]}]",[],,,,[],False,75-80%,75.0,80.0,,,False
399,University of Guelph,Faculty of Health Sciences,All Other Majors (BA),GK,False,ENG4U,"[{""n"": 1, ""options"": [""ENG4U""]}]",[],,,,[],False,75-80%,75.0,80.0,,,False
400,University of Guelph,Faculty of Health Sciences,General Bachelor of Arts (three-year degree),GNG,False,,[],[],,,,[],False,,,,,,False
401,University of Guelph,Faculty of Health Sciences,General Bachelor of Arts with Area of Concen­tration (three-year degree),GKG,False,,[],[],,,,[],False,,,,,,False
402,University of Guelph,Faculty of Health Sciences,Arts and Sciences,GAS,False,"ENG4U, MHF4U, 2 of SBI4U/SCH4U/SPH4U, 1 4U/4M arts/ social studies course","[{""n"": 1, ""options"": [""ENG4U""]}, {""n"": 1, ""options"": [""MHF4U""]}, {""n"": 2, ""options"": [""SBI4U"", ""SCH4U"", ""SPH4U""]}, {""n"": 1, ""options"": [], ""any_senior"": true, ""description"": ""1 4U/4M arts/ social studies course""}]",[],,,,[],False,high 70s to low 80s,77.0,83.0,,,False
403,University of Guelph,Faculty of Health Sciences,Enviro­nmental Management (Co-op and Regular),GBC,False,"ENG4U, SBI4U","[{""n"": 1, ""options"": [""ENG4U""]}, {""n"": 1, ""options"": [""SBI4U""]}]",[],,,,[],False,75-80%,75.0,80.0,,,False
404,University of Guelph,Faculty of Health Sciences,Equine Management (Co-op and Regular),GHG,False,"ENG4U, SBI4U, SCH4U, 1 of MHF4U/MCV4U/MDM4U","[{""n"": 1, ""options"": [""ENG4U""]}, {""n"": 1, ""options"": [""SBI4U""]}, {""n"": 1, ""options"": [""SCH4U""]}, {""n"": 1, ""options"": [""MHF4U"", ""MCV4U"", ""MDM4U""]}]",[],,,,[],False,75-80%,75.0,80.0,,,False
405,University of Guelph,Faculty of Health Sciences,Accounting (Co-op and Regular),GBK,False,"ENG4U, MHF4U, 1 of MCV4U/MDM4U","[{""n"": 1, ""options"": [""ENG4U""]}, {""n"": 1, ""options"": [""MHF4U""]}, {""n"": 1, ""options"": [""MCV4U"", ""MDM4U""]}]",[],,,,[],False,80-86%,80.0,86.0,,,False
406,University of Guelph,Faculty of Health Sciences,Food and Agricu­ltural Business (Co-op and Regular),GBB,False,"ENG4U, MHF4U, 1 of MCV4U/MDM4U","[{""n"": 1, ""options"": [""ENG4U""]}, {""n"": 1, ""options"": [""MHF4U""]}, {""n"": 1, ""options"": [""MCV4U"", ""MDM4U""]}]",[],,,,[],False,80-86%,80.0,86.0,,,False
407,University of Guelph,Faculty of Health Sciences,Hospitality and Tourism Management (Co-op and Regular),GHT,False,"ENG4U, MHF4U","[{""n"": 1, ""options"": [""ENG4U""]}, {""n"": 1, ""options"": [""MHF4U""]}]",[],,,,[],False,80-86%,80.0,86.0,,,False
408,University of Guelph,Faculty of Health Sciences,Management (Co-op and Regular),GBF,False,"ENG4U, MHF4U, 1 of MCV4U/MDM4U","[{""n"": 1, ""options"": [""ENG4U""]}, {""n"": 1, ""options"": [""MHF4U""]}, {""n"": 1, ""options"": [""MCV4U"", ""MDM4U""]}]",[],,,,[],False,80-86%,80.0,86.0,,,False
409,University of Guelph,Faculty of Health Sciences,Management Economics & Finance (Co-op and Regular),GBD,False,"ENG4U, MHF4U, 1 of MCV4U/MDM4U","[{""n"": 1, ""options"": [""ENG4U""]}, {""n"": 1, ""options"": [""MHF4U""]}, {""n"": 1, ""options"": [""MCV4U"", ""MDM4U""]}]",[],,,,[],False,80-86%,80.0,86.0,,,False
410,University of Guelph,Faculty of Health Sciences,Marketing Management (Co-op and Regular),GBE,False,"ENG4U, MHF4U, 1 of MCV4U/MDM4U","[{""n"": 1, ""options"": [""ENG4U""]}, {""n"": 1, ""options"": [""MHF4U""]}, {""n"": 1, ""options"": [""MCV4U"", ""MDM4U""]}]",[],,,,[],False,80-86%,80.0,86.0,,,False
411,University of Guelph,Faculty of Health Sciences,"Government, Economics and Management (Co-op and Regular)",GBJ,False,"ENG4U, MHF4U","[{""n"": 1, ""options"": [""ENG4U""]}, {""n"": 1, ""options"": [""MHF4U""]}]",[],,,,[],False,80-86%,80.0,86.0,,,False
412,University of Guelph,Faculty of Health Sciences,Real Estate (Co-op and Regular),GHR,False,"ENG4U, MHF4U, 1 of MCV4U/MDM4U","[{""n"": 1, ""options"": [""ENG4U""]}, {""n"": 1, ""options"": [""MHF4U""]}, {""n"": 1, ""options"": [""MCV4U"", ""MDM4U""]}]",[],,,,[],False,80-86%,80.0,86.0,,,False
413,University of Guelph,Faculty of Health Sciences,Sport and Event Management (Co-op and Regular),GBX,False,"ENG4U, MHF4U, 1 of MCV4U/MDM4U","[{""n"": 1, ""options"": [""ENG4U""]}, {""n"": 1, ""options"": [""MHF4U""]}, {""n"": 1, ""options"": [""MCV4U"", ""MDM4U""]}]",[],,,,[],False,80-86%,80.0,86.0,,,False
414,University of Guelph,Faculty of Health Sciences,Sport and Event Management (Fully Online) *Pending Senate approval,GXO,False,"ENG4U, MHF4U, 1 of MCV4U/MDM4U","[{""n"": 1, ""options"": [""ENG4U""]}, {""n"": 1, ""options"": [""MHF4U""]}, {""n"": 1, ""options"": [""MCV4U"", ""MDM4U""]}]",[],,,,[],False,80-86%,80.0,86.0,,,False
415,University of Guelph,Faculty of Health Sciences,Undeclared (First year only),GBU,False,"ENG4U, MHF4U, 1 of MCV4U/MDM4U","[{""n"": 1, ""options"": [""ENG4U""]}, {""n"": 1, ""options"": [""MHF4U""]}, {""n"": 1, ""options"": [""MCV4U"", ""MDM4U""]}]",[],,,,[],False,80-86%,80.0,86.0,,,False
416,University of Guelph,Faculty of Health Sciences,Computer Science (Co-op and Regular),GCT,False,"ENG4U, MCV4U","[{""n"": 1, ""options"": [""ENG4U""]}, {""n"": 1, ""options"": [""MCV4U""]}]",[],,,,[],False,87-91%,87.0,91.0,,,False
417,University of Guelph,Faculty of Health Sciences,Software Engineering (Co-op and Regular),GBS,False,"ENG4U, MCV4U","[{""n"": 1, ""options"": [""ENG4U""]}, {""n"": 1, ""options"": [""MCV4U""]}]",[],,,,[],False,87-91%,87.0,91.0,,,False
418,University of Guelph,Faculty of Health Sciences,General Bachelor of Computing (three year degree),GCG,False,"ENG4U, MCV4U","[{""n"": 1, ""options"": [""ENG4U""]}, {""n"": 1, ""options"": [""MCV4U""]}]",[],,,,[],False,87-91%,87.0,91.0,,,False
419,University of Guelph,Faculty of Health Sciences,"Bachelor of Creative Arts, Health and Wellness (Honours)",GCA,False,ENG4U,"[{""n"": 1, ""options"": [""ENG4U""]}]",[],,,,[],False,80-85%,80.0,85.0,,,False
420,University of Guelph,Faculty of Health Sciences,Biological Engineering (Co-op and Regular),GBM,False,"ENG4U, MHF4U, MCV4U, SCH4U, SPH4U","[{""n"": 1, ""options"": [""ENG4U""]}, {""n"": 1, ""options"": [""MHF4U""]}, {""n"": 1, ""options"": [""MCV4U""]}, {""n"": 1, ""options"": [""SCH4U""]}, {""n"": 1, ""options"": [""SPH4U""]}]",[],,,,[],False,84-89%,84.0,89.0,,,False
421,University of Guelph,Faculty of Health Sciences,Biomedical Engineering (Co-op and Regular),GBI,False,"ENG4U, MHF4U, MCV4U, SCH4U, SPH4U","[{""n"": 1, ""options"": [""ENG4U""]}, {""n"": 1, ""options"": [""MHF4U""]}, {""n"": 1, ""options"": [""MCV4U""]}, {""n"": 1, ""options"": [""SCH4U""]}, {""n"": 1, ""options"": [""SPH4U""]}]",[],,,,[],False,84-89%,84.0,89.0,,,False
422,University of Guelph,Faculty of Health Sciences,Computer Engineering (Co-op and Regular),GBL,False,"ENG4U, MHF4U, MCV4U, SCH4U, SPH4U","[{""n"": 1, ""options"": [""ENG4U""]}, {""n"": 1, ""options"": [""MHF4U""]}, {""n"": 1, ""options"": [""MCV4U""]}, {""n"": 1, ""options"": [""SCH4U""]}, {""n"": 1, ""options"": [""SPH4U""]}]",[],,,,[],False,84-89%,84.0,89.0,,,False
423,University of Guelph,Faculty of Health Sciences,Engineering Systems and Computing (Co-op and Regular),GEK,False,"ENG4U, MHF4U, MCV4U, SCH4U, SPH4U","[{""n"": 1, ""options"": [""ENG4U""]}, {""n"": 1, ""options"": [""MHF4U""]}, {""n"": 1, ""options"": [""MCV4U""]}, {""n"": 1, ""options"": [""SCH4U""]}, {""n"": 1, ""options"": [""SPH4U""]}]",[],,,,[],False,84-89%,84.0,89.0,,,False
424,University of Guelph,Faculty of Health Sciences,Enviro­nmental Engineering (Co-op and Regular),GBN,False,"ENG4U, MHF4U, MCV4U, SCH4U, SPH4U","[{""n"": 1, ""options"": [""ENG4U""]}, {""n"": 1, ""options"": [""MHF4U""]}, {""n"": 1, ""options"": [""MCV4U""]}, {""n"": 1, ""options"": [""SCH4U""]}, {""n"": 1, ""options"": [""SPH4U""]}]",[],,,,[],False,84-89%,84.0,89.0,,,False
425,University of Guelph,Faculty of Health Sciences,Mechanical Engineering (Co-op and Regular),GME,False,"ENG4U, MHF4U, MCV4U, SCH4U, SPH4U","[{""n"": 1, ""options"": [""ENG4U""]}, {""n"": 1, ""options"": [""MHF4U""]}, {""n"": 1, ""options"": [""MCV4U""]}, {""n"": 1, ""options"": [""SCH4U""]}, {""n"": 1, ""options"": [""SPH4U""]}]",[],,,,[],False,84-89%,84.0,89.0,,,False
426,University of Guelph,Faculty of Health Sciences,Mechat­ronics Engineering (Co-op and Regular),GMR,False,"ENG4U, MHF4U, MCV4U, SCH4U, SPH4U","[{""n"": 1, ""options"": [""ENG4U""]}, {""n"": 1, ""options"": [""MHF4U""]}, {""n"": 1, ""options"": [""MCV4U""]}, {""n"": 1, ""options"": [""SCH4U""]}, {""n"": 1, ""options"": [""SPH4U""]}]",[],,,,[],False,84-89%,84.0,89.0,,,False
427,University of Guelph,Faculty of Health Sciences,Water Resources Engineering (Co-op and Regular),GBR,False,"ENG4U, MHF4U, MCV4U, SCH4U, SPH4U","[{""n"": 1, ""options"": [""ENG4U""]}, {""n"": 1, ""options"": [""MHF4U""]}, {""n"": 1, ""options"": [""MCV4U""]}, {""n"": 1, ""options"": [""SCH4U""]}, {""n"": 1, ""options"": [""SPH4U""]}]",[],,,,[],False,84-89%,84.0,89.0,,,False
428,University of Guelph,Faculty of Health Sciences,Indigenous Enviro­nmental Science and Practice (Co-op and Regular),GEI,False,"ENG4U, MHF4U, SBI4U, SCH4U","[{""n"": 1, ""options"": [""ENG4U""]}, {""n"": 1, ""options"": [""MHF4U""]}, {""n"": 1, ""options"": [""SBI4U""]}, {""n"": 1, ""options"": [""SCH4U""]}]",[],,,,[],False,75-80%,75.0,80.0,,,False
429,University of Guelph,Faculty of Health Sciences,Landscape Archit­ecture,GL,True,ENG4U,"[{""n"": 1, ""options"": [""ENG4U""]}]",[],,,,[],False,,,,,,False
430,University of Guelph,Faculty of Health Sciences,Bachelor of Mathematics (Honours),GMH,False,"ENG4U, MHF4U, MCV4U","[{""n"": 1, ""options"": [""ENG4U""]}, {""n"": 1, ""options"": [""MHF4U""]}, {""n"": 1, ""options"": [""MCV4U""]}]",[],,,,[],False,78-84%,78.0,84.0,,,False
431,University of Guelph,Faculty of Health Sciences,General Bachelor of Mathematics (three year degree),GMG,False,"ENG4U, MHF4U, MCV4U","[{""n"": 1, ""options"": [""ENG4U""]}, {""n"": 1, ""options"": [""MHF4U""]}, {""n"": 1, ""options"": [""MCV4U""]}]",[],,,,[],False,78-84%,78.0,84.0,,,False
432,University of Guelph,Faculty of Health Sciences,One Health (Co-op and Regular),GOH,False,"ENG4U, MHF4U, 2 of SBI4U/SCH4U/SPH4U, 1 4U or 4M arts or social studies course","[{""n"": 1, ""options"": [""ENG4U""]}, {""n"": 1, ""options"": [""MHF4U""]}, {""n"": 2, ""options"": [""SBI4U"", ""SCH4U"", ""SPH4U""]}, {""n"": 1, ""options"": [], ""any_senior"": true, ""description"": ""1 4U or 4M arts or social studies course""}]",[],,,,[],False,78-84%,78.0,84.0,,,False
433,University of Guelph,Faculty of Health Sciences,Animal Biology,GZA,False,"ENG4U, MHF4U, 2 of SBI4U/SCH4U/SPH4U","[{""n"": 1, ""options"": [""ENG4U""]}, {""n"": 1, ""options"": [""MHF4U""]}, {""n"": 2, ""options"": [""SBI4U"", ""SCH4U"", ""SPH4U""]}]",[],,,,[],False,85-91%,85.0,91.0,,,False
434,University of Guelph,Faculty of Health Sciences,Bio-Medical Science,GZB,False,"ENG4U, MHF4U, 2 of SBI4U/SCH4U/SPH4U","[{""n"": 1, ""options"": [""ENG4U""]}, {""n"": 1, ""options"": [""MHF4U""]}, {""n"": 2, ""options"": [""SBI4U"", ""SCH4U"", ""SPH4U""]}]",[],,,,[],False,85-91%,85.0,91.0,,,False
435,University of Guelph,Faculty of Health Sciences,Human Kinetics,GZK,False,"ENG4U, MHF4U, 2 of SBI4U/SCH4U/SPH4U","[{""n"": 1, ""options"": [""ENG4U""]}, {""n"": 1, ""options"": [""MHF4U""]}, {""n"": 2, ""options"": [""SBI4U"", ""SCH4U"", ""SPH4U""]}]",[],,,,[],False,78-84%,78.0,84.0,,,False
436,University of Guelph,Faculty of Health Sciences,All Other Majors (BS),GZ,False,"ENG4U, MCV4U, 2 of SBI4U/SCH4U/SPH4U","[{""n"": 1, ""options"": [""ENG4U""]}, {""n"": 1, ""options"": [""MCV4U""]}, {""n"": 2, ""options"": [""SBI4U"", ""SCH4U"", ""SPH4U""]}]",[],,,,[],False,78-84%,78.0,84.0,,,False
437,University of Guelph,Faculty of Health Sciences,General Bachelor of Science (three-year degree),GZG,False,,[],[],,,,[],False,,,,,,False
438,University of Guelph,Faculty of Health Sciences,Agriculture (Co-op and Regular) - Common first year,GPA,False,"ENG4U, MHF4U, 2 of SBI4U/SCH4U/SPH4U","[{""n"": 1, ""options"": [""ENG4U""]}, {""n"": 1, ""options"": [""MHF4U""]}, {""n"": 2, ""options"": [""SBI4U"", ""SCH4U"", ""SPH4U""]}]",[],,,,[],False,75-80%,75.0,80.0,,,False
439,University of Guelph,Faculty of Health Sciences,Enviro­nmental Sciences (Co-op and Regular),GEA,False,"ENG4U, MHF4U, 2 of SBI4U/SCH4U/SPH4U","[{""n"": 1, ""options"": [""ENG4U""]}, {""n"": 1, ""options"": [""MHF4U""]}, {""n"": 2, ""options"": [""SBI4U"", ""SCH4U"", ""SPH4U""]}]",[],,,,[],False,75-80%,75.0,80.0,,,False
440,University of Guelph,Faculty of Health Sciences,Turfgrass Management,GTM,True,"Completion of Grade 11 or 12 Math, Biology and Chemistry at the C, U or M level is recommended",[],"[""Completion of Grade 11 or 12 Math"", ""Biology and Chemistry at the C"", ""U or M level is recommended""]",,,,[],False,65-70%,65.0,70.0,,,False
441,University of Guelph-Humber,Faculty of Health Sciences,UofGH (Toronto) - Honours Bachelor of Applied Arts in Media and Commun­ication Studies AND Diploma in Media Commun­ications,GMT,False,"ENG4U, EAE4U or FEF4U","[{""n"": 1, ""options"": [""ENG4U""]}, {""n"": 1, ""options"": [""EAE4U""]}, {""n"": 1, ""options"": [""FEF4U""]}]",[],,,,[],False,,,,,,False
442,University of Guelph-Humber,Faculty of Health Sciences,UofGH (Toronto) - Honours Bachelor of Applied Science in Early Childhood Studies AND Diploma in Early Childhood Education,GHE,False,"ENG4U, EAE4U or FEF4U","[{""n"": 1, ""options"": [""ENG4U""]}, {""n"": 1, ""options"": [""EAE4U""]}, {""n"": 1, ""options"": [""FEF4U""]}]",[],,,,[],False,,,,,,False
443,University of Guelph-Humber,Faculty of Health Sciences,UofGH (Toronto) - Honours Bachelor of Applied Science in Justice Studies AND Diploma in Police Foundations OR Community and Justice Services,GMP,False,"ENG4U, EAE4U or FEF4U","[{""n"": 1, ""options"": [""ENG4U""]}, {""n"": 1, ""options"": [""EAE4U""]}, {""n"": 1, ""options"": [""FEF4U""]}]",[],,,,[],False,,,,,,False
444,University of Guelph-Humber,Faculty of Health Sciences,UofGH (Toronto) - Honours Bachelor of Applied Science in Kinesiology AND Diploma in Fitness and Health Promotion,GHK,False,"ENG4U, EAE4U or FEF4U, Any 4U Math, SBI4U","[{""n"": 1, ""options"": [""ENG4U""]}, {""n"": 1, ""options"": [""EAE4U""]}, {""n"": 1, ""options"": [""FEF4U""]}, {""n"": 1, ""options"": [], ""any_senior"": true, ""description"": ""Any 4U Math""}, {""n"": 1, ""options"": [""SBI4U""]}]",[],,,,[],False,,,,,,False
445,University of Guelph-Humber,Faculty of Health Sciences,UofGH (Toronto) - Honours Bachelor of Applied Science in Psychology AND Diploma in General Arts & Science,GMA,False,"ENG4U, EAE4U or FEF4U","[{""n"": 1, ""options"": [""ENG4U""]}, {""n"": 1, ""options"": [""EAE4U""]}, {""n"": 1, ""options"": [""FEF4U""]}]",[],,,,[],False,,,,,,False
446,University of Guelph-Humber,Faculty of Health Sciences,UofGH (Toronto) - Honours Bachelor of Business Admini­stration AND Diploma in Business Admini­stration,GDB,False,"ENG4U, EAE4U or FEF4U; Any 4U Math","[{""n"": 1, ""options"": [""ENG4U""]}, {""n"": 1, ""options"": [""EAE4U""]}, {""n"": 1, ""options"": [""FEF4U""]}]",[],,,,[],False,,,,,,False
447,Wilfrid Laurier University,Faculty of Arts,Honours Arts (BA) (All Arts Majors) (Waterloo Campus),UH,False,ENG4U,"[{""n"": 1, ""options"": [""ENG4U""]}]",[],60 in ENG4U,,,"[{""course"": ""ENG4U"", ""min"": 60.0}]",True,low 80s,80.0,83.0,,,False
448,Wilfrid Laurier University,Faculty of Arts,Honours Arts (BA) (Management Option) (All Arts Majors) (Waterloo Campus),UMB,False,ENG4U,"[{""n"": 1, ""options"": [""ENG4U""]}]",[],60 in ENG4U,,,"[{""course"": ""ENG4U"", ""min"": 60.0}]",True,low 80s,80.0,83.0,,,False
449,Wilfrid Laurier University,Faculty of Arts,"Honours Arts (BA) Programs with Co-op, Waterloo Campus",UHE,,,[],[],,,,[],False,,,,,,False
450,Wilfrid Laurier University,Faculty of Arts,"Honours Arts (BA) Programs with Management Option and Co-op, Waterloo Campus",UHI,,,[],[],,,,[],False,,,,,,False
451,Wilfrid Laurier University,Faculty of Arts,"Arts Degree (BA) and Master's Degree (MA, MAP, or MIPP), Waterloo Campus",UMA,False,ENG4U,"[{""n"": 1, ""options"": [""ENG4U""]}]",[],60 in ENG4U,,,"[{""course"": ""ENG4U"", ""min"": 60.0}]",True,mid 80s,84.0,86.0,,,False
452,Wilfrid Laurier University,Faculty of Arts,"Arts Degree (BA) and Master's Degree (MA, MAP, or MIPP) with Management Option, Waterloo Campus",UAA,False,ENG4U,"[{""n"": 1, ""options"": [""ENG4U""]}]",[],60 in ENG4U,,,"[{""course"": ""ENG4U"", ""min"": 60.0}]",True,mid 80s,84.0,86.0,,,False
453,Wilfrid Laurier University,Faculty of Arts,"Law Degree (LLB) at University of Sussex and Arts Degree (BA) in English, History, Philosophy, or Political Science, Waterloo Campus",ULA,False,ENG4U,"[{""n"": 1, ""options"": [""ENG4U""]}]",[],70 in ENG4U,,,"[{""course"": ""ENG4U"", ""min"": 70.0}]",True,mid 80s,84.0,86.0,,,False
454,Wilfrid Laurier University,Faculty of Arts,Arts Degree (BA) and MBA (Co-op),UAI,False,ENG4U,"[{""n"": 1, ""options"": [""ENG4U""]}]",[],60 in ENG4U,,,"[{""course"": ""ENG4U"", ""min"": 60.0}]",True,low 90s,90.0,93.0,,,False
455,Wilfrid Laurier University,Faculty of Arts,"Intern­ational Education Studies (BA), Waterloo Campus",UID,False,ENG4U,"[{""n"": 1, ""options"": [""ENG4U""]}]",[],70 in ENG4U,,,"[{""course"": ""ENG4U"", ""min"": 70.0}]",True,low 80s,80.0,83.0,,,False
456,Wilfrid Laurier University,Faculty of Arts,"Honours Arts (BA) in French with Teaching Option, Waterloo Campus",UAT,False,ENG4U,"[{""n"": 1, ""options"": [""ENG4U""]}]",[],60 in ENG4U,,,"[{""course"": ""ENG4U"", ""min"": 60.0}]",True,low 80s,80.0,83.0,,,False
457,Wilfrid Laurier University,Faculty of Arts,Global Studies (BA) and Master's at University of Sussex,UGX,False,ENG4U,"[{""n"": 1, ""options"": [""ENG4U""]}]",[],60 in ENG4U,,,"[{""course"": ""ENG4U"", ""min"": 60.0}]",True,low 80s,80.0,83.0,,,False
458,Wilfrid Laurier University,Faculty of Science,"Bioche­mistry and Biotec­hnology (BSc), Waterloo Campus",UBI,False,"ENG4U, SBI4U, MHF4U, SCH4U","[{""n"": 1, ""options"": [""ENG4U""]}, {""n"": 1, ""options"": [""SBI4U""]}, {""n"": 1, ""options"": [""MHF4U""]}, {""n"": 1, ""options"": [""SCH4U""]}]",[],"60 in ENG4U, SBI4U, MHF4U, 70 in SCH4U",,,"[{""course"": ""ENG4U"", ""min"": 60.0}, {""course"": ""SCH4U"", ""min"": 70.0}]",True,low 80s,80.0,83.0,,,False
459,Wilfrid Laurier University,Faculty of Science,"Bioche­mistry and Biotec­hnology (BSc) with Management Option, Waterloo Campus",UMI,False,"ENG4U, SBI4U, MHF4U, SCH4U","[{""n"": 1, ""options"": [""ENG4U""]}, {""n"": 1, ""options"": [""SBI4U""]}, {""n"": 1, ""options"": [""MHF4U""]}, {""n"": 1, ""options"": [""SCH4U""]}]",[],"60 in ENG4U, SBI4U, MHF4U, 70 in SCH4U",,,"[{""course"": ""ENG4U"", ""min"": 60.0}, {""course"": ""SCH4U"", ""min"": 70.0}]",True,low 80s,80.0,83.0,,,False
460,Wilfrid Laurier University,Faculty of Science,"Biology (BA), Waterloo Campus",UBA,False,"ENG4U, SBI4U","[{""n"": 1, ""options"": [""ENG4U""]}, {""n"": 1, ""options"": [""SBI4U""]}]",[],"60 in ENG4U, 70 in SBI4U",,,"[{""course"": ""ENG4U"", ""min"": 60.0}, {""course"": ""SBI4U"", ""min"": 70.0}]",True,high 70s,77.0,79.0,,,False
461,Wilfrid Laurier University,Faculty of Science,"Biology (BA) with Management Option, Waterloo Campus",UMF,False,"ENG4U, SBI4U","[{""n"": 1, ""options"": [""ENG4U""]}, {""n"": 1, ""options"": [""SBI4U""]}]",[],"60 in ENG4U, 70 in SBI4U",,,"[{""course"": ""ENG4U"", ""min"": 60.0}, {""course"": ""SBI4U"", ""min"": 70.0}]",True,high 70s,77.0,79.0,,,False
462,Wilfrid Laurier University,Faculty of Science,"Biology (BSc) Programs, Waterloo Campus",UE,False,"ENG4U, SCH4U, MHF4U, SBI4U","[{""n"": 1, ""options"": [""ENG4U""]}, {""n"": 1, ""options"": [""SCH4U""]}, {""n"": 1, ""options"": [""MHF4U""]}, {""n"": 1, ""options"": [""SBI4U""]}]",[],"60 in ENG4U, SCH4U, MHF4U, 70 in SBI4U",,,"[{""course"": ""ENG4U"", ""min"": 60.0}, {""course"": ""SBI4U"", ""min"": 70.0}]",True,low 80s,80.0,83.0,,,False
463,Wilfrid Laurier University,Faculty of Science,"Biology (BSc) Programs with Management Option, Waterloo Campus",UMG,False,"ENG4U, SCH4U, MHF4U, SBI4U","[{""n"": 1, ""options"": [""ENG4U""]}, {""n"": 1, ""options"": [""SCH4U""]}, {""n"": 1, ""options"": [""MHF4U""]}, {""n"": 1, ""options"": [""SBI4U""]}]",[],"60 in ENG4U, SCH4U, MHF4U, 70 in SBI4U",,,"[{""course"": ""ENG4U"", ""min"": 60.0}, {""course"": ""SBI4U"", ""min"": 70.0}]",True,low 80s,80.0,83.0,,,False
464,Wilfrid Laurier University,Faculty of Science,"Biology and Mathematics (BSc), Waterloo Campus",UKD,False,"ENG4U, SCH4U, MHF4U, SBI4U, MCV4U","[{""n"": 1, ""options"": [""ENG4U""]}, {""n"": 1, ""options"": [""SCH4U""]}, {""n"": 1, ""options"": [""MHF4U""]}, {""n"": 1, ""options"": [""SBI4U""]}, {""n"": 1, ""options"": [""MCV4U""]}]",[],"60 in ENG4U, SCH4U, MHF4U, 70 in SBI4U, MCV4U",,,"[{""course"": ""ENG4U"", ""min"": 60.0}, {""course"": ""SBI4U"", ""min"": 70.0}]",True,low 80s,80.0,83.0,,,False
465,Wilfrid Laurier University,Faculty of Science,"Biology and Mathematics (BSc) with Management Option, Waterloo Campus",UMH,False,"ENG4U, SCH4U, MHF4U, SBI4U, MCV4U","[{""n"": 1, ""options"": [""ENG4U""]}, {""n"": 1, ""options"": [""SCH4U""]}, {""n"": 1, ""options"": [""MHF4U""]}, {""n"": 1, ""options"": [""SBI4U""]}, {""n"": 1, ""options"": [""MCV4U""]}]",[],"60 in ENG4U, SCH4U, MHF4U, 70 in SBI4U, MCV4U",,,"[{""course"": ""ENG4U"", ""min"": 60.0}, {""course"": ""SBI4U"", ""min"": 70.0}]",True,low 80s,80.0,83.0,,,False
466,Wilfrid Laurier University,Faculty of Science,"Chemistry (BSc), Waterloo Campus",UHC,False,"ENG4U, MHF4U, SCH4U","[{""n"": 1, ""options"": [""ENG4U""]}, {""n"": 1, ""options"": [""MHF4U""]}, {""n"": 1, ""options"": [""SCH4U""]}]",[],"60 in ENG4U, MHF4U, 70 in SCH4U",,,"[{""course"": ""ENG4U"", ""min"": 60.0}, {""course"": ""SCH4U"", ""min"": 70.0}]",True,low 80s,80.0,83.0,,,False
467,Wilfrid Laurier University,Faculty of Science,"Chemistry (BSc) with Management Option, Waterloo Campus",UMJ,False,"ENG4U, MHF4U, SCH4U","[{""n"": 1, ""options"": [""ENG4U""]}, {""n"": 1, ""options"": [""MHF4U""]}, {""n"": 1, ""options"": [""SCH4U""]}]",[],"60 in ENG4U, MHF4U, 70 in SCH4U",,,"[{""course"": ""ENG4U"", ""min"": 60.0}, {""course"": ""SCH4U"", ""min"": 70.0}]",True,low 80s,80.0,83.0,,,False
468,Wilfrid Laurier University,Faculty of Science,"Chemistry and Mathematics (BSc), Waterloo Campus",UKC,False,"ENG4U, MHF4U, SCH4U, MCV4U","[{""n"": 1, ""options"": [""ENG4U""]}, {""n"": 1, ""options"": [""MHF4U""]}, {""n"": 1, ""options"": [""SCH4U""]}, {""n"": 1, ""options"": [""MCV4U""]}]",[],"60 in ENG4U, MHF4U, MCV4U, 70 in SCH4U",,,"[{""course"": ""ENG4U"", ""min"": 60.0}, {""course"": ""SCH4U"", ""min"": 70.0}]",True,low 80s,80.0,83.0,,,False
469,Wilfrid Laurier University,Faculty of Science,"Chemistry and Mathematics (BSc) with Management Option, Waterloo Campus",UMK,False,"ENG4U, MHF4U, SCH4U, MCV4U","[{""n"": 1, ""options"": [""ENG4U""]}, {""n"": 1, ""options"": [""MHF4U""]}, {""n"": 1, ""options"": [""SCH4U""]}, {""n"": 1, ""options"": [""MCV4U""]}]",[],"60 in ENG4U, MHF4U, MCV4U, 70 in SCH4U",,,"[{""course"": ""ENG4U"", ""min"": 60.0}, {""course"": ""SCH4U"", ""min"": 70.0}]",True,low 80s,80.0,83.0,,,False
470,Wilfrid Laurier University,Faculty of Science,"Chemistry and Physics (BSc), Waterloo Campus",UCP,False,"ENG4U, SCH4U, MHF4U, MCV4U","[{""n"": 1, ""options"": [""ENG4U""]}, {""n"": 1, ""options"": [""SCH4U""]}, {""n"": 1, ""options"": [""MHF4U""]}, {""n"": 1, ""options"": [""MCV4U""]}]",[],"60 in ENG4U, 75 in SCH4U, MHF4U, MCV4U",,,"[{""course"": ""ENG4U"", ""min"": 60.0}, {""course"": ""SCH4U"", ""min"": 75.0}]",True,low 90s,90.0,93.0,,,False
471,Wilfrid Laurier University,Faculty of Science,"Chemistry and Physics (BSc) with Management Option, Waterloo Campus",UNC,False,"ENG4U, SCH4U, MHF4U, MCV4U","[{""n"": 1, ""options"": [""ENG4U""]}, {""n"": 1, ""options"": [""SCH4U""]}, {""n"": 1, ""options"": [""MHF4U""]}, {""n"": 1, ""options"": [""MCV4U""]}]",[],"60 in ENG4U, 75 in SCH4U, MHF4U, MCV4U",,,"[{""course"": ""ENG4U"", ""min"": 60.0}, {""course"": ""SCH4U"", ""min"": 75.0}]",True,low 90s,90.0,93.0,,,False
472,Wilfrid Laurier University,Faculty of Science,"Computer Science (BA), Waterloo Campus",UAG,False,"ENG4U, MHF4U","[{""n"": 1, ""options"": [""ENG4U""]}, {""n"": 1, ""options"": [""MHF4U""]}]",[],"60 in ENG4U, MHF4U",,,"[{""course"": ""ENG4U"", ""min"": 60.0}]",True,low 80s,80.0,83.0,,,False
473,Wilfrid Laurier University,Faculty of Science,"Computer Science (BA in Combination), Waterloo Campus",UAC,False,"ENG4U, MHF4U","[{""n"": 1, ""options"": [""ENG4U""]}, {""n"": 1, ""options"": [""MHF4U""]}]",[],"60 in ENG4U, MHF4U",,,"[{""course"": ""ENG4U"", ""min"": 60.0}]",True,low 80s,80.0,83.0,,,False
474,Wilfrid Laurier University,Faculty of Science,"Computer Science (BA) with Management Option, Waterloo campus",UAK,False,"ENG4U, MHF4U","[{""n"": 1, ""options"": [""ENG4U""]}, {""n"": 1, ""options"": [""MHF4U""]}]",[],"60 in ENG4U, MHF4U",,,"[{""course"": ""ENG4U"", ""min"": 60.0}]",True,low 80s,80.0,83.0,,,False
475,Wilfrid Laurier University,Faculty of Science,"Computer Science (BA in Combination) with Management Option, Waterloo Campus",UML,False,"ENG4U, MHF4U","[{""n"": 1, ""options"": [""ENG4U""]}, {""n"": 1, ""options"": [""MHF4U""]}]",[],"60 in ENG4U, MHF4U",,,"[{""course"": ""ENG4U"", ""min"": 60.0}]",True,low 80s,80.0,83.0,,,False
476,Wilfrid Laurier University,Faculty of Science,"Computer Science (BSc), Waterloo Campus",UFA,False,"ENG4U, MHF4U, MCV4U/SCH4U/SCH4U/SPH4U","[{""n"": 1, ""options"": [""ENG4U""]}, {""n"": 1, ""options"": [""MHF4U""]}, {""n"": 1, ""options"": [""MCV4U"", ""SCH4U"", ""SCH4U"", ""SPH4U""]}]",[],"60 in ENG4U, MHF4U, MCV4U/SCH4U/SPH4U",,,"[{""course"": ""ENG4U"", ""min"": 60.0}]",True,low 80s,80.0,83.0,,,False
477,Wilfrid Laurier University,Faculty of Science,"Computer Science (BSc) with Management Option, Waterloo Campus",UMN,False,"ENG4U, MHF4U, MCV4U/SCH4U/SCH4U/SPH4U","[{""n"": 1, ""options"": [""ENG4U""]}, {""n"": 1, ""options"": [""MHF4U""]}, {""n"": 1, ""options"": [""MCV4U"", ""SCH4U"", ""SCH4U"", ""SPH4U""]}]",[],"60 in ENG4U, MHF4U, MCV4U/SCH4U/SPH4U",,,"[{""course"": ""ENG4U"", ""min"": 60.0}]",True,low 80s,80.0,83.0,,,False
478,Wilfrid Laurier University,Faculty of Science,"Computer Science and Physics (BSc), Waterloo Campus",UWC,False,"ENG4U, MHF4U, 2 of MCV4U/SCH4U/SPH4U","[{""n"": 1, ""options"": [""ENG4U""]}, {""n"": 1, ""options"": [""MHF4U""]}, {""n"": 2, ""options"": [""MCV4U"", ""SCH4U"", ""SPH4U""]}]",[],"60 in ENG4U,MHF4U, 60 in 2 of MCV4U/SCH4U/SPH4U",,,"[{""course"": ""ENG4U"", ""min"": 60.0}]",True,low 80s,80.0,83.0,,,False
479,Wilfrid Laurier University,Faculty of Science,"Computer Science and Physics (BSc) with Management Option, Waterloo Campus",UWM,False,"ENG4U, MHF4U, 2 of MCV4U/SCH4U/SPH4U","[{""n"": 1, ""options"": [""ENG4U""]}, {""n"": 1, ""options"": [""MHF4U""]}, {""n"": 2, ""options"": [""MCV4U"", ""SCH4U"", ""SPH4U""]}]",[],"60 in ENG4U,MHF4U, 60 in 2 of MCV4U/SCH4U/SPH4U",,,"[{""course"": ""ENG4U"", ""min"": 60.0}]",True,low 80s,80.0,83.0,,,False
480,Wilfrid Laurier University,Faculty of Science,"Computer Science and Psychology (BSc), Waterloo Campus",UFT,False,"ENG4U, MHF4U, MCV4U/SCH4U/SPH4U/SBI4U","[{""n"": 1, ""options"": [""ENG4U""]}, {""n"": 1, ""options"": [""MHF4U""]}, {""n"": 1, ""options"": [""MCV4U"", ""SCH4U"", ""SPH4U"", ""SBI4U""]}]",[],"60 in ENG4U, MHF4U, MCV4U/SCH4U/SPH4U/SBI4U",,,"[{""course"": ""ENG4U"", ""min"": 60.0}]",True,low 80s,80.0,83.0,,,False
481,Wilfrid Laurier University,Faculty of Science,"Computer Science and Psychology (BSc) with Management Option, Waterloo Campus",UMO,False,"ENG4U, MHF4U, MCV4U/SCH4U/SPH4U/SBI4U","[{""n"": 1, ""options"": [""ENG4U""]}, {""n"": 1, ""options"": [""MHF4U""]}, {""n"": 1, ""options"": [""MCV4U"", ""SCH4U"", ""SPH4U"", ""SBI4U""]}]",[],"60 in ENG4U, MHF4U, MCV4U/SCH4U/SPH4U/SBI4U",,,"[{""course"": ""ENG4U"", ""min"": 60.0}]",True,low 80s,80.0,83.0,,,False
482,Wilfrid Laurier University,Faculty of Science,"Data Science (BSc), Waterloo Campus",UDS,False,"ENG4U, MHF4U, MCV4U","[{""n"": 1, ""options"": [""ENG4U""]}, {""n"": 1, ""options"": [""MHF4U""]}, {""n"": 1, ""options"": [""MCV4U""]}]",[],"70 in ENG4U, 80 in MHF4U, MCV4U",,,"[{""course"": ""ENG4U"", ""min"": 70.0}, {""course"": ""MHF4U"", ""min"": 80.0}]",True,high 80s,87.0,89.0,,,False
483,Wilfrid Laurier University,Faculty of Science,"Data Science (BSc) with Management Option, Waterloo Campus",UDM,False,"ENG4U, MHF4U, MCV4U","[{""n"": 1, ""options"": [""ENG4U""]}, {""n"": 1, ""options"": [""MHF4U""]}, {""n"": 1, ""options"": [""MCV4U""]}]",[],"70 in ENG4U, 80 in MHF4U, MCV4U",,,"[{""course"": ""ENG4U"", ""min"": 70.0}, {""course"": ""MHF4U"", ""min"": 80.0}]",True,high 80s,87.0,89.0,,,False
484,Wilfrid Laurier University,Faculty of Science,"Enviro­nmental Science (BSc), Waterloo Campus",UES,False,"ENG4U, MHF4U, SCH4U, SBI4U","[{""n"": 1, ""options"": [""ENG4U""]}, {""n"": 1, ""options"": [""MHF4U""]}, {""n"": 1, ""options"": [""SCH4U""]}, {""n"": 1, ""options"": [""SBI4U""]}]",[],"60 in ENG4U, MHF4U, SCH4U, 70 in SBI4U",,,"[{""course"": ""ENG4U"", ""min"": 60.0}, {""course"": ""SBI4U"", ""min"": 70.0}]",True,low 80s,80.0,83.0,,,False
485,Wilfrid Laurier University,Faculty of Science,"Enviro­nmental Science (BSc) with Management Option, Waterloo Campus",UMZ,False,"ENG4U, MHF4U, SCH4U, SBI4U","[{""n"": 1, ""options"": [""ENG4U""]}, {""n"": 1, ""options"": [""MHF4U""]}, {""n"": 1, ""options"": [""SCH4U""]}, {""n"": 1, ""options"": [""SBI4U""]}]",[],"60 in ENG4U, MHF4U, SCH4U, 70 in SBI4U",,,"[{""course"": ""ENG4U"", ""min"": 60.0}, {""course"": ""SBI4U"", ""min"": 70.0}]",True,low 80s,80.0,83.0,,,False
486,Wilfrid Laurier University,Faculty of Science,"Enviro­nmental Studies (BA), Waterloo Campus",UEB,False,ENG4U,"[{""n"": 1, ""options"": [""ENG4U""]}]",[],60 in ENG4U,,,"[{""course"": ""ENG4U"", ""min"": 60.0}]",True,low 80s,80.0,83.0,,,False
487,Wilfrid Laurier University,Faculty of Science,"Enviro­nmental Studies (BA) with Management Option, Waterloo Campus",UEO,False,ENG4U,"[{""n"": 1, ""options"": [""ENG4U""]}]",[],60 in ENG4U,,,"[{""course"": ""ENG4U"", ""min"": 60.0}]",True,low 80s,80.0,83.0,,,False
488,Wilfrid Laurier University,Faculty of Science,"Financial Mathematics and Analytics (BA), Waterloo Campus",UAM,False,"ENG4U, MHF4U, MCV4U","[{""n"": 1, ""options"": [""ENG4U""]}, {""n"": 1, ""options"": [""MHF4U""]}, {""n"": 1, ""options"": [""MCV4U""]}]",[],"60 in ENG4U, 75 in MHF4U, MCV4U",,,"[{""course"": ""ENG4U"", ""min"": 60.0}, {""course"": ""MHF4U"", ""min"": 75.0}]",True,low 80s,80.0,83.0,,,False
489,Wilfrid Laurier University,Faculty of Science,"Financial Mathematics and Analytics (BA) with Management Option, Waterloo Campus",UMR,False,"ENG4U, MHF4U, MCV4U","[{""n"": 1, ""options"": [""ENG4U""]}, {""n"": 1, ""options"": [""MHF4U""]}, {""n"": 1, ""options"": [""MCV4U""]}]",[],"60 in ENG4U, 75 in MHF4U, MCV4U",,,"[{""course"": ""ENG4U"", ""min"": 60.0}, {""course"": ""MHF4U"", ""min"": 75.0}]",True,low 80s,80.0,83.0,,,False
490,Wilfrid Laurier University,Faculty of Science,"Financial Mathematics and Analytics (BSc), Waterloo Campus",USM,False,"ENG4U, MHF4U, MCV4U, SBI4U/SCH4U/SPH4U","[{""n"": 1, ""options"": [""ENG4U""]}, {""n"": 1, ""options"": [""MHF4U""]}, {""n"": 1, ""options"": [""MCV4U""]}, {""n"": 1, ""options"": [""SBI4U"", ""SCH4U"", ""SPH4U""]}]",[],"60 in ENG4U, 75 in MHF4U, MCV4U, 60 in SBI4U/SCH4U/SPH4U",,,"[{""course"": ""ENG4U"", ""min"": 60.0}, {""course"": ""MHF4U"", ""min"": 75.0}, {""course"": ""SBI4U"", ""min"": 60.0}, {""course"": ""SCH4U"", ""min"": 60.0}, {""course"": ""SPH4U"", ""min"": 60.0}]",True,mid 80s,84.0,86.0,,,False
491,Wilfrid Laurier University,Faculty of Science,"Financial Mathematics and Analytics (BSc) with Management Option, Waterloo Campus",UMS,False,"ENG4U, MHF4U, MCV4U, SBI4U/SCH4U/SPH4U","[{""n"": 1, ""options"": [""ENG4U""]}, {""n"": 1, ""options"": [""MHF4U""]}, {""n"": 1, ""options"": [""MCV4U""]}, {""n"": 1, ""options"": [""SBI4U"", ""SCH4U"", ""SPH4U""]}]",[],"60 in ENG4U, 75 in MHF4U, MCV4U, 60 in SBI4U/SCH4U/SPH4U",,,"[{""course"": ""ENG4U"", ""min"": 60.0}, {""course"": ""MHF4U"", ""min"": 75.0}, {""course"": ""SBI4U"", ""min"": 60.0}, {""course"": ""SCH4U"", ""min"": 60.0}, {""course"": ""SPH4U"", ""min"": 60.0}]",True,mid 80s,84.0,86.0,,,False
492,Wilfrid Laurier University,Faculty of Science,"Geography (BA), Waterloo Campus",UGB,False,ENG4U,"[{""n"": 1, ""options"": [""ENG4U""]}]",[],60 in ENG4U,,,"[{""course"": ""ENG4U"", ""min"": 60.0}]",True,low 80s,80.0,83.0,,,False
493,Wilfrid Laurier University,Faculty of Science,"Geography (BA) with Management Option, Waterloo Campus",UGO,False,ENG4U,"[{""n"": 1, ""options"": [""ENG4U""]}]",[],60 in ENG4U,,,"[{""course"": ""ENG4U"", ""min"": 60.0}]",True,low 80s,80.0,83.0,,,False
494,Wilfrid Laurier University,Faculty of Science,"Geography (BSc), Waterloo Campus",UHG,False,"ENG4U, MHF4U, SBI4U/SCH4U/SPH4U","[{""n"": 1, ""options"": [""ENG4U""]}, {""n"": 1, ""options"": [""MHF4U""]}, {""n"": 1, ""options"": [""SBI4U"", ""SCH4U"", ""SPH4U""]}]",[],"60 in ENG4U, MHF4U, 2 of SBI4U/SCH4U/SPH4U",,,"[{""course"": ""ENG4U"", ""min"": 60.0}]",True,mid 80s,84.0,86.0,,,False
495,Wilfrid Laurier University,Faculty of Science,"Geography (BSc) programs with Management Option, Waterloo Campus",UMD,False,"ENG4U, MHF4U, SBI4U/SCH4U/SPH4U","[{""n"": 1, ""options"": [""ENG4U""]}, {""n"": 1, ""options"": [""MHF4U""]}, {""n"": 1, ""options"": [""SBI4U"", ""SCH4U"", ""SPH4U""]}]",[],"60 in ENG4U, MHF4U, 2 of SBI4U/SCH4U/SPH4U",,,"[{""course"": ""ENG4U"", ""min"": 60.0}]",True,mid 80s,84.0,86.0,,,False
496,Wilfrid Laurier University,Faculty of Science,"Health Sciences (BSc), Waterloo Campus",USH,False,"ENG4U, MHF4U, SBI4U, SCH4U","[{""n"": 1, ""options"": [""ENG4U""]}, {""n"": 1, ""options"": [""MHF4U""]}, {""n"": 1, ""options"": [""SBI4U""]}, {""n"": 1, ""options"": [""SCH4U""]}]",[],"60 in ENG4U, MHF4U, SBI4U, SCH4U",,,"[{""course"": ""ENG4U"", ""min"": 60.0}]",True,high 80s,87.0,89.0,,,False
497,Wilfrid Laurier University,Faculty of Science,"Health Sciences (BSc) with Management Option, Waterloo Campus",UMT,False,"ENG4U, MHF4U, SBI4U, SCH4U","[{""n"": 1, ""options"": [""ENG4U""]}, {""n"": 1, ""options"": [""MHF4U""]}, {""n"": 1, ""options"": [""SBI4U""]}, {""n"": 1, ""options"": [""SCH4U""]}]",[],"60 in ENG4U, MHF4U, SBI4U, SCH4U",,,"[{""course"": ""ENG4U"", ""min"": 60.0}]",True,high 80s,87.0,89.0,,,False
498,Wilfrid Laurier University,Faculty of Science,"Honours Science (BSc), Waterloo Campus",UWA,False,"ENG4U, MHF4U, 2 of SBI4U/MCV4U/SCH4U/ICS4U/SES4U/SPH4U","[{""n"": 1, ""options"": [""ENG4U""]}, {""n"": 1, ""options"": [""MHF4U""]}, {""n"": 2, ""options"": [""SBI4U"", ""MCV4U"", ""SCH4U"", ""ICS4U"", ""SES4U"", ""SPH4U""]}]",[],"60 in ENG4U, MHF4U, 2 of SBI4U/MCV4U/SCH4U/ICS4U/SES4U/SPH4U",,,"[{""course"": ""ENG4U"", ""min"": 60.0}]",True,low 80s,80.0,83.0,,,False
499,Wilfrid Laurier University,Faculty of Science,"Honours Science (BSc) with Management Option, Waterloo Campus",UWD,False,"ENG4U, MHF4U, 2 of SBI4U/MCV4U/SCH4U/ICS4U/SES4U/SPH4U","[{""n"": 1, ""options"": [""ENG4U""]}, {""n"": 1, ""options"": [""MHF4U""]}, {""n"": 2, ""options"": [""SBI4U"", ""MCV4U"", ""SCH4U"", ""ICS4U"", ""SES4U"", ""SPH4U""]}]",[],"60 in ENG4U, MHF4U, 2 of SBI4U/MCV4U/SCH4U/ICS4U/SES4U/SPH4U",,,"[{""course"": ""ENG4U"", ""min"": 60.0}]",True,low 80s,80.0,83.0,,,False
500,Wilfrid Laurier University,Faculty of Science,"Kinesiology (BKin), Waterloo Campus",UKP,False,"ENG4U, MCR3U/MCF3M/MHF4U/MCV4U/MDM4U, SBI4U","[{""n"": 1, ""options"": [""ENG4U""]}, {""n"": 1, ""options"": [""MCR3U"", ""MCF3M"", ""MHF4U"", ""MCV4U"", ""MDM4U""]}, {""n"": 1, ""options"": [""SBI4U""]}]",[],"60 in ENG4U, MCR3U/MCF3M/MHF4U/MCV4U/MDM4U, 70 in SBI4U",,,"[{""course"": ""ENG4U"", ""min"": 60.0}, {""course"": ""SBI4U"", ""min"": 70.0}]",True,mid 80s,84.0,86.0,,,False
501,Wilfrid Laurier University,Faculty of Science,"Kinesiology (BKin) with Management Option, Waterloo Campus",UMU,False,"ENG4U, MCR3U/MCF3M/MHF4U/MCV4U/MDM4U, SBI4U","[{""n"": 1, ""options"": [""ENG4U""]}, {""n"": 1, ""options"": [""MCR3U"", ""MCF3M"", ""MHF4U"", ""MCV4U"", ""MDM4U""]}, {""n"": 1, ""options"": [""SBI4U""]}]",[],"60 in ENG4U, MCR3U/MCF3M/MHF4U/MCV4U/MDM4U, 70 in SBI4U",,,"[{""course"": ""ENG4U"", ""min"": 60.0}, {""course"": ""SBI4U"", ""min"": 70.0}]",True,mid 80s,84.0,86.0,,,False
502,Wilfrid Laurier University,Faculty of Science,"Kinesiology (BKin) with Teaching Option, Waterloo Campus",UKT,False,"ENG4U, MCR3U/MCF3M/MHF4U/MCV4U/MDM4U, SBI4U","[{""n"": 1, ""options"": [""ENG4U""]}, {""n"": 1, ""options"": [""MCR3U"", ""MCF3M"", ""MHF4U"", ""MCV4U"", ""MDM4U""]}, {""n"": 1, ""options"": [""SBI4U""]}]",[],"60 in ENG4U, MCR3U/MCF3M/MHF4U/MCV4U/MDM4U, 70 in SBI4U",,,"[{""course"": ""ENG4U"", ""min"": 60.0}, {""course"": ""SBI4U"", ""min"": 70.0}]",True,mid 80s,84.0,86.0,,,False
503,Wilfrid Laurier University,Faculty of Science,"Law Degree (LLB) at University of Sussex and Science Degree (BSc) in Honours Science, Waterloo Campus",ULS,False,"ENG4U, MHF4U, 2 of SBI4U/MCV4U/SCH4U/ICS4U/SES4U/SPH4U","[{""n"": 1, ""options"": [""ENG4U""]}, {""n"": 1, ""options"": [""MHF4U""]}, {""n"": 2, ""options"": [""SBI4U"", ""MCV4U"", ""SCH4U"", ""ICS4U"", ""SES4U"", ""SPH4U""]}]",[],"70 in ENG4U, 60 in MHF4U, 2 of SBI4U/MCV4U/SCH4U/ICS4U/SES4U/SPH4U",,,"[{""course"": ""ENG4U"", ""min"": 70.0}, {""course"": ""MHF4U"", ""min"": 60.0}]",True,mid 90s,94.0,96.0,,,False
504,Wilfrid Laurier University,Faculty of Science,"Mathematics and Data Analytics (BSc), Waterloo Campus",UBW,False,"ENG4U, MHF4U, MCV4U, SBI4U/SCH4U/SPH4U","[{""n"": 1, ""options"": [""ENG4U""]}, {""n"": 1, ""options"": [""MHF4U""]}, {""n"": 1, ""options"": [""MCV4U""]}, {""n"": 1, ""options"": [""SBI4U"", ""SCH4U"", ""SPH4U""]}]",[],"60 in ENG4U, MHF4U, MCV4U, SBI4U/SCH4U/SPH4U",,,"[{""course"": ""ENG4U"", ""min"": 60.0}]",True,mid 80s,84.0,86.0,,,False
505,Wilfrid Laurier University,Faculty of Science,"Mathematics and Data Analytics (BSc) with Management Option, Waterloo Campus",UHJ,False,"ENG4U, MHF4U, MCV4U, SBI4U/SCH4U/SPH4U","[{""n"": 1, ""options"": [""ENG4U""]}, {""n"": 1, ""options"": [""MHF4U""]}, {""n"": 1, ""options"": [""MCV4U""]}, {""n"": 1, ""options"": [""SBI4U"", ""SCH4U"", ""SPH4U""]}]",[],"60 in ENG4U, MHF4U, MCV4U, SBI4U/SCH4U/SPH4U",,,"[{""course"": ""ENG4U"", ""min"": 60.0}]",True,mid 80s,84.0,86.0,,,False
506,Wilfrid Laurier University,Faculty of Science,"Mathematics (BA), Waterloo Campus",UKE,False,"ENG4U, MHF4U, MCV4U","[{""n"": 1, ""options"": [""ENG4U""]}, {""n"": 1, ""options"": [""MHF4U""]}, {""n"": 1, ""options"": [""MCV4U""]}]",[],"60 in ENG4U, MHF4U, MCV4U",,,"[{""course"": ""ENG4U"", ""min"": 60.0}]",True,low 80s,80.0,83.0,,,False
507,Wilfrid Laurier University,Faculty of Science,"Mathematics (BA) with Management Option, Waterloo Campus",UMP,False,"ENG4U, MHF4U, MCV4U","[{""n"": 1, ""options"": [""ENG4U""]}, {""n"": 1, ""options"": [""MHF4U""]}, {""n"": 1, ""options"": [""MCV4U""]}]",[],"60 in ENG4U, MHF4U, MCV4U",,,"[{""course"": ""ENG4U"", ""min"": 60.0}]",True,low 80s,80.0,83.0,,,False
508,Wilfrid Laurier University,Faculty of Science,"Mathematics (BSc) Programs, Waterloo Campus",UBM,False,"ENG4U, MHF4U, MCV4U, SBI4U/SCH4U/SPH4U","[{""n"": 1, ""options"": [""ENG4U""]}, {""n"": 1, ""options"": [""MHF4U""]}, {""n"": 1, ""options"": [""MCV4U""]}, {""n"": 1, ""options"": [""SBI4U"", ""SCH4U"", ""SPH4U""]}]",[],"60 in ENG4U, MHF4U, MCV4U, SBI4U/SCH4U/SPH4U",,,"[{""course"": ""ENG4U"", ""min"": 60.0}]",True,mid 80s,84.0,86.0,,,False
509,Wilfrid Laurier University,Faculty of Science,"Mathematics (BSc) Programs with Management Option, Waterloo Campus",UMQ,False,"ENG4U, MHF4U, MCV4U, SBI4U/SCH4U/SPH4U","[{""n"": 1, ""options"": [""ENG4U""]}, {""n"": 1, ""options"": [""MHF4U""]}, {""n"": 1, ""options"": [""MCV4U""]}, {""n"": 1, ""options"": [""SBI4U"", ""SCH4U"", ""SPH4U""]}]",[],"60 in ENG4U, MHF4U, MCV4U, SBI4U/SCH4U/SPH4U",,,"[{""course"": ""ENG4U"", ""min"": 60.0}]",True,mid 80s,84.0,86.0,,,False
510,Wilfrid Laurier University,Faculty of Science,"Psychology (BSc), Waterloo Campus",UPS,False,"ENG4U,MHF4U, SBI4U","[{""n"": 1, ""options"": [""ENG4U""]}, {""n"": 1, ""options"": [""MHF4U""]}, {""n"": 1, ""options"": [""SBI4U""]}]",[],"60 in ENG4U,MHF4U, SBI4U",,,"[{""course"": ""ENG4U"", ""min"": 60.0}]",True,mid 80s,84.0,86.0,,,False
511,Wilfrid Laurier University,Faculty of Science,"Psychology (BSc) with Management Option, Waterloo Campus",UMX,False,"ENG4U,MHF4U, SBI4U","[{""n"": 1, ""options"": [""ENG4U""]}, {""n"": 1, ""options"": [""MHF4U""]}, {""n"": 1, ""options"": [""SBI4U""]}]",[],"60 in ENG4U,MHF4U, SBI4U",,,"[{""course"": ""ENG4U"", ""min"": 60.0}]",True,mid 80s,84.0,86.0,,,False
512,Wilfrid Laurier University,Faculty of Science,"Psychology (BA), Waterloo Campus",UHP,False,"ENG4U, MCR3U/MCF3M/MHF4U/MCV4U/MDM4U","[{""n"": 1, ""options"": [""ENG4U""]}, {""n"": 1, ""options"": [""MCR3U"", ""MCF3M"", ""MHF4U"", ""MCV4U"", ""MDM4U""]}]",[],"60 in ENG4U, MCR3U/MCF3M/MHF4U/MCV4U/MDM4U",,,"[{""course"": ""ENG4U"", ""min"": 60.0}]",True,low 80s,80.0,83.0,,,False
513,Wilfrid Laurier University,Faculty of Science,"Psychology (BA) with Management Option, Waterloo Campus",UMW,False,"ENG4U, MCR3U/MCF3M/MHF4U/MCV4U/MDM4U","[{""n"": 1, ""options"": [""ENG4U""]}, {""n"": 1, ""options"": [""MCR3U"", ""MCF3M"", ""MHF4U"", ""MCV4U"", ""MDM4U""]}]",[],"60 in ENG4U, MCR3U/MCF3M/MHF4U/MCV4U/MDM4U",,,"[{""course"": ""ENG4U"", ""min"": 60.0}]",True,low 80s,80.0,83.0,,,False
514,Wilfrid Laurier University,Faculty of Science,"Computer Science (BA), Milton Campus",UAN,False,"ENG4U, MHF4U","[{""n"": 1, ""options"": [""ENG4U""]}, {""n"": 1, ""options"": [""MHF4U""]}]",[],"60 in ENG4U, MHF4U",,,"[{""course"": ""ENG4U"", ""min"": 60.0}]",True,low 80s,80.0,83.0,,,False
515,Wilfrid Laurier University,Faculty of Science,"Computer Science (BA in Combination), Milton Campus",UCQ,False,"ENG4U, MHF4U","[{""n"": 1, ""options"": [""ENG4U""]}, {""n"": 1, ""options"": [""MHF4U""]}]",[],"60 in ENG4U, MHF4U",,,"[{""course"": ""ENG4U"", ""min"": 60.0}]",True,low 80s,80.0,83.0,,,False
516,Wilfrid Laurier University,Faculty of Science,"Computer Science (BSc), Milton Campus",UCN,False,"ENG4U, MHF4U, MCV4U/SCH4U/SPH4U","[{""n"": 1, ""options"": [""ENG4U""]}, {""n"": 1, ""options"": [""MHF4U""]}, {""n"": 1, ""options"": [""MCV4U"", ""SCH4U"", ""SPH4U""]}]",[],"60 in ENG4U, MHF4U, MCV4U/SCH4U/SPH4U",,,"[{""course"": ""ENG4U"", ""min"": 60.0}]",True,low 80s,80.0,83.0,,,False
517,Wilfrid Laurier University,Faculty of Science,"Psychology (BA), Milton Campus",UPQ,False,"ENG4U, MCR3U/MCF3M/MHF4U/MCV4U/MDM4U","[{""n"": 1, ""options"": [""ENG4U""]}, {""n"": 1, ""options"": [""MCR3U"", ""MCF3M"", ""MHF4U"", ""MCV4U"", ""MDM4U""]}]",[],"60 in ENG4U, MCR3U/MCF3M/MHF4U/MCV4U/MDM4U",,,"[{""course"": ""ENG4U"", ""min"": 60.0}]",True,low 80s,80.0,83.0,,,False
518,Wilfrid Laurier University,Faculty of Liberal Arts,"Psychology (BA in Combination), Milton Campus",UPR,False,"ENG4U, MCR3U/MCF3M/MHF4U/MCV4U/MDM4U","[{""n"": 1, ""options"": [""ENG4U""]}, {""n"": 1, ""options"": [""MCR3U"", ""MCF3M"", ""MHF4U"", ""MCV4U"", ""MDM4U""]}]",[],"60 in ENG4U, MCR3U/MCF3M/MHF4U/MCV4U/MDM4U",,,"[{""course"": ""ENG4U"", ""min"": 60.0}]",True,low 80s,80.0,83.0,,,False
519,Wilfrid Laurier University,Faculty of Liberal Arts,"English (BA), Brantford Campus",UVN,False,ENG4U,"[{""n"": 1, ""options"": [""ENG4U""]}]",[],60 in ENG4U,,,"[{""course"": ""ENG4U"", ""min"": 60.0}]",True,high 70s,77.0,79.0,,,False
520,Wilfrid Laurier University,Faculty of Liberal Arts,"English (BA) with Teaching Option, Brantford Campus",UVU,False,ENG4U,"[{""n"": 1, ""options"": [""ENG4U""]}]",[],60 in ENG4U,,,"[{""course"": ""ENG4U"", ""min"": 60.0}]",True,high 70s,77.0,79.0,,,False
521,Wilfrid Laurier University,Faculty of Liberal Arts,"History (BA), Brantford Campus",UVS,False,ENG4U,"[{""n"": 1, ""options"": [""ENG4U""]}]",[],60 in ENG4U,,,"[{""course"": ""ENG4U"", ""min"": 60.0}]",True,high 70s,77.0,79.0,,,False
522,Wilfrid Laurier University,Faculty of Liberal Arts,"History (BA) with Teaching Option, Brantford Campus",UVW,False,ENG4U,"[{""n"": 1, ""options"": [""ENG4U""]}]",[],60 in ENG4U,,,"[{""course"": ""ENG4U"", ""min"": 60.0}]",True,high 70s,77.0,79.0,,,False
523,Wilfrid Laurier University,Faculty of Liberal Arts,Human Rights (BA) and Master's at University of Sussex,UDX,False,ENG4U,"[{""n"": 1, ""options"": [""ENG4U""]}]",[],60 in ENG4U,,,"[{""course"": ""ENG4U"", ""min"": 60.0}]",True,low 80s,80.0,83.0,,,False
524,Wilfrid Laurier University,Faculty of Liberal Arts,"Human Rights (BA), Brantford Campus",UVH,False,ENG4U,"[{""n"": 1, ""options"": [""ENG4U""]}]",[],60 in ENG4U,,,"[{""course"": ""ENG4U"", ""min"": 60.0}]",True,high 70s,77.0,79.0,,,False
525,Wilfrid Laurier University,Faculty of Liberal Arts,"Indigenous Studies (BA in Combination), Brantford Campus",UIS,False,ENG4U,"[{""n"": 1, ""options"": [""ENG4U""]}]",[],60 in ENG4U,,,"[{""course"": ""ENG4U"", ""min"": 60.0}]",True,high 70s,77.0,79.0,,,False
526,Wilfrid Laurier University,Faculty of Liberal Arts,"Indigenous Studies (BA in Combination) with Teaching Option, Brantford Campus",UIT,False,ENG4U,"[{""n"": 1, ""options"": [""ENG4U""]}]",[],60 in ENG4U,,,"[{""course"": ""ENG4U"", ""min"": 60.0}]",True,high 70s,77.0,79.0,,,False
527,Wilfrid Laurier University,Faculty of Liberal Arts,"Law and Society (BA), Brantford Campus",UVT,False,ENG4U,"[{""n"": 1, ""options"": [""ENG4U""]}]",[],60 in ENG4U,,,"[{""course"": ""ENG4U"", ""min"": 60.0}]",True,low 80s,80.0,83.0,,,False
528,Wilfrid Laurier University,Faculty of Liberal Arts,"Law Degree (LLB) at University of Sussex and Arts Degree (BA) in English, History, Human Rights, or Law and Society, Brantford Campus",ULL,False,ENG4U,"[{""n"": 1, ""options"": [""ENG4U""]}]",[],70 in ENG4U,,,"[{""course"": ""ENG4U"", ""min"": 70.0}]",True,mid 80s,84.0,86.0,,,False
529,Wilfrid Laurier University,Faculty of Liberal Arts,"User Experience Design (BDes), Brantford Campus",UUE,False,ENG4U,"[{""n"": 1, ""options"": [""ENG4U""]}]",[],70 in ENG4U,,,"[{""course"": ""ENG4U"", ""min"": 70.0}]",True,low 80s,80.0,83.0,,,False
530,Wilfrid Laurier University,Faculty of Human and Social Sciences,"User Experience Design (BDes) with Teaching Option, Brantford Campus",UXT,False,ENG4U,"[{""n"": 1, ""options"": [""ENG4U""]}]",[],70 in ENG4U,,,"[{""course"": ""ENG4U"", ""min"": 70.0}]",True,low 80s,80.0,83.0,,,False
531,Wilfrid Laurier University,Faculty of Human and Social Sciences,"Youth and Children's Studies (BA) with Teaching Option, Brantford Campus",UYT,False,ENG4U,"[{""n"": 1, ""options"": [""ENG4U""]}]",[],60 in ENG4U,,,"[{""course"": ""ENG4U"", ""min"": 60.0}]",True,low 80s,80.0,83.0,,,False
532,Wilfrid Laurier University,Faculty of Human and Social Sciences,"Youth and Children's Studies (BA), Brantford Campus",UYS,False,ENG4U,"[{""n"": 1, ""options"": [""ENG4U""]}]",[],60 in ENG4U,,,"[{""course"": ""ENG4U"", ""min"": 60.0}]",True,low 80s,80.0,83.0,,,False
533,Wilfrid Laurier University,Faculty of Human and Social Sciences,"Applied Health Sciences (BASc), Brantford Campus",UAL,False,"ENG4U, MHF4U/MCV4U/MDM4U, SBI4U, SCH4U","[{""n"": 1, ""options"": [""ENG4U""]}, {""n"": 1, ""options"": [""MHF4U"", ""MCV4U"", ""MDM4U""]}, {""n"": 1, ""options"": [""SBI4U""]}, {""n"": 1, ""options"": [""SCH4U""]}]",[],"60 in ENG4U, MHF4U/MCV4U/MDM4U, SBI4U, SCH4U",,,"[{""course"": ""ENG4U"", ""min"": 60.0}]",True,low 80s,80.0,83.0,,,False
534,Wilfrid Laurier University,Faculty of Human and Social Sciences,"Applied Health Sciences (BASc) with Teaching Option, Brantford Campus",UHD,False,"ENG4U, MHF4U/MCV4U/MDM4U, SBI4U, SCH4U","[{""n"": 1, ""options"": [""ENG4U""]}, {""n"": 1, ""options"": [""MHF4U"", ""MCV4U"", ""MDM4U""]}, {""n"": 1, ""options"": [""SBI4U""]}, {""n"": 1, ""options"": [""SCH4U""]}]",[],"60 in ENG4U, MHF4U/MCV4U/MDM4U, SBI4U, SCH4U",,,"[{""course"": ""ENG4U"", ""min"": 60.0}]",True,low 80s,80.0,83.0,,,False
535,Wilfrid Laurier University,Faculty of Human and Social Sciences,"Computer Science (BA in Combination), Brantford Campus",UAF,False,,[],[],,,,[],False,,,,,,False
536,Wilfrid Laurier University,Faculty of Human and Social Sciences,"Criminology (BA), Brantford Campus",UCI,False,ENG4U,"[{""n"": 1, ""options"": [""ENG4U""]}]",[],60 in ENG4U,,,"[{""course"": ""ENG4U"", ""min"": 60.0}]",True,low 80s,80.0,83.0,,,False
537,Wilfrid Laurier University,Faculty of Human and Social Sciences,"Game Design and Development in Combination (BA), Brantford Campus",UGC,False,ENG4U,"[{""n"": 1, ""options"": [""ENG4U""]}]",[],70 in ENG4U,,,"[{""course"": ""ENG4U"", ""min"": 70.0}]",True,low 80s,80.0,83.0,,,False
538,Wilfrid Laurier University,Faculty of Human and Social Sciences,"Game Design and Development (BA), Brantford Campus",UGM,False,ENG4U,"[{""n"": 1, ""options"": [""ENG4U""]}]",[],70 in ENG4U,,,"[{""course"": ""ENG4U"", ""min"": 70.0}]",True,low 80s,80.0,83.0,,,False
539,Wilfrid Laurier University,Faculty of Human and Social Sciences,"Game Design and Development (BA) with Teaching Option, Brantford Campus",UGN,False,ENG4U,"[{""n"": 1, ""options"": [""ENG4U""]}]",[],70 in ENG4U,,,"[{""course"": ""ENG4U"", ""min"": 70.0}]",True,low 80s,80.0,83.0,,,False
540,Wilfrid Laurier University,Faculty of Human and Social Sciences,"Health Studies (BA), Brantford Campus",UHB,False,ENG4U,"[{""n"": 1, ""options"": [""ENG4U""]}]",[],60 in ENG4U,,,"[{""course"": ""ENG4U"", ""min"": 60.0}]",True,high 70s,77.0,79.0,,,False
541,Wilfrid Laurier University,Faculty of Human and Social Sciences,Health Studies (BA) and Master's at Brighton and Sussex Medical School,UHX,False,ENG4U,"[{""n"": 1, ""options"": [""ENG4U""]}]",[],60 in ENG4U,,,"[{""course"": ""ENG4U"", ""min"": 60.0}]",True,low 80s,80.0,83.0,,,False
542,Wilfrid Laurier University,Faculty of Human and Social Sciences,"Law Degree (LLB) at University of Sussex and Arts Degree (BA) in Criminology, Brantford Campus",ULC,False,ENG4U,"[{""n"": 1, ""options"": [""ENG4U""]}]",[],70 in ENG4U,,,"[{""course"": ""ENG4U"", ""min"": 70.0}]",True,mid 80s,84.0,86.0,,,False
543,Wilfrid Laurier University,Faculty of Human and Social Sciences,"Leadership (BA), Brantford Campus",UHK,False,ENG4U,"[{""n"": 1, ""options"": [""ENG4U""]}]",[],60 in ENG4U,,,"[{""course"": ""ENG4U"", ""min"": 60.0}]",True,high 70s,77.0,79.0,,,False
544,Wilfrid Laurier University,Faculty of Human and Social Sciences,"Leadership (BA in Combination), Brantford Campus",ULE,False,ENG4U,"[{""n"": 1, ""options"": [""ENG4U""]}]",[],60 in ENG4U,,,"[{""course"": ""ENG4U"", ""min"": 60.0}]",True,high 70s,77.0,79.0,,,False
545,Wilfrid Laurier University,Faculty of Human and Social Sciences,"Multid­isciplinary Studies (BA), Brantford Campus",UHM,False,ENG4U,"[{""n"": 1, ""options"": [""ENG4U""]}]",[],60 in ENG4U,,,"[{""course"": ""ENG4U"", ""min"": 60.0}]",True,low 80s,80.0,83.0,,,False
546,Wilfrid Laurier University,Faculty of Human and Social Sciences,"Policing (BA in Combination), Brantford Campus",UPC,False,ENG4U,"[{""n"": 1, ""options"": [""ENG4U""]}]",[],60 in ENG4U,,,"[{""course"": ""ENG4U"", ""min"": 60.0}]",True,low 80s,80.0,83.0,,,False
547,Wilfrid Laurier University,Faculty of Human and Social Sciences,"Policing and Psychology (BA), Brantford Campus",UPB,False,"ENG4U, MCR3U/MCF3M/MHF4U/MCV4U/MDM4U","[{""n"": 1, ""options"": [""ENG4U""]}, {""n"": 1, ""options"": [""MCR3U"", ""MCF3M"", ""MHF4U"", ""MCV4U"", ""MDM4U""]}]",[],"60 in ENG4U, MCR3U/MCF3M/MHF4U/MCV4U/MDM4U",,,"[{""course"": ""ENG4U"", ""min"": 60.0}]",True,low 80s,80.0,83.0,,,False
548,Wilfrid Laurier University,Faculty of Human and Social Sciences,"Psychology (BA), Brantford Campus",UVD,False,"ENG4U, MCR3U/MCF3M/MHF4U/MCV4U/MDM4U","[{""n"": 1, ""options"": [""ENG4U""]}, {""n"": 1, ""options"": [""MCR3U"", ""MCF3M"", ""MHF4U"", ""MCV4U"", ""MDM4U""]}]",[],"60 in ENG4U, MCR3U/MCF3M/MHF4U/MCV4U/MDM4U",,,"[{""course"": ""ENG4U"", ""min"": 60.0}]",True,low 80s,80.0,83.0,,,False
549,Wilfrid Laurier University,Faculty of Human and Social Sciences,"Psychology (BA) with Teaching Option, Brantford Campus",UVE,False,"ENG4U, MCR3U/MCF3M/MHF4U/MCV4U/MDM4U","[{""n"": 1, ""options"": [""ENG4U""]}, {""n"": 1, ""options"": [""MCR3U"", ""MCF3M"", ""MHF4U"", ""MCV4U"", ""MDM4U""]}]",[],"60 in ENG4U, MCR3U/MCF3M/MHF4U/MCV4U/MDM4U",,,"[{""course"": ""ENG4U"", ""min"": 60.0}]",True,low 80s,80.0,83.0,,,False
550,Wilfrid Laurier University,Faculty of Human and Social Sciences,"Psychology (BSc), Brantford Campus",UPT,False,"ENG4U, MHF4U, SBI4U","[{""n"": 1, ""options"": [""ENG4U""]}, {""n"": 1, ""options"": [""MHF4U""]}, {""n"": 1, ""options"": [""SBI4U""]}]",[],"60 in ENG4U, MHF4U, SBI4U",,,"[{""course"": ""ENG4U"", ""min"": 60.0}]",True,mid 80s,84.0,86.0,,,False
551,Wilfrid Laurier University,Faculty of Human and Social Sciences,"Public Safety (BA in combination), Brantford Campus",UCW,False,"ENG4U, MHF4U, SBI4U","[{""n"": 1, ""options"": [""ENG4U""]}, {""n"": 1, ""options"": [""MHF4U""]}, {""n"": 1, ""options"": [""SBI4U""]}]",[],"60 in ENG4U, MHF4U, SBI4U",,,"[{""course"": ""ENG4U"", ""min"": 60.0}]",True,mid 80s,84.0,86.0,,,False
552,Wilfrid Laurier University,Faculty of Human and Social Sciences,"Public Safety and Psychology (BA), Brantford Campus",UCJ,False,"ENG4U, MCR3U/MCF3M/MHF4U/MCV4U/MDM4U","[{""n"": 1, ""options"": [""ENG4U""]}, {""n"": 1, ""options"": [""MCR3U"", ""MCF3M"", ""MHF4U"", ""MCV4U"", ""MDM4U""]}]",[],"60 in ENG4U, MCR3U/MCF3M/MHF4U/MCV4U/MDM4U",,,"[{""course"": ""ENG4U"", ""min"": 60.0}]",True,mid 80s,84.0,86.0,,,False
553,Wilfrid Laurier University,Faculty of Human and Social Sciences,"Policing (BA in Combination), Waterloo Campus",UPD,False,ENG4U,"[{""n"": 1, ""options"": [""ENG4U""]}]",[],60 in ENG4U,,,"[{""course"": ""ENG4U"", ""min"": 60.0}]",True,low 80s,80.0,83.0,,,False
554,Wilfrid Laurier University,Faculty of Human and Social Sciences,"Policing (BA in Combination) with Management Option, Waterloo Campus",UPM,False,ENG4U,"[{""n"": 1, ""options"": [""ENG4U""]}]",[],60 in ENG4U,,,"[{""course"": ""ENG4U"", ""min"": 60.0}]",True,low 80s,80.0,83.0,,,False
555,Wilfrid Laurier University,Faculty of Human and Social Sciences,"Policing and Psychology (BA), Waterloo Campus",UPE,False,"ENG4U, MCR3U/MCF3M/MHF4U/MCV4U/MDM4U","[{""n"": 1, ""options"": [""ENG4U""]}, {""n"": 1, ""options"": [""MCR3U"", ""MCF3M"", ""MHF4U"", ""MCV4U"", ""MDM4U""]}]",[],"60 in ENG4U, MCR3U/MCF3M/MHF4U/MCV4U/MDM4U",,,"[{""course"": ""ENG4U"", ""min"": 60.0}]",True,low 80s,80.0,83.0,,,False
556,Wilfrid Laurier University,Faculty of Human and Social Sciences,"Policing and Psychology (BA) with Management Option, Waterloo Campus",UPN,False,"ENG4U, MCR3U/MCF3M/MHF4U/MCV4U/MDM4U","[{""n"": 1, ""options"": [""ENG4U""]}, {""n"": 1, ""options"": [""MCR3U"", ""MCF3M"", ""MHF4U"", ""MCV4U"", ""MDM4U""]}]",[],"60 in ENG4U, MCR3U/MCF3M/MHF4U/MCV4U/MDM4U",,,"[{""course"": ""ENG4U"", ""min"": 60.0}]",True,low 80s,80.0,83.0,,,False
557,Wilfrid Laurier University,Faculty of Human and Social Sciences,"Public Safety (BA in combination), Waterloo Campus",UCV,False,ENG4U,"[{""n"": 1, ""options"": [""ENG4U""]}]",[],60 in ENG4U,,,"[{""course"": ""ENG4U"", ""min"": 60.0}]",True,mid 80s,84.0,86.0,,,False
558,Wilfrid Laurier University,Faculty of Social Work,"Public Safety and Psychology (BA), Waterloo Campus",UCH,False,"ENG4U, MCR3U/MCF3M/MHF4U/MCV4U/MDM4U","[{""n"": 1, ""options"": [""ENG4U""]}, {""n"": 1, ""options"": [""MCR3U"", ""MCF3M"", ""MHF4U"", ""MCV4U"", ""MDM4U""]}]",[],"60 in ENG4U, MCR3U/MCF3M/MHF4U/MCV4U/MDM4U",,,"[{""course"": ""ENG4U"", ""min"": 60.0}]",True,mid 80s,84.0,86.0,,,False
559,Wilfrid Laurier University,Faculty of Social Work,"Multid­isciplinary Studies (BA), Online Campus",UAR,False,,[],[],,,,[],False,,,,,,False
560,Wilfrid Laurier University,Lazaridis School of Business and Economics,"Public Safety (BA), Online Campus",UCU,False,ENG4U,"[{""n"": 1, ""options"": [""ENG4U""]}]",[],60 in ENG4U,,,"[{""course"": ""ENG4U"", ""min"": 60.0}]",True,high 70s,77.0,79.0,,,False
561,Wilfrid Laurier University,Lazaridis School of Business and Economics,"Social Work (BSW), Brantford Campus",USW,False,ENG4U,"[{""n"": 1, ""options"": [""ENG4U""]}]",[],60 in ENG4U,,,"[{""course"": ""ENG4U"", ""min"": 60.0}]",True,mid 80s,84.0,86.0,,,False
562,Wilfrid Laurier University,Lazaridis School of Business and Economics,"Social Work (BSW) with Teaching Option, Brantford Campus",UST,False,ENG4U,"[{""n"": 1, ""options"": [""ENG4U""]}]",[],60 in ENG4U,,,"[{""course"": ""ENG4U"", ""min"": 60.0}]",True,mid 80s,84.0,86.0,,,False
563,Wilfrid Laurier University,Lazaridis School of Business and Economics,"Business Admini­stration (BBA), Waterloo Campus",UB,False,"ENG4U, MHF4U, MCV4U/MDM4U","[{""n"": 1, ""options"": [""ENG4U""]}, {""n"": 1, ""options"": [""MHF4U""]}, {""n"": 1, ""options"": [""MCV4U"", ""MDM4U""]}]",[],"70 in ENG4U, MHF4U, MCV4U/MDM4U",,,"[{""course"": ""ENG4U"", ""min"": 70.0}]",True,low 90s,90.0,93.0,,,False
564,Wilfrid Laurier University,Lazaridis School of Business and Economics,"Business Admini­stration (BBA) and Computer Science (BCS) at University of Waterloo Double Degree, Waterloo Campus",UWB,False,"ENG4U, MHF4U, MCV4U","[{""n"": 1, ""options"": [""ENG4U""]}, {""n"": 1, ""options"": [""MHF4U""]}, {""n"": 1, ""options"": [""MCV4U""]}]",[],"80 in ENG4U, 90 in MHF4U, MCV4U",,,"[{""course"": ""ENG4U"", ""min"": 80.0}, {""course"": ""MHF4U"", ""min"": 90.0}]",True,mid 90s,94.0,96.0,,,False
565,Wilfrid Laurier University,Lazaridis School of Business and Economics,"Business Admini­stration (BBA) and Financial Mathematics and Analytics (BA) Double Degree, Waterloo Campus",UBF,False,"ENG4U, MHF4U, MCV4U","[{""n"": 1, ""options"": [""ENG4U""]}, {""n"": 1, ""options"": [""MHF4U""]}, {""n"": 1, ""options"": [""MCV4U""]}]",[],"70 in ENG4U, 80 in MHF4U, MCV4U",,,"[{""course"": ""ENG4U"", ""min"": 70.0}, {""course"": ""MHF4U"", ""min"": 80.0}]",True,low 90s,90.0,93.0,,,False
566,Wilfrid Laurier University,Lazaridis School of Business and Economics,"Business Admini­stration (BBA) and Mathematics (BMath) at University of Waterloo Double Degree, Waterloo Campus",UWW,False,"ENG4U, MHF4U, MCV4U","[{""n"": 1, ""options"": [""ENG4U""]}, {""n"": 1, ""options"": [""MHF4U""]}, {""n"": 1, ""options"": [""MCV4U""]}]",[],"80 in ENG4U, 85 in MHF4U, MCV4U",,,"[{""course"": ""ENG4U"", ""min"": 80.0}, {""course"": ""MHF4U"", ""min"": 85.0}]",True,mid 90s,94.0,96.0,,,False
567,Wilfrid Laurier University,Lazaridis School of Business and Economics,"Economics (BA), Waterloo Campus",UD,False,"ENG4U, MHF4U, MCV4U/MDM4U","[{""n"": 1, ""options"": [""ENG4U""]}, {""n"": 1, ""options"": [""MHF4U""]}, {""n"": 1, ""options"": [""MCV4U"", ""MDM4U""]}]",[],"70 in ENG4U, MHF4U, 60 in MCV4U/MDM4U",,,"[{""course"": ""ENG4U"", ""min"": 70.0}, {""course"": ""MCV4U"", ""min"": 60.0}, {""course"": ""MDM4U"", ""min"": 60.0}]",True,high 80s,87.0,89.0,,,False
568,Wilfrid Laurier University,Lazaridis School of Business and Economics,"Economics (BA) with Management Option, Waterloo Campus",UEM,False,"ENG4U, MHF4U, MCV4U/MDM4U","[{""n"": 1, ""options"": [""ENG4U""]}, {""n"": 1, ""options"": [""MHF4U""]}, {""n"": 1, ""options"": [""MCV4U"", ""MDM4U""]}]",[],"70 in ENG4U, MHF4U, 60 in MCV4U/MDM4U",,,"[{""course"": ""ENG4U"", ""min"": 70.0}, {""course"": ""MCV4U"", ""min"": 60.0}, {""course"": ""MDM4U"", ""min"": 60.0}]",True,high 80s,87.0,89.0,,,False
569,Wilfrid Laurier University,Lazaridis School of Business and Economics,"Economics and Accounting (BA), Waterloo Campus",UDA,False,"ENG4U, MHF4U, MCV4U/MDM4U","[{""n"": 1, ""options"": [""ENG4U""]}, {""n"": 1, ""options"": [""MHF4U""]}, {""n"": 1, ""options"": [""MCV4U"", ""MDM4U""]}]",[],"70 in ENG4U, MHF4U, 60 in MCV4U/MDM4U",,,"[{""course"": ""ENG4U"", ""min"": 70.0}, {""course"": ""MCV4U"", ""min"": 60.0}, {""course"": ""MDM4U"", ""min"": 60.0}]",True,high 80s,87.0,89.0,,,False
570,Wilfrid Laurier University,Lazaridis School of Business and Economics,"Economics and Accounting (BA) with Management Option, Waterloo Campus",UDG,False,"ENG4U, MHF4U, MCV4U/MDM4U","[{""n"": 1, ""options"": [""ENG4U""]}, {""n"": 1, ""options"": [""MHF4U""]}, {""n"": 1, ""options"": [""MCV4U"", ""MDM4U""]}]",[],"70 in ENG4U, MHF4U, 60 in MCV4U/MDM4U",,,"[{""course"": ""ENG4U"", ""min"": 70.0}, {""course"": ""MCV4U"", ""min"": 60.0}, {""course"": ""MDM4U"", ""min"": 60.0}]",True,high 80s,87.0,89.0,,,False
571,Wilfrid Laurier University,Lazaridis School of Business and Economics,"Economics and Data Analytics (BA), Waterloo Campus",UED,False,"ENG4U, MHF4U, MCV4U/MDM4U","[{""n"": 1, ""options"": [""ENG4U""]}, {""n"": 1, ""options"": [""MHF4U""]}, {""n"": 1, ""options"": [""MCV4U"", ""MDM4U""]}]",[],"70 in ENG4U, MHF4U, 60 in MCV4U/MDM4U",,,"[{""course"": ""ENG4U"", ""min"": 70.0}, {""course"": ""MCV4U"", ""min"": 60.0}, {""course"": ""MDM4U"", ""min"": 60.0}]",True,high 80s,87.0,89.0,,,False
572,Wilfrid Laurier University,Lazaridis School of Business and Economics,"Economics and Data Analytics (BA) with Management Option, Waterloo Campus",UEE,False,"ENG4U, MHF4U, MCV4U/MDM4U","[{""n"": 1, ""options"": [""ENG4U""]}, {""n"": 1, ""options"": [""MHF4U""]}, {""n"": 1, ""options"": [""MCV4U"", ""MDM4U""]}]",[],"70 in ENG4U, MHF4U, 60 in MCV4U/MDM4U",,,"[{""course"": ""ENG4U"", ""min"": 70.0}, {""course"": ""MCV4U"", ""min"": 60.0}, {""course"": ""MDM4U"", ""min"": 60.0}]",True,high 80s,87.0,89.0,,,False
573,Wilfrid Laurier University,Lazaridis School of Business and Economics,"Economics and Financial Management (BA), Waterloo Campus",UDF,False,"ENG4U, MHF4U, MCV4U/MDM4U","[{""n"": 1, ""options"": [""ENG4U""]}, {""n"": 1, ""options"": [""MHF4U""]}, {""n"": 1, ""options"": [""MCV4U"", ""MDM4U""]}]",[],"70 in ENG4U, MHF4U, 60 in MCV4U/MDM4U",,,"[{""course"": ""ENG4U"", ""min"": 70.0}, {""course"": ""MCV4U"", ""min"": 60.0}, {""course"": ""MDM4U"", ""min"": 60.0}]",True,high 80s,87.0,89.0,,,False
574,Wilfrid Laurier University,Faculty of Music,"Economics and Financial Management (BA) with Management Option, Waterloo Campus",UDH,False,"ENG4U, MHF4U, MCV4U/MDM4U","[{""n"": 1, ""options"": [""ENG4U""]}, {""n"": 1, ""options"": [""MHF4U""]}, {""n"": 1, ""options"": [""MCV4U"", ""MDM4U""]}]",[],"70 in ENG4U, MHF4U, 60 in MCV4U/MDM4U",,,"[{""course"": ""ENG4U"", ""min"": 70.0}, {""course"": ""MCV4U"", ""min"": 60.0}, {""course"": ""MDM4U"", ""min"": 60.0}]",True,high 80s,87.0,89.0,,,False
575,Wilfrid Laurier University,Faculty of Music,"Business Admini­stration (BBA) and Computer Science (BSc) Double Degree, Waterloo Campus",UXA,False,"ENG4U, MHF4U, MCV4U","[{""n"": 1, ""options"": [""ENG4U""]}, {""n"": 1, ""options"": [""MHF4U""]}, {""n"": 1, ""options"": [""MCV4U""]}]",[],"70 in ENG4U, 75 in MHF4U, MCV4U",,,"[{""course"": ""ENG4U"", ""min"": 70.0}, {""course"": ""MHF4U"", ""min"": 75.0}]",True,low 90s,90.0,93.0,,,False
576,Wilfrid Laurier University,Faculty of Music,"Business Technology Management (BBTM), Milton Campus",UBT,False,"ENG4U, MHF4U/MCV4U","[{""n"": 1, ""options"": [""ENG4U""]}, {""n"": 1, ""options"": [""MHF4U"", ""MCV4U""]}]",[],"70 in ENG4U, MHF4U/MCV4U",,,"[{""course"": ""ENG4U"", ""min"": 70.0}]",True,low 80s,80.0,83.0,,,False
577,Wilfrid Laurier University,Martin Luther University College,"Music (BMus), Waterloo Campus",UM,True,1 of ENG4U/ETS4U/EWC4U/EAE4U,"[{""n"": 1, ""options"": [""ENG4U"", ""ETS4U"", ""EWC4U"", ""EAE4U""]}]",[],60 in ENG4U/ETS4U/EWC4U/EAE4U,,,"[{""course"": ""ENG4U"", ""min"": 60.0}, {""course"": ""ETS4U"", ""min"": 60.0}, {""course"": ""EWC4U"", ""min"": 60.0}, {""course"": ""EAE4U"", ""min"": 60.0}]",True,high 80s,87.0,89.0,,,False
578,Wilfrid Laurier University,Martin Luther University College,"Music (BMus) with Management Option, Waterloo Campus",UNU,True,1 of ENG4U/ETS4U/EWC4U/EAE4U,"[{""n"": 1, ""options"": [""ENG4U"", ""ETS4U"", ""EWC4U"", ""EAE4U""]}]",[],60 in ENG4U/ETS4U/EWC4U/EAE4U,,,"[{""course"": ""ENG4U"", ""min"": 60.0}, {""course"": ""ETS4U"", ""min"": 60.0}, {""course"": ""EWC4U"", ""min"": 60.0}, {""course"": ""EAE4U"", ""min"": 60.0}]",True,high 80s,87.0,89.0,,,False
579,Wilfrid Laurier University,Martin Luther University College,"Music (BMus) with Teaching Option, Waterloo Campus",UNT,True,1 of ENG4U/ETS4U/EWC4U/EAE4U,"[{""n"": 1, ""options"": [""ENG4U"", ""ETS4U"", ""EWC4U"", ""EAE4U""]}]",[],60 in ENG4U/ETS4U/EWC4U/EAE4U,,,"[{""course"": ""ENG4U"", ""min"": 60.0}, {""course"": ""ETS4U"", ""min"": 60.0}, {""course"": ""EWC4U"", ""min"": 60.0}, {""course"": ""EAE4U"", ""min"": 60.0}]",True,high 80s,87.0,89.0,,,False
580,Wilfrid Laurier University,Martin Luther University College,"Christ­ianity, Interfaith Dialogue, and Community Engagement (BA), Waterloo Campus",UCG,False,ENG4U,"[{""n"": 1, ""options"": [""ENG4U""]}]",[],60 in ENG4U,,,"[{""course"": ""ENG4U"", ""min"": 60.0}]",True,low 80s,80.0,83.0,,,False
581,Wilfrid Laurier University,Martin Luther University College,"Christ­ianity, Interfaith Dialogue, and Community Engagement (BA) with Management Option, Waterloo Campus",UME,False,ENG4U,"[{""n"": 1, ""options"": [""ENG4U""]}]",[],60 in ENG4U,,,"[{""course"": ""ENG4U"", ""min"": 60.0}]",True,low 80s,80.0,83.0,,,False
582,University of Ottawa,Faculty of Arts,Bachelor of Fine Arts in Acting,OCB,True,"At least six 4U/M (or DU) courses, including English","[{""n"": 1, ""options"": [], ""any_senior"": true, ""description"": ""At least six 4U/M (or DU) courses""}]","[""including English""]","min 60% in English, 70% overall average",70.0,,[],True,low 70s,70.0,73.0,,,False
583,University of Ottawa,Faculty of Arts,Major in Art History,OVT,False,"at least six 4U or 4M (university-prep) courses, including 4U English","[{""n"": 1, ""options"": [], ""any_senior"": true, ""description"": ""at least six 4U or 4M (university-prep) courses""}, {""n"": 1, ""options"": [], ""any_senior"": true, ""description"": ""including 4U English""}]",[],"min 60% in English, 70% overall average",70.0,,[],True,mid 70s - low 80s,74.0,83.0,,,False
584,University of Ottawa,Faculty of Arts,Bachelor of Arts in Interdisciplinary Studies,OAU,False,ENG4U,"[{""n"": 1, ""options"": [""ENG4U""]}]",[],"min 60% in English, 70% overall average",70.0,,[],True,mid 70s - low 80s,74.0,83.0,,,False
585,University of Ottawa,Faculty of Arts,Bachelor of Arts in Interdisciplinary Studies,OAA,False,ENG4U,"[{""n"": 1, ""options"": [""ENG4U""]}]",[],"min 60% in English, 70% overall average",70.0,,[],True,low 70s - mid 70s,70.0,76.0,,,False
586,University of Ottawa,Faculty of Arts,Honors BA Communication,OV,False,ENG4U,"[{""n"": 1, ""options"": [""ENG4U""]}]",[],"min 60% in English, 70% overall average",70.0,,[],True,low 70s - mid 70s,70.0,76.0,,,False
587,University of Ottawa,Faculty of Arts,Joint Honors BA in Communication and Sociology,OVZ,False,ENG4U,"[{""n"": 1, ""options"": [""ENG4U""]}]",[],"min 60% in English, 70% overall average",70.0,,[],True,low 60s - mid 70s,60.0,76.0,,,False
588,University of Ottawa,Faculty of Arts,Joint Honors BA in Communication and Political Science,OVY,False,ENG4U,"[{""n"": 1, ""options"": [""ENG4U""]}]",[],"min 60% in English, 70% overall average",70.0,,[],True,mid 70s - low 80s,74.0,83.0,,,False
589,University of Ottawa,Faculty of Arts,Honors Bachelor of Digital Journalism - Joint program with Algonquin College,ODA,False,ENG4U,"[{""n"": 1, ""options"": [""ENG4U""]}]",[],"min 60% in English, 70% overall average",70.0,,[],True,mid 70s,74.0,76.0,,,False
590,University of Ottawa,Faculty of Arts,Honors BA English,OVA,False,ENG4U,"[{""n"": 1, ""options"": [""ENG4U""]}]",[],"min 60% in English, 70% overall average",70.0,,[],True,mid 70s,74.0,76.0,,,False
591,University of Ottawa,Faculty of Arts,Honors BA Environmental Studies,OAE,False,ENG4U,"[{""n"": 1, ""options"": [""ENG4U""]}]",[],"min 60% in English, 70% overall average",70.0,,[],True,mid 60s - low 70s,64.0,73.0,,,False
592,University of Ottawa,Faculty of Arts,Honors BA Ethics and Political Philosophy,OAC,False,ENG4U,"[{""n"": 1, ""options"": [""ENG4U""]}]",[],"min 60% in English, 70% overall average",70.0,,[],True,mid 70s,74.0,76.0,,,False
593,University of Ottawa,Faculty of Arts,Major in French as a Second Language,OVR,False,ENG4U + Strong foundation in French recommended (FRS4U),"[{""n"": 1, ""options"": [""ENG4U""]}, {""n"": 1, ""options"": [""FRS4U""]}]",[],"min 60% in English, 70% overall average",70.0,,[],True,mid 70s,74.0,76.0,,,False
594,University of Ottawa,Faculty of Arts,Honors BA Geography,OVC,False,ENG4U + math 4U recommended,"[{""n"": 1, ""options"": [""ENG4U""]}]",[],"min 60% in English, 70% overall average",70.0,,[],True,mid 70s,74.0,76.0,,,False
595,University of Ottawa,Faculty of Arts,Honors BA Greek and Roman Studies,OVD,False,ENG4U + classical language or humanities background encouraged,"[{""n"": 1, ""options"": [""ENG4U""]}]",[],"min 60% in English, 70% overall average",70.0,,[],True,mid 70s,74.0,76.0,,,False
596,University of Ottawa,Faculty of Arts,Honors BA History,OVF,False,ENG4U,"[{""n"": 1, ""options"": [""ENG4U""]}]",[],"min 60% in English, 70% overall average",70.0,,[],True,mid 70s,74.0,76.0,,,False
597,University of Ottawa,Faculty of Arts,Joint Honors BA in History and Political Science,OR,False,ENG4U,"[{""n"": 1, ""options"": [""ENG4U""]}]",[],"min 60% in English, 70% overall average",70.0,,[],True,mid 70s,74.0,76.0,,,False
598,University of Ottawa,Faculty of Arts,Honors BA Linguistics,OVG,False,ENG4U,"[{""n"": 1, ""options"": [""ENG4U""]}]",[],"min 60% in English, 70% overall average",70.0,,[],True,mid 70s,74.0,76.0,,,False
599,University of Ottawa,Faculty of Arts,Major in Medieval and Renaissance Studies,OVV,False,ENG4U + background in humanities recommended,"[{""n"": 1, ""options"": [""ENG4U""]}]",[],"min 60% in English, 70% overall average",70.0,,[],True,mid 70s,74.0,76.0,,,False
600,University of Ottawa,Faculty of Arts,Honors BA Music,OVH,False,ENG4U + audition for practical training in performance or theory,"[{""n"": 1, ""options"": [""ENG4U""]}]",[],"min 60% in English, 70% overall average",70.0,,[],True,mid 70s,74.0,76.0,,,False
601,University of Ottawa,Faculty of Arts,Bachelor of Music (BMUS),OME,True,ENG4U + Strong musical background + Audition,"[{""n"": 1, ""options"": [""ENG4U""]}]",[],"min 60% in English, 70% overall average",70.0,,[],True,mid 70s,74.0,76.0,,,False
602,University of Ottawa,Faculty of Arts,Bachelor of Music and Honors Bachelor of Science with Major in Biochemistry,OUC,True,ENG4U + relevant 4U courses (e.g. Biology 4U for Biology major) + music audition,"[{""n"": 1, ""options"": [""ENG4U""]}]",[],"min 60% in English, 70% overall average",70.0,,[],True,mid 70s - low 80s,74.0,83.0,,,False
603,University of Ottawa,Faculty of Arts,Bachelor of Music and Honors Bachelor of Science with Major in Biology,OUD,True,ENG4U + relevant 4U courses (e.g. Biology 4U for Biology major) + music audition,"[{""n"": 1, ""options"": [""ENG4U""]}]",[],"min 60% in English, 70% overall average",70.0,,[],True,mid 70s - low 80s,74.0,83.0,,,False
604,University of Ottawa,Faculty of Arts,Bachelor of Music and Honors Bachelor of Science with Major in Chemistry,OUE,True,ENG4U + relevant 4U courses (e.g. Biology 4U for Biology major) + music audition,"[{""n"": 1, ""options"": [""ENG4U""]}]",[],"min 60% in English, 70% overall average",70.0,,[],True,mid 70s - low 80s,74.0,83.0,,,False
605,University of Ottawa,Faculty of Arts,Bachelor of Music and Honors Bachelor of Science with Major in Computer Science,OUF,True,ENG4U + relevant 4U courses (e.g. Biology 4U for Biology major) + music audition,"[{""n"": 1, ""options"": [""ENG4U""]}]",[],"min 60% in English, 70% overall average",70.0,,[],True,mid 70s - low 80s,74.0,83.0,,,False
606,University of Ottawa,Faculty of Arts,Bachelor of Music and Honors Bachelor of Science with Major in Geology,OUG,True,ENG4U + relevant 4U courses (e.g. Biology 4U for Biology major) + music audition,"[{""n"": 1, ""options"": [""ENG4U""]}]",[],"min 60% in English, 70% overall average",70.0,,[],True,mid 70s - low 80s,74.0,83.0,,,False
607,University of Ottawa,Faculty of Arts,Bachelor of Music and Honors Bachelor of Science with Major in Mathematics,OUH,True,ENG4U + relevant 4U courses (e.g. Biology 4U for Biology major) + music audition,"[{""n"": 1, ""options"": [""ENG4U""]}]",[],"min 60% in English, 70% overall average",70.0,,[],True,mid 70s - low 80s,74.0,83.0,,,False
608,University of Ottawa,Faculty of Arts,Bachelor of Music and Honors Bachelor of Science with Major in Physics,OUI,True,ENG4U + relevant 4U courses (e.g. Biology 4U for Biology major) + music audition,"[{""n"": 1, ""options"": [""ENG4U""]}]",[],"min 60% in English, 70% overall average",70.0,,[],True,mid 70s - low 80s,74.0,83.0,,,False
609,University of Ottawa,Faculty of Arts,Bachelor of Music and Honors Bachelor of Science with Major in Statistics,OUJ,True,ENG4U + relevant 4U courses (e.g. Biology 4U for Biology major) + music audition,"[{""n"": 1, ""options"": [""ENG4U""]}]",[],"min 60% in English, 70% overall average",70.0,,[],True,mid 70s - low 80s,74.0,83.0,,,False
610,University of Ottawa,Faculty of Arts,Honors BA Philosophy,OVI,False,ENG4U,"[{""n"": 1, ""options"": [""ENG4U""]}]",[],"min 60% in English, 70% overall average",70.0,,[],True,mid 70s,74.0,76.0,,,False
611,University of Ottawa,Faculty of Arts,Joint Honors BA in Philosophy and Political Science,OAU,False,ENG4U,"[{""n"": 1, ""options"": [""ENG4U""]}]",[],"min 60% in English, 70% overall average",70.0,,[],True,mid 70s,74.0,76.0,,,False
612,University of Ottawa,Faculty of Arts,Major in Physical Geography and Geomatics,OOF,False,ENG4U,"[{""n"": 1, ""options"": [""ENG4U""]}]",[],"min 60% in English, 70% overall average",70.0,,[],True,mid 70s,74.0,76.0,,,False
613,University of Ottawa,Faculty of Arts,Joint Honors BA in Psychology and Linguistics,OUB,False,ENG4U,"[{""n"": 1, ""options"": [""ENG4U""]}]",[],"min 60% in English, 70% overall average",70.0,,[],True,mid 70s,74.0,76.0,,,False
614,University of Ottawa,Faculty of Arts,Honors Bachelor of Public Relations,OPA,False,ENG4U,"[{""n"": 1, ""options"": [""ENG4U""]}]",[],"min 60% in English, 70% overall average",70.0,,[],True,mid 70s,74.0,76.0,,,False
615,University of Ottawa,Faculty of Arts,Honors BA Second Language Teaching - Teaching English as a Second Language (ESL),OVK,False,ENG4U,"[{""n"": 1, ""options"": [""ENG4U""]}]",[],"min 60% in English, 70% overall average",70.0,,[],True,mid 70s,74.0,76.0,,,False
616,University of Ottawa,Faculty of Arts,Honors BA Second Language Teaching - Teaching French as a Second Language (FLS),OVL,False,ENG4U,"[{""n"": 1, ""options"": [""ENG4U""]}]",[],"min 60% in English, 70% overall average",70.0,,[],True,mid 70s,74.0,76.0,,,False
617,University of Ottawa,Faculty of Arts,Honors BA Theater,OVN,False,ENG4U,"[{""n"": 1, ""options"": [""ENG4U""]}]",[],"min 60% in English, 70% overall average",70.0,,[],True,mid 70s,74.0,76.0,,,False
618,University of Ottawa,Faculty of Arts,Bachelor of Fine Arts (BFA),OVE,False,ENG4U,"[{""n"": 1, ""options"": [""ENG4U""]}]",[],"min 60% in English, 70% overall average",70.0,,[],True,mid 70s,74.0,76.0,,,False
619,University of Ottawa,Faculty of Arts,Major in Visual Arts,OUK,False,ENG4U,"[{""n"": 1, ""options"": [""ENG4U""]}]",[],"min 60% in English, 70% overall average",70.0,,[],True,mid 70s,74.0,76.0,,,False
620,University of Ottawa,Faculty of Arts,Major in World Languages ​​and Cultures,OWW,False,ENG4U,"[{""n"": 1, ""options"": [""ENG4U""]}]",[],"min 60% in English, 70% overall average",70.0,,[],True,mid 70s,74.0,76.0,,,False
621,University of Ottawa,Faculty of Engineering,BASc Biomedical Mechanical Engineering,OEC,False,"ENG4U, MHF4U, MCV4U, SCH4U, SPH4U","[{""n"": 1, ""options"": [""ENG4U""]}, {""n"": 1, ""options"": [""MHF4U""]}, {""n"": 1, ""options"": [""MCV4U""]}, {""n"": 1, ""options"": [""SCH4U""]}, {""n"": 1, ""options"": [""SPH4U""]}]",[],min 70% in all prereqs,,70.0,[],True,mid 80s,84.0,86.0,,,False
622,University of Ottawa,Faculty of Engineering,BASc Biomedical Mechanical Engineering and BSc Computing Technology,OEY,False,"ENG4U, MHF4U, MCV4U, SCH4U, SPH4U","[{""n"": 1, ""options"": [""ENG4U""]}, {""n"": 1, ""options"": [""MHF4U""]}, {""n"": 1, ""options"": [""MCV4U""]}, {""n"": 1, ""options"": [""SCH4U""]}, {""n"": 1, ""options"": [""SPH4U""]}]",[],min 70% in all prereqs,,70.0,[],True,mid 80s,84.0,86.0,,,False
623,University of Ottawa,Faculty of Engineering,BASc Chemical Engineering,OEE,False,"ENG4U, MHF4U, MCV4U, SCH4U, SPH4U","[{""n"": 1, ""options"": [""ENG4U""]}, {""n"": 1, ""options"": [""MHF4U""]}, {""n"": 1, ""options"": [""MCV4U""]}, {""n"": 1, ""options"": [""SCH4U""]}, {""n"": 1, ""options"": [""SPH4U""]}]",[],min 70% in all prereqs,,70.0,[],True,mid 80s,84.0,86.0,,,False
624,University of Ottawa,Faculty of Engineering,BASc Chemical Engineering and BSc Computing Technology,OAS,False,"ENG4U, MHF4U, MCV4U, SCH4U, SPH4U","[{""n"": 1, ""options"": [""ENG4U""]}, {""n"": 1, ""options"": [""MHF4U""]}, {""n"": 1, ""options"": [""MCV4U""]}, {""n"": 1, ""options"": [""SCH4U""]}, {""n"": 1, ""options"": [""SPH4U""]}]",[],min 70% in all prereqs,,70.0,[],True,mid 80s,84.0,86.0,,,False
625,University of Ottawa,Faculty of Engineering,BASc Civil Engineering,OHE,False,"ENG4U, MHF4U, MCV4U, SCH4U, SPH4U","[{""n"": 1, ""options"": [""ENG4U""]}, {""n"": 1, ""options"": [""MHF4U""]}, {""n"": 1, ""options"": [""MCV4U""]}, {""n"": 1, ""options"": [""SCH4U""]}, {""n"": 1, ""options"": [""SPH4U""]}]",[],min 70% in all prereqs,,70.0,[],True,mid 80s,84.0,86.0,,,False
626,University of Ottawa,Faculty of Engineering,BASc Civil Engineering and BSc Computing Technology,OBA,False,"ENG4U, MHF4U, MCV4U, SCH4U, SPH4U","[{""n"": 1, ""options"": [""ENG4U""]}, {""n"": 1, ""options"": [""MHF4U""]}, {""n"": 1, ""options"": [""MCV4U""]}, {""n"": 1, ""options"": [""SCH4U""]}, {""n"": 1, ""options"": [""SPH4U""]}]",[],min 70% in all prereqs,,70.0,[],True,mid 80s,84.0,86.0,,,False
627,University of Ottawa,Faculty of Engineering,BASc Computer Engineering,OBE,False,"ENG4U, MHF4U, MCV4U, SCH4U, SPH4U","[{""n"": 1, ""options"": [""ENG4U""]}, {""n"": 1, ""options"": [""MHF4U""]}, {""n"": 1, ""options"": [""MCV4U""]}, {""n"": 1, ""options"": [""SCH4U""]}, {""n"": 1, ""options"": [""SPH4U""]}]",[],min 70% in all prereqs,,70.0,[],True,mid 80s,84.0,86.0,,,False
628,University of Ottawa,Faculty of Engineering,Honors BSc Computer Science,ORC,False,"ENG4U, MHF4U, MCV4U, SCH4U, SPH4U","[{""n"": 1, ""options"": [""ENG4U""]}, {""n"": 1, ""options"": [""MHF4U""]}, {""n"": 1, ""options"": [""MCV4U""]}, {""n"": 1, ""options"": [""SCH4U""]}, {""n"": 1, ""options"": [""SPH4U""]}]",[],min 70% in all prereqs,,70.0,[],True,low-mid 90s,90.0,96.0,,,False
629,University of Ottawa,Faculty of Engineering,Joint Honors BSc in Computer Science and Mathematics,ORA,False,"ENG4U, MHF4U, MCV4U, SCH4U, SPH4U","[{""n"": 1, ""options"": [""ENG4U""]}, {""n"": 1, ""options"": [""MHF4U""]}, {""n"": 1, ""options"": [""MCV4U""]}, {""n"": 1, ""options"": [""SCH4U""]}, {""n"": 1, ""options"": [""SPH4U""]}]",[],min 70% in all prereqs,,70.0,[],True,low-mid 90s,90.0,96.0,,,False
630,University of Ottawa,Faculty of Engineering,Honors BSc Mathematics and Honors BSc Computer Science (Data Science),OWI,False,"ENG4U, MHF4U, MCV4U, SCH4U, SPH4U","[{""n"": 1, ""options"": [""ENG4U""]}, {""n"": 1, ""options"": [""MHF4U""]}, {""n"": 1, ""options"": [""MCV4U""]}, {""n"": 1, ""options"": [""SCH4U""]}, {""n"": 1, ""options"": [""SPH4U""]}]",[],min 70% in all prereqs,,70.0,[],True,low-mid 90s,90.0,96.0,,,False
631,University of Ottawa,Faculty of Engineering,BASc Electrical Engineering,OIE,False,"ENG4U, MHF4U, MCV4U, SCH4U, SPH4U","[{""n"": 1, ""options"": [""ENG4U""]}, {""n"": 1, ""options"": [""MHF4U""]}, {""n"": 1, ""options"": [""MCV4U""]}, {""n"": 1, ""options"": [""SCH4U""]}, {""n"": 1, ""options"": [""SPH4U""]}]",[],min 70% in all prereqs,,70.0,[],True,mid 80s,84.0,86.0,,,False
632,University of Ottawa,Faculty of Engineering,BASc Electrical Engineering and BSc Computing Technology,OIC,False,"ENG4U, MHF4U, MCV4U, SCH4U, SPH4U","[{""n"": 1, ""options"": [""ENG4U""]}, {""n"": 1, ""options"": [""MHF4U""]}, {""n"": 1, ""options"": [""MCV4U""]}, {""n"": 1, ""options"": [""SCH4U""]}, {""n"": 1, ""options"": [""SPH4U""]}]",[],min 70% in all prereqs,,70.0,[],True,mid 80s,84.0,86.0,,,False
633,University of Ottawa,Faculty of Engineering,BASc Mechanical Engineering,OJE,False,"ENG4U, MHF4U, MCV4U, SCH4U, SPH4U","[{""n"": 1, ""options"": [""ENG4U""]}, {""n"": 1, ""options"": [""MHF4U""]}, {""n"": 1, ""options"": [""MCV4U""]}, {""n"": 1, ""options"": [""SCH4U""]}, {""n"": 1, ""options"": [""SPH4U""]}]",[],min 70% in all prereqs,,70.0,[],True,mid 80s,84.0,86.0,,,False
634,University of Ottawa,Faculty of Engineering,BASc Mechanical Engineering and BSc Computing Technology,OBC,False,"ENG4U, MHF4U, MCV4U, SCH4U, SPH4U","[{""n"": 1, ""options"": [""ENG4U""]}, {""n"": 1, ""options"": [""MHF4U""]}, {""n"": 1, ""options"": [""MCV4U""]}, {""n"": 1, ""options"": [""SCH4U""]}, {""n"": 1, ""options"": [""SPH4U""]}]",[],min 70% in all prereqs,,70.0,[],True,mid 80s,84.0,86.0,,,False
635,University of Ottawa,Faculty of Engineering,Bachelor of Multidisciplinary Design - Experiential Learning,OMD,True,"ENG4U, MHF4U, MCV4U, SCH4U, SPH4U","[{""n"": 1, ""options"": [""ENG4U""]}, {""n"": 1, ""options"": [""MHF4U""]}, {""n"": 1, ""options"": [""MCV4U""]}, {""n"": 1, ""options"": [""SCH4U""]}, {""n"": 1, ""options"": [""SPH4U""]}]",[],min 70% in all prereqs,,70.0,[],True,mid 80s,84.0,86.0,,,False
636,University of Ottawa,Faculty of Engineering,BASc Software Engineering,OJA,False,"ENG4U, MHF4U, MCV4U, SCH4U, SPH4U, ICS4U","[{""n"": 1, ""options"": [""ENG4U""]}, {""n"": 1, ""options"": [""MHF4U""]}, {""n"": 1, ""options"": [""MCV4U""]}, {""n"": 1, ""options"": [""SCH4U""]}, {""n"": 1, ""options"": [""SPH4U""]}, {""n"": 1, ""options"": [""ICS4U""]}]",[],min 70% in all prereqs,,70.0,[],True,high 80s,87.0,89.0,,,False
637,University of Ottawa,Faculty of Health Sciences,Honors Bachelor of Science in Food Sciences,OWK,False,"ENG4U, MHF4U, MCV4U, SCH4U, SBI4U","[{""n"": 1, ""options"": [""ENG4U""]}, {""n"": 1, ""options"": [""MHF4U""]}, {""n"": 1, ""options"": [""MCV4U""]}, {""n"": 1, ""options"": [""SCH4U""]}, {""n"": 1, ""options"": [""SBI4U""]}]",[],min 70% in all prereqs,,70.0,[],True,high 70s-low 80s,77.0,83.0,,,False
638,University of Ottawa,Faculty of Health Sciences,Honors Bachelor of Health Sciences,OKC,False,"ENG4U, MHF4U, MCV4U, SCH4U, SBI4U/SPH4U","[{""n"": 1, ""options"": [""ENG4U""]}, {""n"": 1, ""options"": [""MHF4U""]}, {""n"": 1, ""options"": [""MCV4U""]}, {""n"": 1, ""options"": [""SCH4U""]}, {""n"": 1, ""options"": [""SBI4U"", ""SPH4U""]}]",[],min 70% in all prereqs,,70.0,[],True,low 80s,80.0,83.0,,,False
639,University of Ottawa,Faculty of Health Sciences,Honors Bachelor of Human Kinetics,OKA,False,"ENG4U, MHF4U, MCV4U, SCH4U, SBI4U","[{""n"": 1, ""options"": [""ENG4U""]}, {""n"": 1, ""options"": [""MHF4U""]}, {""n"": 1, ""options"": [""MCV4U""]}, {""n"": 1, ""options"": [""SCH4U""]}, {""n"": 1, ""options"": [""SBI4U""]}]",[],min 70% in all prereqs,,70.0,[],True,mid 70s - low 80s,74.0,83.0,,,False
640,University of Ottawa,Faculty of Health Sciences,Honors Bachelor of Human Kinetics - Education and Coaching,OKU,False,"ENG4U, MHF4U, MCV4U, SCH4U, SBI4U","[{""n"": 1, ""options"": [""ENG4U""]}, {""n"": 1, ""options"": [""MHF4U""]}, {""n"": 1, ""options"": [""MCV4U""]}, {""n"": 1, ""options"": [""SCH4U""]}, {""n"": 1, ""options"": [""SBI4U""]}]",[],min 70% in all prereqs,,70.0,[],True,mid 70s - low 80s,74.0,83.0,,,False
641,University of Ottawa,Faculty of Health Sciences,Honors Bachelor of Human Kinetics - Recreation and Sport Management,OKT,False,"ENG4U, MHF4U, MCV4U, SCH4U, SBI4U","[{""n"": 1, ""options"": [""ENG4U""]}, {""n"": 1, ""options"": [""MHF4U""]}, {""n"": 1, ""options"": [""MCV4U""]}, {""n"": 1, ""options"": [""SCH4U""]}, {""n"": 1, ""options"": [""SBI4U""]}]",[],min 70% in all prereqs,,70.0,[],True,mid 70s - low 80s,74.0,83.0,,,False
642,University of Ottawa,Faculty of Health Sciences,Honors BSc Human Kinetics,OUL,False,"ENG4U, MHF4U, MCV4U, SCH4U, SBI4U","[{""n"": 1, ""options"": [""ENG4U""]}, {""n"": 1, ""options"": [""MHF4U""]}, {""n"": 1, ""options"": [""MCV4U""]}, {""n"": 1, ""options"": [""SCH4U""]}, {""n"": 1, ""options"": [""SBI4U""]}]",[],min 70% in all prereqs,,70.0,[],True,mid 70s - low 80s,74.0,83.0,,,False
643,University of Ottawa,Faculty of Health Sciences,Honors BSc Human Kinetics - Applied Studies in Kinesiology,OKK,False,"ENG4U, MHF4U, MCV4U, SCH4U, SBI4U","[{""n"": 1, ""options"": [""ENG4U""]}, {""n"": 1, ""options"": [""MHF4U""]}, {""n"": 1, ""options"": [""MCV4U""]}, {""n"": 1, ""options"": [""SCH4U""]}, {""n"": 1, ""options"": [""SBI4U""]}]",[],min 70% in all prereqs,,70.0,[],True,mid 70s - low 80s,74.0,83.0,,,False
644,University of Ottawa,Faculty of Health Sciences,Honors Bachelor of Science in Nursing - uOttawa's Campus,ONE,False,"ENG4U, MHF4U/MCV4U, SCH4U, SBI4U","[{""n"": 1, ""options"": [""ENG4U""]}, {""n"": 1, ""options"": [""MHF4U"", ""MCV4U""]}, {""n"": 1, ""options"": [""SCH4U""]}, {""n"": 1, ""options"": [""SBI4U""]}]",[],min 70% in all prereqs,,70.0,[],True,low 80s - mid 80s,80.0,86.0,,,False
645,University of Ottawa,Faculty of Health Sciences,Honors Bachelor of Science in Nursing - Algonquin College's Ottawa Campus,ONA,False,"ENG4U, MHF4U/MCV4U, SCH4U, SBI4U","[{""n"": 1, ""options"": [""ENG4U""]}, {""n"": 1, ""options"": [""MHF4U"", ""MCV4U""]}, {""n"": 1, ""options"": [""SCH4U""]}, {""n"": 1, ""options"": [""SBI4U""]}]",[],min 70% in all prereqs,,70.0,[],True,low 80s - mid 80s,80.0,86.0,,,False
646,University of Ottawa,Faculty of Health Sciences,Honors Bachelor of Science in Nursing - Algonquin College's Pembroke campus,OWC,False,"ENG4U, MHF4U/MCV4U, SCH4U, SBI4U","[{""n"": 1, ""options"": [""ENG4U""]}, {""n"": 1, ""options"": [""MHF4U"", ""MCV4U""]}, {""n"": 1, ""options"": [""SCH4U""]}, {""n"": 1, ""options"": [""SBI4U""]}]",[],min 70% in all prereqs,,70.0,[],True,low 80s - mid 80s,80.0,86.0,,,False
647,University of Ottawa,Telfer School of Management,Honors Bachelor of Commerce and Juris Doctor,OJM,False,"ENG4U, MHF4U, MCV4U/MDM4U","[{""n"": 1, ""options"": [""ENG4U""]}, {""n"": 1, ""options"": [""MHF4U""]}, {""n"": 1, ""options"": [""MCV4U"", ""MDM4U""]}]",[],"60 in ENG4U, 70 in MHF4U, 60 in MCV4U/MDM4U",,,"[{""course"": ""ENG4U"", ""min"": 60.0}, {""course"": ""MHF4U"", ""min"": 70.0}, {""course"": ""MCV4U"", ""min"": 60.0}, {""course"": ""MDM4U"", ""min"": 60.0}]",True,low 80s - mid 80s,80.0,86.0,,,False
648,University of Ottawa,Telfer School of Management,Honors Bachelor of Commerce (Option in Management) and Master of Science in Management,OCS,False,"ENG4U, MHF4U, MCV4U/MDM4U","[{""n"": 1, ""options"": [""ENG4U""]}, {""n"": 1, ""options"": [""MHF4U""]}, {""n"": 1, ""options"": [""MCV4U"", ""MDM4U""]}]",[],"60 in ENG4U, 70 in MHF4U, 60 in MCV4U/MDM4U",,,"[{""course"": ""ENG4U"", ""min"": 60.0}, {""course"": ""MHF4U"", ""min"": 70.0}, {""course"": ""MCV4U"", ""min"": 60.0}, {""course"": ""MDM4U"", ""min"": 60.0}]",True,low 80s - mid 80s,80.0,86.0,,,False
649,University of Ottawa,Telfer School of Management,Honors Bachelor of Commerce (Option in Accounting) and Master of Science in Management,OCE,False,"ENG4U, MHF4U, MCV4U/MDM4U","[{""n"": 1, ""options"": [""ENG4U""]}, {""n"": 1, ""options"": [""MHF4U""]}, {""n"": 1, ""options"": [""MCV4U"", ""MDM4U""]}]",[],"60 in ENG4U, 70 in MHF4U, 60 in MCV4U/MDM4U",,,"[{""course"": ""ENG4U"", ""min"": 60.0}, {""course"": ""MHF4U"", ""min"": 70.0}, {""course"": ""MCV4U"", ""min"": 60.0}, {""course"": ""MDM4U"", ""min"": 60.0}]",True,low 80s - mid 80s,80.0,86.0,,,False
650,University of Ottawa,Telfer School of Management,Honors Bachelor of Commerce (Option in Business Technology Management) and Master of Science in Management,OCJ,False,"ENG4U, MHF4U, MCV4U/MDM4U","[{""n"": 1, ""options"": [""ENG4U""]}, {""n"": 1, ""options"": [""MHF4U""]}, {""n"": 1, ""options"": [""MCV4U"", ""MDM4U""]}]",[],"60 in ENG4U, 70 in MHF4U, 60 in MCV4U/MDM4U",,,"[{""course"": ""ENG4U"", ""min"": 60.0}, {""course"": ""MHF4U"", ""min"": 70.0}, {""course"": ""MCV4U"", ""min"": 60.0}, {""course"": ""MDM4U"", ""min"": 60.0}]",True,low 80s - mid 80s,80.0,86.0,,,False
651,University of Ottawa,Telfer School of Management,Honors Bachelor of Commerce (Option in Finance) and Master of Science in Management,OCI,False,"ENG4U, MHF4U, MCV4U/MDM4U","[{""n"": 1, ""options"": [""ENG4U""]}, {""n"": 1, ""options"": [""MHF4U""]}, {""n"": 1, ""options"": [""MCV4U"", ""MDM4U""]}]",[],"60 in ENG4U, 70 in MHF4U, 60 in MCV4U/MDM4U",,,"[{""course"": ""ENG4U"", ""min"": 60.0}, {""course"": ""MHF4U"", ""min"": 70.0}, {""course"": ""MCV4U"", ""min"": 60.0}, {""course"": ""MDM4U"", ""min"": 60.0}]",True,low 80s - mid 80s,80.0,86.0,,,False
652,University of Ottawa,Telfer School of Management,Honors Bachelor of Commerce (Option in Healthcare Analytics) and Master of Science in Management,OCD,False,"ENG4U, MHF4U, MCV4U/MDM4U","[{""n"": 1, ""options"": [""ENG4U""]}, {""n"": 1, ""options"": [""MHF4U""]}, {""n"": 1, ""options"": [""MCV4U"", ""MDM4U""]}]",[],"60 in ENG4U, 70 in MHF4U, 60 in MCV4U/MDM4U",,,"[{""course"": ""ENG4U"", ""min"": 60.0}, {""course"": ""MHF4U"", ""min"": 70.0}, {""course"": ""MCV4U"", ""min"": 60.0}, {""course"": ""MDM4U"", ""min"": 60.0}]",True,low 80s - mid 80s,80.0,86.0,,,False
653,University of Ottawa,Telfer School of Management,Honors Bachelor of Commerce (Option in Human Resource Management) and Master of Science in Management,OCR,False,"ENG4U, MHF4U, MCV4U/MDM4U","[{""n"": 1, ""options"": [""ENG4U""]}, {""n"": 1, ""options"": [""MHF4U""]}, {""n"": 1, ""options"": [""MCV4U"", ""MDM4U""]}]",[],"60 in ENG4U, 70 in MHF4U, 60 in MCV4U/MDM4U",,,"[{""course"": ""ENG4U"", ""min"": 60.0}, {""course"": ""MHF4U"", ""min"": 70.0}, {""course"": ""MCV4U"", ""min"": 60.0}, {""course"": ""MDM4U"", ""min"": 60.0}]",True,low 80s - mid 80s,80.0,86.0,,,False
654,University of Ottawa,Telfer School of Management,Honors Bachelor of Commerce (Option in International Management) and Master of Science in Management,OCV,False,"ENG4U, MHF4U, MCV4U/MDM4U","[{""n"": 1, ""options"": [""ENG4U""]}, {""n"": 1, ""options"": [""MHF4U""]}, {""n"": 1, ""options"": [""MCV4U"", ""MDM4U""]}]",[],"60 in ENG4U, 70 in MHF4U, 60 in MCV4U/MDM4U",,,"[{""course"": ""ENG4U"", ""min"": 60.0}, {""course"": ""MHF4U"", ""min"": 70.0}, {""course"": ""MCV4U"", ""min"": 60.0}, {""course"": ""MDM4U"", ""min"": 60.0}]",True,low 80s - mid 80s,80.0,86.0,,,False
655,University of Ottawa,Telfer School of Management,Honors Bachelor of Commerce (Option in Marketing) and Master of Science in Management,OCT,False,"ENG4U, MHF4U, MCV4U/MDM4U","[{""n"": 1, ""options"": [""ENG4U""]}, {""n"": 1, ""options"": [""MHF4U""]}, {""n"": 1, ""options"": [""MCV4U"", ""MDM4U""]}]",[],"60 in ENG4U, 70 in MHF4U, 60 in MCV4U/MDM4U",,,"[{""course"": ""ENG4U"", ""min"": 60.0}, {""course"": ""MHF4U"", ""min"": 70.0}, {""course"": ""MCV4U"", ""min"": 60.0}, {""course"": ""MDM4U"", ""min"": 60.0}]",True,low 80s - mid 80s,80.0,86.0,,,False
656,University of Ottawa,Telfer School of Management,Honors Bachelor of Commerce (Option in Accounting),OTC,False,"ENG4U, MHF4U, MCV4U/MDM4U","[{""n"": 1, ""options"": [""ENG4U""]}, {""n"": 1, ""options"": [""MHF4U""]}, {""n"": 1, ""options"": [""MCV4U"", ""MDM4U""]}]",[],"60 in ENG4U, 70 in MHF4U, 60 in MCV4U/MDM4U",,,"[{""course"": ""ENG4U"", ""min"": 60.0}, {""course"": ""MHF4U"", ""min"": 70.0}, {""course"": ""MCV4U"", ""min"": 60.0}, {""course"": ""MDM4U"", ""min"": 60.0}]",True,low 80s - mid 80s,80.0,86.0,,,False
657,University of Ottawa,Telfer School of Management,Honors Bachelor of Commerce (Option in Business Technology Management),OWM,False,"ENG4U, MHF4U, MCV4U/MDM4U","[{""n"": 1, ""options"": [""ENG4U""]}, {""n"": 1, ""options"": [""MHF4U""]}, {""n"": 1, ""options"": [""MCV4U"", ""MDM4U""]}]",[],"70 in ENG4U, 70 in MHF4U, 60 in MCV4U/MDM4U",,,"[{""course"": ""ENG4U"", ""min"": 70.0}, {""course"": ""MHF4U"", ""min"": 70.0}, {""course"": ""MCV4U"", ""min"": 60.0}, {""course"": ""MDM4U"", ""min"": 60.0}]",True,low 80s - mid 80s,80.0,86.0,,,False
658,University of Ottawa,Telfer School of Management,Honors Bachelor of Commerce (Option in Finance),OTO,False,"ENG4U, MHF4U, MCV4U/MDM4U","[{""n"": 1, ""options"": [""ENG4U""]}, {""n"": 1, ""options"": [""MHF4U""]}, {""n"": 1, ""options"": [""MCV4U"", ""MDM4U""]}]",[],"70 in ENG4U, 70 in MHF4U, 60 in MCV4U/MDM4U",,,"[{""course"": ""ENG4U"", ""min"": 70.0}, {""course"": ""MHF4U"", ""min"": 70.0}, {""course"": ""MCV4U"", ""min"": 60.0}, {""course"": ""MDM4U"", ""min"": 60.0}]",True,low 80s - mid 80s,80.0,86.0,,,False
659,University of Ottawa,Telfer School of Management,Honors Bachelor of Commerce (Option in Healthcare Analytics),OTA,False,"ENG4U, MHF4U, MCV4U/MDM4U","[{""n"": 1, ""options"": [""ENG4U""]}, {""n"": 1, ""options"": [""MHF4U""]}, {""n"": 1, ""options"": [""MCV4U"", ""MDM4U""]}]",[],"70 in ENG4U, 70 in MHF4U, 60 in MCV4U/MDM4U",,,"[{""course"": ""ENG4U"", ""min"": 70.0}, {""course"": ""MHF4U"", ""min"": 70.0}, {""course"": ""MCV4U"", ""min"": 60.0}, {""course"": ""MDM4U"", ""min"": 60.0}]",True,low 80s - mid 80s,80.0,86.0,,,False
660,University of Ottawa,Telfer School of Management,Honors Bachelor of Commerce (Option in Human Resource Management),OTQ,False,"ENG4U, MHF4U, MCV4U/MDM4U","[{""n"": 1, ""options"": [""ENG4U""]}, {""n"": 1, ""options"": [""MHF4U""]}, {""n"": 1, ""options"": [""MCV4U"", ""MDM4U""]}]",[],"70 in ENG4U, 70 in MHF4U, 60 in MCV4U/MDM4U",,,"[{""course"": ""ENG4U"", ""min"": 70.0}, {""course"": ""MHF4U"", ""min"": 70.0}, {""course"": ""MCV4U"", ""min"": 60.0}, {""course"": ""MDM4U"", ""min"": 60.0}]",True,low 80s - mid 80s,80.0,86.0,,,False
661,University of Ottawa,Telfer School of Management,Honors Bachelor of Commerce (Option in International Management),OTS,False,"ENG4U, MHF4U, MCV4U/MDM4U","[{""n"": 1, ""options"": [""ENG4U""]}, {""n"": 1, ""options"": [""MHF4U""]}, {""n"": 1, ""options"": [""MCV4U"", ""MDM4U""]}]",[],"70 in ENG4U, 70 in MHF4U, 60 in MCV4U/MDM4U",,,"[{""course"": ""ENG4U"", ""min"": 70.0}, {""course"": ""MHF4U"", ""min"": 70.0}, {""course"": ""MCV4U"", ""min"": 60.0}, {""course"": ""MDM4U"", ""min"": 60.0}]",True,low 80s - mid 80s,80.0,86.0,,,False
662,University of Ottawa,Telfer School of Management,Honors Bachelor of Commerce (Option in Management),OTU,False,"ENG4U, MHF4U, MCV4U/MDM4U","[{""n"": 1, ""options"": [""ENG4U""]}, {""n"": 1, ""options"": [""MHF4U""]}, {""n"": 1, ""options"": [""MCV4U"", ""MDM4U""]}]",[],"70 in ENG4U, 70 in MHF4U, 60 in MCV4U/MDM4U",,,"[{""course"": ""ENG4U"", ""min"": 70.0}, {""course"": ""MHF4U"", ""min"": 70.0}, {""course"": ""MCV4U"", ""min"": 60.0}, {""course"": ""MDM4U"", ""min"": 60.0}]",True,low 80s - mid 80s,80.0,86.0,,,False
663,University of Ottawa,Telfer School of Management,Honors Bachelor of Commerce (Option in Marketing),OTW,False,"ENG4U, MHF4U, MCV4U/MDM4U","[{""n"": 1, ""options"": [""ENG4U""]}, {""n"": 1, ""options"": [""MHF4U""]}, {""n"": 1, ""options"": [""MCV4U"", ""MDM4U""]}]",[],"70 in ENG4U, 70 in MHF4U, 60 in MCV4U/MDM4U",,,"[{""course"": ""ENG4U"", ""min"": 70.0}, {""course"": ""MHF4U"", ""min"": 70.0}, {""course"": ""MCV4U"", ""min"": 60.0}, {""course"": ""MDM4U"", ""min"": 60.0}]",True,low 80s - mid 80s,80.0,86.0,,,False
664,University of Ottawa,Faculty of Science,Honors BSc Biochemistry,OUQ,False,"ENG4U, MHF4U, MCV4U, two of SBI4U, SCH4U, SPH4U","[{""n"": 1, ""options"": [""ENG4U""]}, {""n"": 1, ""options"": [""MHF4U""]}, {""n"": 1, ""options"": [""MCV4U""]}, {""n"": 1, ""options"": [""SBI4U""]}, {""n"": 1, ""options"": [""SCH4U""]}, {""n"": 1, ""options"": [""SPH4U""]}]",[],min combined avg 70,70.0,,[],True,mid 70s-low 80s,74.0,83.0,,,False
665,University of Ottawa,Faculty of Science,Honors BSc Biology,OUR,False,"ENG4U, MHF4U, MCV4U, two of SBI4U, SCH4U, SPH4U","[{""n"": 1, ""options"": [""ENG4U""]}, {""n"": 1, ""options"": [""MHF4U""]}, {""n"": 1, ""options"": [""MCV4U""]}, {""n"": 1, ""options"": [""SBI4U""]}, {""n"": 1, ""options"": [""SCH4U""]}, {""n"": 1, ""options"": [""SPH4U""]}]",[],min combined avg 70,70.0,,[],True,mid 70s,74.0,76.0,,,False
666,University of Ottawa,Faculty of Science,"Honors BSc Biomedical Science (options in life sciences: Biostatistics, Cellular and Molecular Medicine, or Neuroscience)",OUN,False,"ENG4U, MHF4U, MCV4U, two of SBI4U, SCH4U, SPH4U","[{""n"": 1, ""options"": [""ENG4U""]}, {""n"": 1, ""options"": [""MHF4U""]}, {""n"": 1, ""options"": [""MCV4U""]}, {""n"": 1, ""options"": [""SBI4U""]}, {""n"": 1, ""options"": [""SCH4U""]}, {""n"": 1, ""options"": [""SPH4U""]}]",[],min combined avg 70,70.0,,[],True,high 70s-low 80s,77.0,83.0,,,False
667,University of Ottawa,Faculty of Science,Honors BSc Biopharmaceutical Science,OUM,False,"ENG4U, MHF4U, MCV4U, two of SBI4U, SCH4U, SPH4U","[{""n"": 1, ""options"": [""ENG4U""]}, {""n"": 1, ""options"": [""MHF4U""]}, {""n"": 1, ""options"": [""MCV4U""]}, {""n"": 1, ""options"": [""SBI4U""]}, {""n"": 1, ""options"": [""SCH4U""]}, {""n"": 1, ""options"": [""SPH4U""]}]",[],min combined avg 70,70.0,,[],True,high 70s-low 80s,77.0,83.0,,,False
668,University of Ottawa,Faculty of Science,Honors BSc Biochemistry and BASc Chemical Engineering (Biotechnology),OSY,False,"ENG4U, MHF4U, MCV4U, two of SBI4U, SCH4U, SPH4U","[{""n"": 1, ""options"": [""ENG4U""]}, {""n"": 1, ""options"": [""MHF4U""]}, {""n"": 1, ""options"": [""MCV4U""]}, {""n"": 1, ""options"": [""SBI4U""]}, {""n"": 1, ""options"": [""SCH4U""]}, {""n"": 1, ""options"": [""SPH4U""]}]",[],min combined avg 70,70.0,,[],True,high 70s-low 80s,77.0,83.0,,,False
669,University of Ottawa,Faculty of Science,Honors BSc Chemistry,WE,False,"ENG4U, MHF4U, MCV4U, two of SBI4U, SCH4U, SPH4U","[{""n"": 1, ""options"": [""ENG4U""]}, {""n"": 1, ""options"": [""MHF4U""]}, {""n"": 1, ""options"": [""MCV4U""]}, {""n"": 1, ""options"": [""SBI4U""]}, {""n"": 1, ""options"": [""SCH4U""]}, {""n"": 1, ""options"": [""SPH4U""]}]",[],min combined avg 70,70.0,,[],True,high 70s-low 80s,77.0,83.0,,,False
670,University of Ottawa,Faculty of Science,Honors BSc Environmental Geoscience,OWO,False,"ENG4U, MHF4U, MCV4U, two of SBI4U, SCH4U, SPH4U","[{""n"": 1, ""options"": [""ENG4U""]}, {""n"": 1, ""options"": [""MHF4U""]}, {""n"": 1, ""options"": [""MCV4U""]}, {""n"": 1, ""options"": [""SBI4U""]}, {""n"": 1, ""options"": [""SCH4U""]}, {""n"": 1, ""options"": [""SPH4U""]}]",[],min combined avg 70,70.0,,[],True,high 70s-low 80s,77.0,83.0,,,False
671,University of Ottawa,Faculty of Science,Honors BSc Environmental Science,OUO,False,"ENG4U, MHF4U, MCV4U, two of SBI4U, SCH4U, SPH4U","[{""n"": 1, ""options"": [""ENG4U""]}, {""n"": 1, ""options"": [""MHF4U""]}, {""n"": 1, ""options"": [""MCV4U""]}, {""n"": 1, ""options"": [""SBI4U""]}, {""n"": 1, ""options"": [""SCH4U""]}, {""n"": 1, ""options"": [""SPH4U""]}]",[],min combined avg 70,70.0,,[],True,high 70s-low 80s,77.0,83.0,,,False
672,University of Ottawa,Faculty of Science,Honors BSc Financial Mathematics and Economics,OUT,False,"ENG4U, MHF4U, MCV4U, two of SBI4U, SCH4U, SPH4U","[{""n"": 1, ""options"": [""ENG4U""]}, {""n"": 1, ""options"": [""MHF4U""]}, {""n"": 1, ""options"": [""MCV4U""]}, {""n"": 1, ""options"": [""SBI4U""]}, {""n"": 1, ""options"": [""SCH4U""]}, {""n"": 1, ""options"": [""SPH4U""]}]",[],min combined avg 70,70.0,,[],True,high 70s-low 80s,77.0,83.0,,,False
673,University of Ottawa,Faculty of Science,Honors BSc Geology,OUU,False,"ENG4U, MHF4U, MCV4U, two of SBI4U, SCH4U, SPH4U","[{""n"": 1, ""options"": [""ENG4U""]}, {""n"": 1, ""options"": [""MHF4U""]}, {""n"": 1, ""options"": [""MCV4U""]}, {""n"": 1, ""options"": [""SBI4U""]}, {""n"": 1, ""options"": [""SCH4U""]}, {""n"": 1, ""options"": [""SPH4U""]}]",[],min combined avg 70,70.0,,[],True,high 70s-low 80s,77.0,83.0,,,False
674,University of Ottawa,Faculty of Science,Honors BSc Geology-Physics,OPEN,False,"ENG4U, MHF4U, MCV4U, two of SBI4U, SCH4U, SPH4U","[{""n"": 1, ""options"": [""ENG4U""]}, {""n"": 1, ""options"": [""MHF4U""]}, {""n"": 1, ""options"": [""MCV4U""]}, {""n"": 1, ""options"": [""SBI4U""]}, {""n"": 1, ""options"": [""SCH4U""]}, {""n"": 1, ""options"": [""SPH4U""]}]",[],min combined avg 70,70.0,,[],True,high 70s-low 80s,77.0,83.0,,,False
675,University of Ottawa,Faculty of Science,Honors BSc Mathematics,OUW,False,"ENG4U, MHF4U, MCV4U, two of SBI4U, SCH4U, SPH4U","[{""n"": 1, ""options"": [""ENG4U""]}, {""n"": 1, ""options"": [""MHF4U""]}, {""n"": 1, ""options"": [""MCV4U""]}, {""n"": 1, ""options"": [""SBI4U""]}, {""n"": 1, ""options"": [""SCH4U""]}, {""n"": 1, ""options"": [""SPH4U""]}]",[],min combined avg 70,70.0,,[],True,high 70s-low 80s,77.0,83.0,,,False
676,University of Ottawa,Faculty of Science,Joint Honors BSc in Mathematics and Economics,OX,False,"ENG4U, MHF4U, MCV4U, two of SBI4U, SCH4U, SPH4U","[{""n"": 1, ""options"": [""ENG4U""]}, {""n"": 1, ""options"": [""MHF4U""]}, {""n"": 1, ""options"": [""MCV4U""]}, {""n"": 1, ""options"": [""SBI4U""]}, {""n"": 1, ""options"": [""SCH4U""]}, {""n"": 1, ""options"": [""SPH4U""]}]",[],min combined avg 70,70.0,,[],True,high 70s-low 80s,77.0,83.0,,,False
677,University of Ottawa,Faculty of Science,Honors BSc Ophthalmic Medical Technology with the University of Ottawa Eye Institute - Admission to 1st or 2nd year,OUP,False,"ENG4U, MHF4U, MCV4U, two of SBI4U, SCH4U, SPH4U","[{""n"": 1, ""options"": [""ENG4U""]}, {""n"": 1, ""options"": [""MHF4U""]}, {""n"": 1, ""options"": [""MCV4U""]}, {""n"": 1, ""options"": [""SBI4U""]}, {""n"": 1, ""options"": [""SCH4U""]}, {""n"": 1, ""options"": [""SPH4U""]}]",[],min combined avg 70,70.0,,[],True,high 70s-low 80s,77.0,83.0,,,False
678,University of Ottawa,Faculty of Science,Honors BSc Physics,OUX,False,"ENG4U, MHF4U, MCV4U, two of SBI4U, SCH4U, SPH4U","[{""n"": 1, ""options"": [""ENG4U""]}, {""n"": 1, ""options"": [""MHF4U""]}, {""n"": 1, ""options"": [""MCV4U""]}, {""n"": 1, ""options"": [""SBI4U""]}, {""n"": 1, ""options"": [""SCH4U""]}, {""n"": 1, ""options"": [""SPH4U""]}]",[],min combined avg 70,70.0,,[],True,"80 in physics, high 70s in math & physics",77.0,79.0,,,True
679,University of Ottawa,Faculty of Science,Honors BSc Physics-Mathematics,YES,False,"ENG4U, MHF4U, MCV4U, two of SBI4U, SCH4U, SPH4U","[{""n"": 1, ""options"": [""ENG4U""]}, {""n"": 1, ""options"": [""MHF4U""]}, {""n"": 1, ""options"": [""MCV4U""]}, {""n"": 1, ""options"": [""SBI4U""]}, {""n"": 1, ""options"": [""SCH4U""]}, {""n"": 1, ""options"": [""SPH4U""]}]",[],min combined avg 70,70.0,,[],True,high 70s-low 80s,77.0,83.0,,,False
680,University of Ottawa,Faculty of Science,Honors BSc Physics and BASc Electrical Engineering,OSE,False,"ENG4U, MHF4U, MCV4U, two of SBI4U, SCH4U, SPH4U","[{""n"": 1, ""options"": [""ENG4U""]}, {""n"": 1, ""options"": [""MHF4U""]}, {""n"": 1, ""options"": [""MCV4U""]}, {""n"": 1, ""options"": [""SBI4U""]}, {""n"": 1, ""options"": [""SCH4U""]}, {""n"": 1, ""options"": [""SPH4U""]}]",[],min combined avg 70,70.0,,[],True,high 70s-low 80s,77.0,83.0,,,False
681,University of Ottawa,Faculty of Science,Honors BSc Statistics,OUZ,False,"ENG4U, MHF4U, MCV4U, two of SBI4U, SCH4U, SPH4U","[{""n"": 1, ""options"": [""ENG4U""]}, {""n"": 1, ""options"": [""MHF4U""]}, {""n"": 1, ""options"": [""MCV4U""]}, {""n"": 1, ""options"": [""SBI4U""]}, {""n"": 1, ""options"": [""SCH4U""]}, {""n"": 1, ""options"": [""SPH4U""]}]",[],min combined avg 70,70.0,,[],True,high 70s-low 80s,77.0,83.0,,,False
682,University of Ottawa,Faculty of Social Sciences,Honors BSocSc Anthropology,OXB,False,ENG4U + 5 (4U/4M) courses,"[{""n"": 1, ""options"": [""ENG4U""]}, {""n"": 5, ""options"": [], ""any_senior"": true}]",[],min 60 in ENG4U,,,"[{""course"": ""ENG4U"", ""min"": 60.0}]",True,low 70s-mid 70s,70.0,76.0,,,False
683,University of Ottawa,Faculty of Social Sciences,Joint Honors BSocSc in Anthropology and Sociology,OXR,False,ENG4U + 5 (4U/4M) courses,"[{""n"": 1, ""options"": [""ENG4U""]}, {""n"": 5, ""options"": [], ""any_senior"": true}]",[],min 60 in ENG4U,,,"[{""course"": ""ENG4U"", ""min"": 60.0}]",True,low 70s-mid 70s,70.0,76.0,,,False
684,University of Ottawa,Faculty of Social Sciences,Joint Honors BSocSc in Communication and Political Science,OXS,False,ENG4U + 5 (4U/4M) courses,"[{""n"": 1, ""options"": [""ENG4U""]}, {""n"": 5, ""options"": [], ""any_senior"": true}]",[],min 60 in ENG4U,,,"[{""course"": ""ENG4U"", ""min"": 60.0}]",True,low 70s-mid 70s,70.0,76.0,,,False
685,University of Ottawa,Faculty of Social Sciences,Honors BSocSc Conflict Studies and Human Rights,OXC,False,ENG4U + 5 (4U/4M) courses,"[{""n"": 1, ""options"": [""ENG4U""]}, {""n"": 5, ""options"": [], ""any_senior"": true}]",[],min 60 in ENG4U,,,"[{""course"": ""ENG4U"", ""min"": 60.0}]",True,low 70s-mid 70s,70.0,76.0,,,False
686,University of Ottawa,Faculty of Social Sciences,Honors BSocSc Criminology,OXD,False,ENG4U + 5 (4U/4M) courses,"[{""n"": 1, ""options"": [""ENG4U""]}, {""n"": 5, ""options"": [], ""any_senior"": true}]",[],min 60 in ENG4U,,,"[{""course"": ""ENG4U"", ""min"": 60.0}]",True,low 70s-mid 70s,70.0,76.0,,,False
687,University of Ottawa,Faculty of Social Sciences,Joint Honors BSocSc in Criminology and in Feminist and Gender Studies,OXU,False,ENG4U + 5 (4U/4M) courses,"[{""n"": 1, ""options"": [""ENG4U""]}, {""n"": 5, ""options"": [], ""any_senior"": true}]",[],min 60 in ENG4U,,,"[{""course"": ""ENG4U"", ""min"": 60.0}]",True,low 70s-mid 70s,70.0,76.0,,,False
688,University of Ottawa,Faculty of Social Sciences,Honors BSocSc Economics,OXE,False,ENG4U + 5 (4U/4M) courses,"[{""n"": 1, ""options"": [""ENG4U""]}, {""n"": 5, ""options"": [], ""any_senior"": true}]",[],min 60 in ENG4U,,,"[{""course"": ""ENG4U"", ""min"": 60.0}]",True,low 70s-mid 70s,70.0,76.0,,,False
689,University of Ottawa,Faculty of Social Sciences,Honors BSocSc Economics and Public Policy,OXF,False,ENG4U + 5 (4U/4M) courses,"[{""n"": 1, ""options"": [""ENG4U""]}, {""n"": 5, ""options"": [], ""any_senior"": true}]",[],min 60 in ENG4U,,,"[{""course"": ""ENG4U"", ""min"": 60.0}]",True,low 70s-mid 70s,70.0,76.0,,,False
690,University of Ottawa,Faculty of Social Sciences,Joint Honors BSocSc in Economics and Political Science,OXV,False,ENG4U + 5 (4U/4M) courses,"[{""n"": 1, ""options"": [""ENG4U""]}, {""n"": 5, ""options"": [], ""any_senior"": true}]",[],min 60 in ENG4U,,,"[{""course"": ""ENG4U"", ""min"": 60.0}]",True,low 70s-mid 70s,70.0,76.0,,,False
691,University of Ottawa,Faculty of Social Sciences,Honors BSocSc Environmental Economics and Public Policy,OXG,False,ENG4U + 5 (4U/4M) courses,"[{""n"": 1, ""options"": [""ENG4U""]}, {""n"": 5, ""options"": [], ""any_senior"": true}]",[],min 60 in ENG4U,,,"[{""course"": ""ENG4U"", ""min"": 60.0}]",True,low 70s-mid 70s,70.0,76.0,,,False
692,University of Ottawa,Faculty of Social Sciences,Major in Feminist and Gender Studies,OXA,False,ENG4U + 5 (4U/4M) courses,"[{""n"": 1, ""options"": [""ENG4U""]}, {""n"": 5, ""options"": [], ""any_senior"": true}]",[],min 60 in ENG4U,,,"[{""course"": ""ENG4U"", ""min"": 60.0}]",True,low 70s-mid 70s,70.0,76.0,,,False
693,University of Ottawa,Faculty of Social Sciences,Joint Honors BSocSc in History and Political Science,OXW,False,ENG4U + 5 (4U/4M) courses,"[{""n"": 1, ""options"": [""ENG4U""]}, {""n"": 5, ""options"": [], ""any_senior"": true}]",[],min 60 in ENG4U,,,"[{""course"": ""ENG4U"", ""min"": 60.0}]",True,low 70s-mid 70s,70.0,76.0,,,False
694,University of Ottawa,Faculty of Social Sciences,Honors BSocSc International Development and Globalization,OXI,False,ENG4U + 5 (4U/4M) courses,"[{""n"": 1, ""options"": [""ENG4U""]}, {""n"": 5, ""options"": [], ""any_senior"": true}]",[],min 60 in ENG4U,,,"[{""course"": ""ENG4U"", ""min"": 60.0}]",True,low 70s-mid 70s,70.0,76.0,,,False
695,University of Ottawa,Faculty of Social Sciences,Honors BSocSc International Economics and Development,OXJ,False,ENG4U + 5 (4U/4M) courses,"[{""n"": 1, ""options"": [""ENG4U""]}, {""n"": 5, ""options"": [], ""any_senior"": true}]",[],min 60 in ENG4U,,,"[{""course"": ""ENG4U"", ""min"": 60.0}]",True,low 70s-mid 70s,70.0,76.0,,,False
696,University of Ottawa,Faculty of Social Sciences,Honors BSocSc International Studies and Modern Languages,OXK,False,ENG4U + 5 (4U/4M) courses,"[{""n"": 1, ""options"": [""ENG4U""]}, {""n"": 5, ""options"": [], ""any_senior"": true}]",[],min 60 in ENG4U,,,"[{""course"": ""ENG4U"", ""min"": 60.0}]",True,low 70s-mid 70s,70.0,76.0,,,False
697,University of Ottawa,Faculty of Social Sciences,Joint Honors BSc in Mathematics and Economics,OXX,False,ENG4U + 5 (4U/4M) courses,"[{""n"": 1, ""options"": [""ENG4U""]}, {""n"": 5, ""options"": [], ""any_senior"": true}]",[],min 60 in ENG4U,,,"[{""course"": ""ENG4U"", ""min"": 60.0}]",True,low 70s-mid 70s,70.0,76.0,,,False
698,University of Ottawa,Faculty of Social Sciences,Joint Honors BSocSc in Philosophy and Political Science,OXY,False,ENG4U + 5 (4U/4M) courses,"[{""n"": 1, ""options"": [""ENG4U""]}, {""n"": 5, ""options"": [], ""any_senior"": true}]",[],min 60 in ENG4U,,,"[{""course"": ""ENG4U"", ""min"": 60.0}]",True,low 70s-mid 70s,70.0,76.0,,,False
699,University of Ottawa,Faculty of Social Sciences,Honors BSocSc Political Science,OXL,False,ENG4U + 5 (4U/4M) courses,"[{""n"": 1, ""options"": [""ENG4U""]}, {""n"": 5, ""options"": [], ""any_senior"": true}]",[],min 60 in ENG4U,,,"[{""course"": ""ENG4U"", ""min"": 60.0}]",True,low 70s-mid 70s,70.0,76.0,,,False
700,University of Ottawa,Faculty of Social Sciences,Honors BSocSc Political Science and Juris Doctor,OYF,False,ENG4U + 5 (4U/4M) courses,"[{""n"": 1, ""options"": [""ENG4U""]}, {""n"": 5, ""options"": [], ""any_senior"": true}]",[],min 60 in ENG4U,,,"[{""course"": ""ENG4U"", ""min"": 60.0}]",True,low 70s-mid 70s,70.0,76.0,,,False
701,University of Ottawa,Faculty of Social Sciences,Joint Honors BSocSc in Feminist and Gender Studies and in Political Science,OY,False,ENG4U + 5 (4U/4M) courses,"[{""n"": 1, ""options"": [""ENG4U""]}, {""n"": 5, ""options"": [], ""any_senior"": true}]",[],min 60 in ENG4U,,,"[{""course"": ""ENG4U"", ""min"": 60.0}]",True,low 70s-mid 70s,70.0,76.0,,,False
702,University of Ottawa,Faculty of Social Sciences,Honors BA Psychology,OXM,False,ENG4U + 5 (4U/4M) courses,"[{""n"": 1, ""options"": [""ENG4U""]}, {""n"": 5, ""options"": [], ""any_senior"": true}]",[],min 60 in ENG4U,,,"[{""course"": ""ENG4U"", ""min"": 60.0}]",True,low 70s-mid 70s,70.0,76.0,,,False
703,University of Ottawa,Faculty of Social Sciences,Honors BSc Psychology,OXN,False,ENG4U + 5 (4U/4M) courses,"[{""n"": 1, ""options"": [""ENG4U""]}, {""n"": 5, ""options"": [], ""any_senior"": true}]",[],min 60 in ENG4U,,,"[{""course"": ""ENG4U"", ""min"": 60.0}]",True,low 70s-mid 70s,70.0,76.0,,,False
704,University of Ottawa,Faculty of Social Sciences,Honors BSocSc Public Administration,OXO,False,ENG4U + 5 (4U/4M) courses,"[{""n"": 1, ""options"": [""ENG4U""]}, {""n"": 5, ""options"": [], ""any_senior"": true}]",[],min 60 in ENG4U,,,"[{""course"": ""ENG4U"", ""min"": 60.0}]",True,low 70s-mid 70s,70.0,76.0,,,False
705,University of Ottawa,Faculty of Social Sciences,Joint Honors BSocSc in Public Administration and Political Science,OXZ,False,ENG4U + 5 (4U/4M) courses,"[{""n"": 1, ""options"": [""ENG4U""]}, {""n"": 5, ""options"": [], ""any_senior"": true}]",[],min 60 in ENG4U,,,"[{""course"": ""ENG4U"", ""min"": 60.0}]",True,low 70s-mid 70s,70.0,76.0,,,False
706,University of Ottawa,Faculty of Social Sciences,Bachelor of Social Sciences in Interdisciplinary Studies,OKG,False,ENG4U + 5 (4U/4M) courses,"[{""n"": 1, ""options"": [""ENG4U""]}, {""n"": 5, ""options"": [], ""any_senior"": true}]",[],min 60 in ENG4U,,,"[{""course"": ""ENG4U"", ""min"": 60.0}]",True,low 70s-mid 70s,70.0,76.0,,,False
707,University of Ottawa,Faculty of Social Sciences,Bachelor of Social Sciences in Interdisciplinary Studies,OKH,False,ENG4U + 5 (4U/4M) courses,"[{""n"": 1, ""options"": [""ENG4U""]}, {""n"": 5, ""options"": [], ""any_senior"": true}]",[],min 60 in ENG4U,,,"[{""course"": ""ENG4U"", ""min"": 60.0}]",True,low 70s-mid 70s,70.0,76.0,,,False
708,University of Ottawa,Faculty of Social Sciences,Honors BSocSc Sociology,OXQ,False,ENG4U + 5 (4U/4M) courses,"[{""n"": 1, ""options"": [""ENG4U""]}, {""n"": 5, ""options"": [], ""any_senior"": true}]",[],min 60 in ENG4U,,,"[{""course"": ""ENG4U"", ""min"": 60.0}]",True,low 70s-mid 70s,70.0,76.0,,,False
709,University of Ottawa,Faculty of Social Sciences,Joint Honors BSocSc in Communication and Sociology,OXT,False,ENG4U + 5 (4U/4M) courses,"[{""n"": 1, ""options"": [""ENG4U""]}, {""n"": 5, ""options"": [], ""any_senior"": true}]",[],min 60 in ENG4U,,,"[{""course"": ""ENG4U"", ""min"": 60.0}]",True,low 70s-mid 70s,70.0,76.0,,,False
710,University of Ottawa,Faculty of Social Sciences,Joint Honors BSocSc in Feminist and Gender Studies and in Sociology,OYA,False,ENG4U + 5 (4U/4M) courses,"[{""n"": 1, ""options"": [""ENG4U""]}, {""n"": 5, ""options"": [], ""any_senior"": true}]",[],min 60 in ENG4U,,,"[{""course"": ""ENG4U"", ""min"": 60.0}]",True,low 70s-mid 70s,70.0,76.0,,,False
711,University of Ottawa,Saint Paul University,Certificate in Conflict Resolution,OPO,False,Ontario HS diploma or equivalent,[],"[""Ontario HS diploma or equivalent""]",,,,[],False,,,,,,False
712,University of Ottawa,Saint Paul University,Certificate in Ethics and Contemporary Social Issues,OAQ,False,Ontario HS diploma or equivalent + 6 4U including ENG4U,"[{""n"": 1, ""options"": [""ENG4U""]}]",[],,,,[],False,,,,,,False
713,University of Ottawa,Saint Paul University,Certificate in Human Relations and Spirituality,OHR,False,Ontario HS diploma or equivalent + 6 4U including ENG4U,"[{""n"": 1, ""options"": [""ENG4U""]}]",[],,,,[],False,,,,,,False
714,University of Ottawa,Saint Paul University,Certificate in Social Communication,OHC,False,Ontario HS diploma or equivalent + 6 4U including ENG4U,"[{""n"": 1, ""options"": [""ENG4U""]}]",[],,,,[],False,,,,,,False
715,University of Ottawa,Saint Paul University,Certificate in Social Innovation,OPN,False,Ontario HS diploma or equivalent + 6 4U including ENG4U,"[{""n"": 1, ""options"": [""ENG4U""]}]",[],,,,[],False,,,,,,False
716,University of Ottawa,Saint Paul University,Certificate in Theology,OCA,False,Ontario HS diploma or equivalent + 6 4U including ENG4U,"[{""n"": 1, ""options"": [""ENG4U""]}]",[],,,,[],False,,,,,,False
717,University of Ottawa,Saint Paul University,Conflict Studies (BA),OAW,False,Ontario HS diploma or equivalent + 6 4U including ENG4U,"[{""n"": 1, ""options"": [""ENG4U""]}]",[],,,,[],False,,,,,,False
718,University of Ottawa,Saint Paul University,Major in Ethics and Contemporary Social Issues (BA),OPE,False,Ontario HS diploma or equivalent + 6 4U including ENG4U,"[{""n"": 1, ""options"": [""ENG4U""]}]",[],,,,[],False,,,,,,False
719,University of Ottawa,Saint Paul University,Human Relations and Spirituality (BA),OPG,False,Ontario HS diploma or equivalent + 6 4U including ENG4U,"[{""n"": 1, ""options"": [""ENG4U""]}]",[],,,,[],False,,,,,,False
720,University of Ottawa,Saint Paul University,"Major in Faith, Ethics and Justice (BA) (4 years)",OAG,False,Ontario HS diploma or equivalent + 6 4U including ENG4U,"[{""n"": 1, ""options"": [""ENG4U""]}]",[],,,,[],False,,,,,,False
721,University of Ottawa,Saint Paul University,Social Communication (BA),OPS,False,Ontario HS diploma or equivalent + 6 4U including ENG4U,"[{""n"": 1, ""options"": [""ENG4U""]}]",[],,,,[],False,,,,,,False
722,University of Ottawa,Saint Paul University,Social Innovation (BA),OPM,False,Ontario HS diploma or equivalent + 6 4U including ENG4U,"[{""n"": 1, ""options"": [""ENG4U""]}]",[],,,,[],False,,,,,,False
723,University of Ottawa,Faculty of Arts (Programs offered in French),Major in English as a Second Language (ESL),OYR,True,ENG4U + 5 (4U/4M) courses,"[{""n"": 1, ""options"": [""ENG4U""]}, {""n"": 5, ""options"": [], ""any_senior"": true}]",[],min 60 in ENG4U,,,"[{""course"": ""ENG4U"", ""min"": 60.0}]",True,low 70s-mid 70s,70.0,76.0,,,False
724,University of Ottawa,Faculty of Arts (Programs offered in French),BA Honours Greek and Roman Antiquity,OYB,False,ENG4U + 5 (4U/4M) courses,"[{""n"": 1, ""options"": [""ENG4U""]}, {""n"": 5, ""options"": [], ""any_senior"": true}]",[],min 60 in ENG4U,,,"[{""course"": ""ENG4U"", ""min"": 60.0}]",True,low 80s-mid 80s,80.0,86.0,,,False
725,University of Ottawa,Faculty of Arts (Programs offered in French),Bachelor of Arts in Interdisciplinary Studies,OAV,False,ENG4U + 5 (4U/4M) courses,"[{""n"": 1, ""options"": [""ENG4U""]}, {""n"": 5, ""options"": [], ""any_senior"": true}]",[],min 60 in ENG4U,,,"[{""course"": ""ENG4U"", ""min"": 60.0}]",True,low 80s-mid 80s,80.0,86.0,,,False
726,University of Ottawa,Faculty of Arts (Programs offered in French),Bachelor of Arts in Interdisciplinary Studies,OAB,False,ENG4U + 5 (4U/4M) courses,"[{""n"": 1, ""options"": [""ENG4U""]}, {""n"": 5, ""options"": [], ""any_senior"": true}]",[],min 60 in ENG4U,,,"[{""course"": ""ENG4U"", ""min"": 60.0}]",True,low 80s-mid 80s,80.0,86.0,,,False
727,University of Ottawa,Faculty of Arts (Programs offered in French),Bachelor of Visual Arts (BAV),OZ,True,ENG4U + 5 (4U/4M) courses,"[{""n"": 1, ""options"": [""ENG4U""]}, {""n"": 5, ""options"": [], ""any_senior"": true}]",[],min 60 in ENG4U,,,"[{""course"": ""ENG4U"", ""min"": 60.0}]",True,low 80s-mid 80s,80.0,86.0,,,False
728,University of Ottawa,Faculty of Arts (Programs offered in French),Major in Visual Arts,OZA,True,ENG4U + 5 (4U/4M) courses,"[{""n"": 1, ""options"": [""ENG4U""]}, {""n"": 5, ""options"": [], ""any_senior"": true}]",[],min 60 in ENG4U,,,"[{""course"": ""ENG4U"", ""min"": 60.0}]",True,low 80s-mid 80s,80.0,86.0,,,False
729,University of Ottawa,Faculty of Arts (Programs offered in French),BA specializing in Communication,OYC,True,ENG4U + 5 (4U/4M) courses,"[{""n"": 1, ""options"": [""ENG4U""]}, {""n"": 5, ""options"": [], ""any_senior"": true}]",[],min 60 in ENG4U,,,"[{""course"": ""ENG4U"", ""min"": 60.0}]",True,low 80s-mid 80s,80.0,86.0,,,False
730,University of Ottawa,Faculty of Arts (Programs offered in French),Joint Specialized B.Sc.Soc. in Communication and Sociology,OZD,False,ENG4U + 5 (4U/4M) courses,"[{""n"": 1, ""options"": [""ENG4U""]}, {""n"": 5, ""options"": [], ""any_senior"": true}]",[],min 60 in ENG4U,,,"[{""course"": ""ENG4U"", ""min"": 60.0}]",True,low 80s-mid 80s,80.0,86.0,,,False
731,University of Ottawa,Faculty of Arts (Programs offered in French),Joint BA in Communication and French Literature,OZB,False,ENG4U + 5 (4U/4M) courses,"[{""n"": 1, ""options"": [""ENG4U""]}, {""n"": 5, ""options"": [], ""any_senior"": true}]",[],min 60 in ENG4U,,,"[{""course"": ""ENG4U"", ""min"": 60.0}]",True,low 80s-mid 80s,80.0,86.0,,,False
732,University of Ottawa,Faculty of Arts (Programs offered in French),Joint Specialized B.Sc.Soc. in Communication and Political Science,OZC,False,ENG4U + 5 (4U/4M) courses,"[{""n"": 1, ""options"": [""ENG4U""]}, {""n"": 5, ""options"": [], ""any_senior"": true}]",[],min 60 in ENG4U,,,"[{""course"": ""ENG4U"", ""min"": 60.0}]",True,low 80s-mid 80s,80.0,86.0,,,False
733,University of Ottawa,Faculty of Arts (Programs offered in French),BA Specialization in Second Language Teaching (ESL),OYD,False,ENG4U + 5 (4U/4M) courses,"[{""n"": 1, ""options"": [""ENG4U""]}, {""n"": 5, ""options"": [], ""any_senior"": true}]",[],min 60 in ENG4U,,,"[{""course"": ""ENG4U"", ""min"": 60.0}]",True,low 80s-mid 80s,80.0,86.0,,,False
734,University of Ottawa,Faculty of Arts (Programs offered in French),BA Specialized in Second Language Teaching (FLS),OYE,False,ENG4U + 5 (4U/4M) courses,"[{""n"": 1, ""options"": [""ENG4U""]}, {""n"": 5, ""options"": [], ""any_senior"": true}]",[],min 60 in ENG4U,,,"[{""course"": ""ENG4U"", ""min"": 60.0}]",True,low 80s-mid 80s,80.0,86.0,,,False
735,University of Ottawa,Faculty of Arts (Programs offered in French),BA Specialized in Ethics and Political Philosophy,OAD,False,ENG4U + 5 (4U/4M) courses,"[{""n"": 1, ""options"": [""ENG4U""]}, {""n"": 5, ""options"": [], ""any_senior"": true}]",[],min 60 in ENG4U,,,"[{""course"": ""ENG4U"", ""min"": 60.0}]",True,low 80s-mid 80s,80.0,86.0,,,False
736,University of Ottawa,Faculty of Arts (Programs offered in French),BA Hons Environmental Studies,OAF,False,ENG4U + 5 (4U/4M) courses,"[{""n"": 1, ""options"": [""ENG4U""]}, {""n"": 5, ""options"": [], ""any_senior"": true}]",[],min 60 in ENG4U,,,"[{""course"": ""ENG4U"", ""min"": 60.0}]",True,low 80s-mid 80s,80.0,86.0,,,False
737,University of Ottawa,Faculty of Arts (Programs offered in French),Major in Medieval and Renaissance Studies,OYU,False,ENG4U + 5 (4U/4M) courses,"[{""n"": 1, ""options"": [""ENG4U""]}, {""n"": 5, ""options"": [], ""any_senior"": true}]",[],min 60 in ENG4U,,,"[{""course"": ""ENG4U"", ""min"": 60.0}]",True,low 80s-mid 80s,80.0,86.0,,,False
738,University of Ottawa,Faculty of Arts (Programs offered in French),BA specializing in Geography,OYI,False,ENG4U + 5 (4U/4M) courses,"[{""n"": 1, ""options"": [""ENG4U""]}, {""n"": 5, ""options"": [], ""any_senior"": true}]",[],min 60 in ENG4U,,,"[{""course"": ""ENG4U"", ""min"": 60.0}]",True,low 80s-mid 80s,80.0,86.0,,,False
739,University of Ottawa,Faculty of Arts (Programs offered in French),Major in Physical Geography and Geomatics,OOG,False,ENG4U + 5 (4U/4M) courses,"[{""n"": 1, ""options"": [""ENG4U""]}, {""n"": 5, ""options"": [], ""any_senior"": true}]",[],min 60 in ENG4U,,,"[{""course"": ""ENG4U"", ""min"": 60.0}]",True,low 80s-mid 80s,80.0,86.0,,,False
740,University of Ottawa,Faculty of Arts (Programs offered in French),BA specializing in History,OYJ,False,ENG4U + 5 (4U/4M) courses,"[{""n"": 1, ""options"": [""ENG4U""]}, {""n"": 5, ""options"": [], ""any_senior"": true}]",[],min 60 in ENG4U,,,"[{""course"": ""ENG4U"", ""min"": 60.0}]",True,low 80s-mid 80s,80.0,86.0,,,False
741,University of Ottawa,Faculty of Arts (Programs offered in French),Major in Art History,OYV,False,ENG4U + 5 (4U/4M) courses,"[{""n"": 1, ""options"": [""ENG4U""]}, {""n"": 5, ""options"": [], ""any_senior"": true}]",[],min 60 in ENG4U,,,"[{""course"": ""ENG4U"", ""min"": 60.0}]",True,low 80s-mid 80s,80.0,86.0,,,False
742,University of Ottawa,Faculty of Arts (Programs offered in French),Joint B.Sc.Soc. in History and Political Science,OZE,False,ENG4U + 5 (4U/4M) courses,"[{""n"": 1, ""options"": [""ENG4U""]}, {""n"": 5, ""options"": [], ""any_senior"": true}]",[],min 60 in ENG4U,,,"[{""course"": ""ENG4U"", ""min"": 60.0}]",True,low 80s-mid 80s,80.0,86.0,,,False
743,University of Ottawa,Faculty of Arts (Programs offered in French),Bachelor's degree specializing in digital journalism,ODN,False,ENG4U + 5 (4U/4M) courses,"[{""n"": 1, ""options"": [""ENG4U""]}, {""n"": 5, ""options"": [], ""any_senior"": true}]",[],min 60 in ENG4U,,,"[{""course"": ""ENG4U"", ""min"": 60.0}]",True,low 80s-mid 80s,80.0,86.0,,,False
744,University of Ottawa,Faculty of Arts (Programs offered in French),Major in World Languages ​​and Cultures,OOL,False,ENG4U + 5 (4U/4M) courses,"[{""n"": 1, ""options"": [""ENG4U""]}, {""n"": 5, ""options"": [], ""any_senior"": true}]",[],min 60 in ENG4U,,,"[{""course"": ""ENG4U"", ""min"": 60.0}]",True,low 80s-mid 80s,80.0,86.0,,,False
745,University of Ottawa,Faculty of Arts (Programs offered in French),BA specializing in French Literature,OYK,False,ENG4U + 5 (4U/4M) courses,"[{""n"": 1, ""options"": [""ENG4U""]}, {""n"": 5, ""options"": [], ""any_senior"": true}]",[],min 60 in ENG4U,,,"[{""course"": ""ENG4U"", ""min"": 60.0}]",True,low 80s-mid 80s,80.0,86.0,,,False
746,University of Ottawa,Faculty of Arts (Programs offered in French),BA in French Literature and Bachelor of Education,OAL,False,ENG4U + 5 (4U/4M) courses,"[{""n"": 1, ""options"": [""ENG4U""]}, {""n"": 5, ""options"": [], ""any_senior"": true}]",[],min 60 in ENG4U,,,"[{""course"": ""ENG4U"", ""min"": 60.0}]",True,low 80s-mid 80s,80.0,86.0,,,False
747,University of Ottawa,Faculty of Arts (Programs offered in French),BA specializing in Linguistics,OYL,False,ENG4U + 5 (4U/4M) courses,"[{""n"": 1, ""options"": [""ENG4U""]}, {""n"": 5, ""options"": [], ""any_senior"": true}]",[],min 60 in ENG4U,,,"[{""course"": ""ENG4U"", ""min"": 60.0}]",True,low 80s-mid 80s,80.0,86.0,,,False
748,University of Ottawa,Faculty of Arts (Programs offered in French),BA specializing in Music,OYM,False,ENG4U + 5 (4U/4M) courses,"[{""n"": 1, ""options"": [""ENG4U""]}, {""n"": 5, ""options"": [], ""any_senior"": true}]",[],min 60 in ENG4U,,,"[{""course"": ""ENG4U"", ""min"": 60.0}]",True,low 80s-mid 80s,80.0,86.0,,,False
749,University of Ottawa,Faculty of Arts (Programs offered in French),Bachelor of Music (B.Mus),OMF,True,ENG4U + 5 (4U/4M) courses,"[{""n"": 1, ""options"": [""ENG4U""]}, {""n"": 5, ""options"": [], ""any_senior"": true}]",[],min 60 in ENG4U,,,"[{""course"": ""ENG4U"", ""min"": 60.0}]",True,low 80s-mid 80s,80.0,86.0,,,False
750,University of Ottawa,Faculty of Arts (Programs offered in French),Bachelor of Music and Bachelor of Science (Honours) with a major in Biochemistry,OZH,False,ENG4U + MHF4U + MCV4U + 2 of SCH4U/SBI4U/SPH4U,"[{""n"": 2, ""options"": [""ENG4U"", ""MHF4U"", ""MCV4U"", ""SCH4U"", ""SBI4U"", ""SPH4U""]}]",[],"min 60 in ENG4U, 70 in MHF4U, 60 in MCV4U, 70 in sciences",,,"[{""course"": ""ENG4U"", ""min"": 60.0}, {""course"": ""MHF4U"", ""min"": 70.0}, {""course"": ""MCV4U"", ""min"": 60.0}]",True,low 80s-mid 80s,80.0,86.0,,,False
751,University of Ottawa,Faculty of Arts (Programs offered in French),Bachelor of Music and Bachelor of Science (Honours) with a major in Biology,OZI,False,ENG4U + MHF4U + MCV4U + 2 of SCH4U/SBI4U/SPH4U,"[{""n"": 2, ""options"": [""ENG4U"", ""MHF4U"", ""MCV4U"", ""SCH4U"", ""SBI4U"", ""SPH4U""]}]",[],"min 60 in ENG4U, 70 in MHF4U, 60 in MCV4U, 70 in sciences",,,"[{""course"": ""ENG4U"", ""min"": 60.0}, {""course"": ""MHF4U"", ""min"": 70.0}, {""course"": ""MCV4U"", ""min"": 60.0}]",True,low 80s-mid 80s,80.0,86.0,,,False
752,University of Ottawa,Faculty of Arts (Programs offered in French),Bachelor of Music and Bachelor of Science (Honours) with a major in Chemistry,OZJ,False,ENG4U + MHF4U + MCV4U + 2 of SCH4U/SBI4U/SPH4U,"[{""n"": 2, ""options"": [""ENG4U"", ""MHF4U"", ""MCV4U"", ""SCH4U"", ""SBI4U"", ""SPH4U""]}]",[],"min 60 in ENG4U, 70 in MHF4U, 60 in MCV4U, 70 in sciences",,,"[{""course"": ""ENG4U"", ""min"": 60.0}, {""course"": ""MHF4U"", ""min"": 70.0}, {""course"": ""MCV4U"", ""min"": 60.0}]",True,low 80s-mid 80s,80.0,86.0,,,False
753,University of Ottawa,Faculty of Arts (Programs offered in French),Bachelor of Music and Bachelor of Science (Honours) with a major in Geology,OZK,False,ENG4U + MHF4U + MCV4U + 2 of SCH4U/SBI4U/SPH4U,"[{""n"": 2, ""options"": [""ENG4U"", ""MHF4U"", ""MCV4U"", ""SCH4U"", ""SBI4U"", ""SPH4U""]}]",[],"min 60 in ENG4U, 70 in MHF4U, 60 in MCV4U, 70 in sciences",,,"[{""course"": ""ENG4U"", ""min"": 60.0}, {""course"": ""MHF4U"", ""min"": 70.0}, {""course"": ""MCV4U"", ""min"": 60.0}]",True,low 80s-mid 80s,80.0,86.0,,,False
754,University of Ottawa,Faculty of Arts (Programs offered in French),Bachelor of Music and Bachelor of Science (Honours) with a major in Computer Science,OZL,False,ENG4U + MHF4U + MCV4U + 2 of SCH4U/SBI4U/SPH4U,"[{""n"": 2, ""options"": [""ENG4U"", ""MHF4U"", ""MCV4U"", ""SCH4U"", ""SBI4U"", ""SPH4U""]}]",[],"min 60 in ENG4U, 70 in MHF4U, 60 in MCV4U, 70 in sciences",,,"[{""course"": ""ENG4U"", ""min"": 60.0}, {""course"": ""MHF4U"", ""min"": 70.0}, {""course"": ""MCV4U"", ""min"": 60.0}]",True,low 80s-mid 80s,80.0,86.0,,,False
755,University of Ottawa,Faculty of Arts (Programs offered in French),Bachelor of Music and Bachelor of Science (Honours) with a major in Mathematics,OZM,False,ENG4U + MHF4U + MCV4U + 2 of SCH4U/SBI4U/SPH4U,"[{""n"": 2, ""options"": [""ENG4U"", ""MHF4U"", ""MCV4U"", ""SCH4U"", ""SBI4U"", ""SPH4U""]}]",[],"min 60 in ENG4U, 70 in MHF4U, 60 in MCV4U, 70 in sciences",,,"[{""course"": ""ENG4U"", ""min"": 60.0}, {""course"": ""MHF4U"", ""min"": 70.0}, {""course"": ""MCV4U"", ""min"": 60.0}]",True,low 80s-mid 80s,80.0,86.0,,,False
756,University of Ottawa,Faculty of Arts (Programs offered in French),Bachelor of Music and Bachelor of Science (Honours) with a major in Physics,OZN,False,ENG4U + MHF4U + MCV4U + 2 of SCH4U/SBI4U/SPH4U,"[{""n"": 2, ""options"": [""ENG4U"", ""MHF4U"", ""MCV4U"", ""SCH4U"", ""SBI4U"", ""SPH4U""]}]",[],"min 60 in ENG4U, 70 in MHF4U, 60 in MCV4U, 70 in sciences",,,"[{""course"": ""ENG4U"", ""min"": 60.0}, {""course"": ""MHF4U"", ""min"": 70.0}, {""course"": ""MCV4U"", ""min"": 60.0}]",True,low 80s-mid 80s,80.0,86.0,,,False
757,University of Ottawa,Faculty of Arts (Programs offered in French),Bachelor of Music and Bachelor of Science (Honours) with a major in Statistics,OZO,False,ENG4U + MHF4U + MCV4U + 2 of SCH4U/SBI4U/SPH4U,"[{""n"": 2, ""options"": [""ENG4U"", ""MHF4U"", ""MCV4U"", ""SCH4U"", ""SBI4U"", ""SPH4U""]}]",[],"min 60 in ENG4U, 70 in MHF4U, 60 in MCV4U, 70 in sciences",,,"[{""course"": ""ENG4U"", ""min"": 60.0}, {""course"": ""MHF4U"", ""min"": 70.0}, {""course"": ""MCV4U"", ""min"": 60.0}]",True,low 80s-mid 80s,80.0,86.0,,,False
758,University of Ottawa,Faculty of Arts (Programs offered in French),BA specializing in Philosophy,OYN,False,ENG4U + 5 (4U/4M) courses,"[{""n"": 1, ""options"": [""ENG4U""]}, {""n"": 5, ""options"": [], ""any_senior"": true}]",[],min 60 in ENG4U,,,"[{""course"": ""ENG4U"", ""min"": 60.0}]",True,low 80s-mid 80s,80.0,86.0,,,False
759,University of Ottawa,Faculty of Arts (Programs offered in French),Joint Specialized B.Sc.Soc. in Philosophy and Political Science,OZF,False,ENG4U + 5 (4U/4M) courses,"[{""n"": 1, ""options"": [""ENG4U""]}, {""n"": 5, ""options"": [], ""any_senior"": true}]",[],min 60 in ENG4U,,,"[{""course"": ""ENG4U"", ""min"": 60.0}]",True,low 70s-mid 70s,70.0,76.0,,,False
760,University of Ottawa,Faculty of Arts (Programs offered in French),Bachelor's degree in theatrical practice in play,OCC,False,ENG4U + 5 (4U/4M) courses,"[{""n"": 1, ""options"": [""ENG4U""]}, {""n"": 5, ""options"": [], ""any_senior"": true}]",[],min 60 in ENG4U,,,"[{""course"": ""ENG4U"", ""min"": 60.0}]",True,low 70s-mid 70s,70.0,76.0,,,False
761,University of Ottawa,Faculty of Arts (Programs offered in French),Joint Honours BA in Psychology and Linguistics,OZG,False,ENG4U + 5 (4U/4M) courses,"[{""n"": 1, ""options"": [""ENG4U""]}, {""n"": 5, ""options"": [], ""any_senior"": true}]",[],min 60 in ENG4U,,,"[{""course"": ""ENG4U"", ""min"": 60.0}]",True,low 70s-mid 70s,70.0,76.0,,,False
762,University of Ottawa,Faculty of Arts (Programs offered in French),Bachelor's degree specializing in public relations and communication,OPR,False,ENG4U + 5 (4U/4M) courses,"[{""n"": 1, ""options"": [""ENG4U""]}, {""n"": 5, ""options"": [], ""any_senior"": true}]",[],min 60 in ENG4U,,,"[{""course"": ""ENG4U"", ""min"": 60.0}]",True,low 70s-mid 70s,70.0,76.0,,,False
763,University of Ottawa,Faculty of Arts (Programs offered in French),BA specializing in Theater,OYP,False,ENG4U + 5 (4U/4M) courses,"[{""n"": 1, ""options"": [""ENG4U""]}, {""n"": 5, ""options"": [], ""any_senior"": true}]",[],min 60 in ENG4U,,,"[{""course"": ""ENG4U"", ""min"": 60.0}]",True,low 70s-mid 70s,70.0,76.0,,,False
764,University of Ottawa,Faculty of Engineering (Programs offered in French),Bachelor of Multidisciplinary Design - Experiential Learning,OCL,False,"ENG4U/FRA4U, MHF4U, SCH4U, SPH4U","[{""n"": 1, ""options"": [""ENG4U"", ""FRA4U""]}, {""n"": 1, ""options"": [""MHF4U""]}, {""n"": 1, ""options"": [""SCH4U""]}, {""n"": 1, ""options"": [""SPH4U""]}]",[],above 70 in all,,70.0,[],True,low 80s-mid 80s,80.0,86.0,,,False
765,University of Ottawa,Faculty of Engineering (Programs offered in French),B.Sc.A. Chemical Engineering,OEF,False,"ENG4U/FRA4U, MHF4U, SCH4U, SPH4U","[{""n"": 1, ""options"": [""ENG4U"", ""FRA4U""]}, {""n"": 1, ""options"": [""MHF4U""]}, {""n"": 1, ""options"": [""SCH4U""]}, {""n"": 1, ""options"": [""SPH4U""]}]",[],above 70 in all,,70.0,[],True,low 80s-mid 80s,80.0,86.0,,,False
766,University of Ottawa,Faculty of Engineering (Programs offered in French),B.Sc.A. Chemical Engineering and B.Sc. Computer Technology,EPO,False,"ENG4U/FRA4U, MHF4U, SCH4U, SPH4U","[{""n"": 1, ""options"": [""ENG4U"", ""FRA4U""]}, {""n"": 1, ""options"": [""MHF4U""]}, {""n"": 1, ""options"": [""SCH4U""]}, {""n"": 1, ""options"": [""SPH4U""]}]",[],above 70 in all,,70.0,[],True,low 80s-mid 80s,80.0,86.0,,,False
767,University of Ottawa,Faculty of Engineering (Programs offered in French),B.Sc.A. Civil engineering,OHF,False,"ENG4U/FRA4U, MHF4U, SCH4U, SPH4U","[{""n"": 1, ""options"": [""ENG4U"", ""FRA4U""]}, {""n"": 1, ""options"": [""MHF4U""]}, {""n"": 1, ""options"": [""SCH4U""]}, {""n"": 1, ""options"": [""SPH4U""]}]",[],above 70 in all,,70.0,[],True,low 80s-mid 80s,80.0,86.0,,,False
768,University of Ottawa,Faculty of Engineering (Programs offered in French),B.Sc.A. Civil Engineering and B.Sc. Computer Technology,OBB,False,"ENG4U/FRA4U, MHF4U, SCH4U, SPH4U","[{""n"": 1, ""options"": [""ENG4U"", ""FRA4U""]}, {""n"": 1, ""options"": [""MHF4U""]}, {""n"": 1, ""options"": [""SCH4U""]}, {""n"": 1, ""options"": [""SPH4U""]}]",[],above 70 in all,,70.0,[],True,low 80s-mid 80s,80.0,86.0,,,False
769,University of Ottawa,Faculty of Engineering (Programs offered in French),B.Sc.A. Electrical Engineering,OIF,False,"ENG4U/FRA4U, MHF4U, SCH4U, SPH4U","[{""n"": 1, ""options"": [""ENG4U"", ""FRA4U""]}, {""n"": 1, ""options"": [""MHF4U""]}, {""n"": 1, ""options"": [""SCH4U""]}, {""n"": 1, ""options"": [""SPH4U""]}]",[],above 70 in all,,70.0,[],True,low 80s-mid 80s,80.0,86.0,,,False
770,University of Ottawa,Faculty of Engineering (Programs offered in French),B.Sc.A. Electrical Engineering and B.Sc. Computer Technology,OID,False,"ENG4U/FRA4U, MHF4U, SCH4U, SPH4U","[{""n"": 1, ""options"": [""ENG4U"", ""FRA4U""]}, {""n"": 1, ""options"": [""MHF4U""]}, {""n"": 1, ""options"": [""SCH4U""]}, {""n"": 1, ""options"": [""SPH4U""]}]",[],above 70 in all,,70.0,[],True,low 80s-mid 80s,80.0,86.0,,,False
771,University of Ottawa,Faculty of Engineering (Programs offered in French),B.Sc.A. Computer Engineering,OBD,False,"ENG4U/FRA4U, MHF4U, SCH4U, SPH4U","[{""n"": 1, ""options"": [""ENG4U"", ""FRA4U""]}, {""n"": 1, ""options"": [""MHF4U""]}, {""n"": 1, ""options"": [""SCH4U""]}, {""n"": 1, ""options"": [""SPH4U""]}]",[],above 70 in all,,70.0,[],True,low 80s-mid 80s,80.0,86.0,,,False
772,University of Ottawa,Faculty of Engineering (Programs offered in French),B.Sc.A. Software Engineering,OJB,False,"ENG4U/FRA4U, MHF4U, SCH4U, SPH4U","[{""n"": 1, ""options"": [""ENG4U"", ""FRA4U""]}, {""n"": 1, ""options"": [""MHF4U""]}, {""n"": 1, ""options"": [""SCH4U""]}, {""n"": 1, ""options"": [""SPH4U""]}]",[],above 70 in all,,70.0,[],True,low 80s-mid 80s,80.0,86.0,,,False
773,University of Ottawa,Faculty of Engineering (Programs offered in French),B.Sc.A. Mechanical Engineering,OJF,False,"ENG4U/FRA4U, MHF4U, SCH4U, SPH4U","[{""n"": 1, ""options"": [""ENG4U"", ""FRA4U""]}, {""n"": 1, ""options"": [""MHF4U""]}, {""n"": 1, ""options"": [""SCH4U""]}, {""n"": 1, ""options"": [""SPH4U""]}]",[],above 70 in all,,70.0,[],True,low 80s-mid 80s,80.0,86.0,,,False
774,University of Ottawa,Faculty of Engineering (Programs offered in French),B.Sc.A. Mechanical Engineering and B.Sc. Computer Technology,OBO,False,"ENG4U/FRA4U, MHF4U, SCH4U, SPH4U","[{""n"": 1, ""options"": [""ENG4U"", ""FRA4U""]}, {""n"": 1, ""options"": [""MHF4U""]}, {""n"": 1, ""options"": [""SCH4U""]}, {""n"": 1, ""options"": [""SPH4U""]}]",[],above 70 in all,,70.0,[],True,low 80s-mid 80s,80.0,86.0,,,False
775,University of Ottawa,Faculty of Engineering (Programs offered in French),B.Sc.A. Biomedical Mechanical Engineering,OEH,False,"ENG4U/FRA4U, MHF4U, SCH4U, SPH4U","[{""n"": 1, ""options"": [""ENG4U"", ""FRA4U""]}, {""n"": 1, ""options"": [""MHF4U""]}, {""n"": 1, ""options"": [""SCH4U""]}, {""n"": 1, ""options"": [""SPH4U""]}]",[],above 70 in all,,70.0,[],True,low 80s-mid 80s,80.0,86.0,,,False
776,University of Ottawa,Faculty of Engineering (Programs offered in French),B.Sc.A. Biomedical Mechanical Engineering and B.Sc. Computer Technology,OEZ,False,"ENG4U/FRA4U, MHF4U, SCH4U, SPH4U","[{""n"": 1, ""options"": [""ENG4U"", ""FRA4U""]}, {""n"": 1, ""options"": [""MHF4U""]}, {""n"": 1, ""options"": [""SCH4U""]}, {""n"": 1, ""options"": [""SPH4U""]}]",[],above 70 in all,,70.0,[],True,low 90s-mid 90s,90.0,96.0,,,False
777,University of Ottawa,Faculty of Engineering (Programs offered in French),B.Sc. specializing in Computer Science,ORJ,False,"ENG4U/FRA4U, MHF4U, MCV4U, one science course (SPH4U or ICS4U preferred)","[{""n"": 1, ""options"": [""ENG4U"", ""FRA4U""]}, {""n"": 1, ""options"": [""MHF4U""]}, {""n"": 1, ""options"": [""MCV4U""]}, {""n"": 1, ""options"": [""SPH4U""]}, {""n"": 1, ""options"": [""ICS4U""]}]",[],above 70 in all,,70.0,[],True,low 90s-mid 90s,90.0,96.0,,,False
778,University of Ottawa,Faculty of Engineering (Programs offered in French),Joint Honours B.Sc. in Computer Science and Mathematics,ORH,False,"ENG4U/FRA4U, MHF4U, MCV4U, one science course (SPH4U or ICS4U preferred)","[{""n"": 1, ""options"": [""ENG4U"", ""FRA4U""]}, {""n"": 1, ""options"": [""MHF4U""]}, {""n"": 1, ""options"": [""MCV4U""]}, {""n"": 1, ""options"": [""SPH4U""]}, {""n"": 1, ""options"": [""ICS4U""]}]",[],above 70 in all,,70.0,[],True,low 90s-mid 90s,90.0,96.0,,,False
779,University of Ottawa,Faculty of Engineering (Programs offered in French),BSc in Mathematics and BSc in Computer Science (Data Science),OWJ,False,"ENG4U/FRA4U, MHF4U, MCV4U, one science course (SPH4U or ICS4U preferred)","[{""n"": 1, ""options"": [""ENG4U"", ""FRA4U""]}, {""n"": 1, ""options"": [""MHF4U""]}, {""n"": 1, ""options"": [""MCV4U""]}, {""n"": 1, ""options"": [""SPH4U""]}, {""n"": 1, ""options"": [""ICS4U""]}]",[],above 70 in all,,70.0,[],True,low 90s-mid 90s,90.0,96.0,,,False
780,University of Ottawa,Telfer School of Management (programs offered in French),Bachelor of Business Sciences with Specialization and Juris Doctor,OJD,False,"ENG4U/FRA4U, MHF4U, MCV4U","[{""n"": 1, ""options"": [""ENG4U"", ""FRA4U""]}, {""n"": 1, ""options"": [""MHF4U""]}, {""n"": 1, ""options"": [""MCV4U""]}]",[],above 70 in all,,70.0,[],True,low 80s-mid 80s,80.0,86.0,,,False
781,University of Ottawa,Telfer School of Management (programs offered in French),Bachelor of Commerce (Hons) (Healthcare Analytics Option),OTB,False,"ENG4U/FRA4U, MHF4U, MCV4U","[{""n"": 1, ""options"": [""ENG4U"", ""FRA4U""]}, {""n"": 1, ""options"": [""MHF4U""]}, {""n"": 1, ""options"": [""MCV4U""]}]",[],above 70 in all,,70.0,[],True,low 80s-mid 80s,80.0,86.0,,,False
782,University of Ottawa,Telfer School of Management (programs offered in French),Bachelor of Commerce (specialized in accounting),OTF,False,"ENG4U/FRA4U, MHF4U, MCV4U","[{""n"": 1, ""options"": [""ENG4U"", ""FRA4U""]}, {""n"": 1, ""options"": [""MHF4U""]}, {""n"": 1, ""options"": [""MCV4U""]}]",[],above 70 in all,,70.0,[],True,low 80s-mid 80s,80.0,86.0,,,False
783,University of Ottawa,Telfer School of Management (programs offered in French),Bachelor of Business Sciences (specialized in finance),OTR,False,"ENG4U/FRA4U, MHF4U, MCV4U","[{""n"": 1, ""options"": [""ENG4U"", ""FRA4U""]}, {""n"": 1, ""options"": [""MHF4U""]}, {""n"": 1, ""options"": [""MCV4U""]}]",[],above 70 in all,,70.0,[],True,low 80s-mid 80s,80.0,86.0,,,False
784,University of Ottawa,Telfer School of Management (programs offered in French),Bachelor of Business Sciences (specialized in Human Resources Management),OTT,False,"ENG4U/FRA4U, MHF4U, MCV4U","[{""n"": 1, ""options"": [""ENG4U"", ""FRA4U""]}, {""n"": 1, ""options"": [""MHF4U""]}, {""n"": 1, ""options"": [""MCV4U""]}]",[],above 70 in all,,70.0,[],True,low 80s-mid 80s,80.0,86.0,,,False
785,University of Ottawa,Telfer School of Management (programs offered in French),Bachelor of Commerce (specialized in Business Technology Management),OWN,False,"ENG4U/FRA4U, MHF4U, MCV4U","[{""n"": 1, ""options"": [""ENG4U"", ""FRA4U""]}, {""n"": 1, ""options"": [""MHF4U""]}, {""n"": 1, ""options"": [""MCV4U""]}]",[],above 70 in all,,70.0,[],True,low 80s-mid 80s,80.0,86.0,,,False
786,University of Ottawa,Telfer School of Management (programs offered in French),Bachelor of Business Sciences (specialized in international management),OTV,False,"ENG4U/FRA4U, MHF4U, MCV4U","[{""n"": 1, ""options"": [""ENG4U"", ""FRA4U""]}, {""n"": 1, ""options"": [""MHF4U""]}, {""n"": 1, ""options"": [""MCV4U""]}]",[],above 70 in all,,70.0,[],True,low 80s-mid 80s,80.0,86.0,,,False
787,University of Ottawa,Telfer School of Management (programs offered in French),Bachelor of Business Sciences (specialized in management),OTX,False,"ENG4U/FRA4U, MHF4U, MCV4U","[{""n"": 1, ""options"": [""ENG4U"", ""FRA4U""]}, {""n"": 1, ""options"": [""MHF4U""]}, {""n"": 1, ""options"": [""MCV4U""]}]",[],above 70 in all,,70.0,[],True,low 80s-mid 80s,80.0,86.0,,,False
788,University of Ottawa,Telfer School of Management (programs offered in French),Bachelor of Commerce (specialized in marketing),OTZ,False,"ENG4U/FRA4U, MHF4U, MCV4U","[{""n"": 1, ""options"": [""ENG4U"", ""FRA4U""]}, {""n"": 1, ""options"": [""MHF4U""]}, {""n"": 1, ""options"": [""MCV4U""]}]",[],above 70 in all,,70.0,[],True,low 80s-mid 80s,80.0,86.0,,,False
789,University of Ottawa,Telfer School of Management (programs offered in French),Bachelor of Commerce (specialized in management) and Master of Science in Management,OCF,False,"ENG4U/FRA4U, MHF4U, MCV4U","[{""n"": 1, ""options"": [""ENG4U"", ""FRA4U""]}, {""n"": 1, ""options"": [""MHF4U""]}, {""n"": 1, ""options"": [""MCV4U""]}]",[],above 70 in all,,70.0,[],True,low 80s-mid 80s,80.0,86.0,,,False
790,University of Ottawa,Telfer School of Management (programs offered in French),Bachelor of Commerce (Hons) (Healthcare Analytics Option) and Master of Science in Management,ODI,False,"ENG4U/FRA4U, MHF4U, MCV4U","[{""n"": 1, ""options"": [""ENG4U"", ""FRA4U""]}, {""n"": 1, ""options"": [""MHF4U""]}, {""n"": 1, ""options"": [""MCV4U""]}]",[],above 70 in all,,70.0,[],True,low 80s-mid 80s,80.0,86.0,,,False
791,University of Ottawa,Telfer School of Management (programs offered in French),Bachelor of Commerce (Accounting Option) and Master of Science in Management,Agenda,False,"ENG4U/FRA4U, MHF4U, MCV4U","[{""n"": 1, ""options"": [""ENG4U"", ""FRA4U""]}, {""n"": 1, ""options"": [""MHF4U""]}, {""n"": 1, ""options"": [""MCV4U""]}]",[],above 70 in all,,70.0,[],True,low 80s-mid 80s,80.0,86.0,,,False
792,University of Ottawa,Telfer School of Management (programs offered in French),Bachelor of Commerce (specialized in finance) and Master of Science in Management,ODK,False,"ENG4U/FRA4U, MHF4U, MCV4U","[{""n"": 1, ""options"": [""ENG4U"", ""FRA4U""]}, {""n"": 1, ""options"": [""MHF4U""]}, {""n"": 1, ""options"": [""MCV4U""]}]",[],above 70 in all,,70.0,[],True,low 80s-mid 80s,80.0,86.0,,,False
793,University of Ottawa,Telfer School of Management (programs offered in French),Bachelor of Commerce (specialized in Business Technology Management) and Master of Science in Management,ODF,False,"ENG4U/FRA4U, MHF4U, MCV4U","[{""n"": 1, ""options"": [""ENG4U"", ""FRA4U""]}, {""n"": 1, ""options"": [""MHF4U""]}, {""n"": 1, ""options"": [""MCV4U""]}]",[],above 70 in all,,70.0,[],True,low 80s-mid 80s,80.0,86.0,,,False
794,University of Ottawa,Telfer School of Management (programs offered in French),Bachelor of Commerce (specialized in international management) and Master of Science in Management,ODG,False,"ENG4U/FRA4U, MHF4U, MCV4U","[{""n"": 1, ""options"": [""ENG4U"", ""FRA4U""]}, {""n"": 1, ""options"": [""MHF4U""]}, {""n"": 1, ""options"": [""MCV4U""]}]",[],above 70 in all,,70.0,[],True,low 80s-mid 80s,80.0,86.0,,,False
795,University of Ottawa,Telfer School of Management (programs offered in French),Bachelor of Commerce (specialized in marketing) and Master of Science in Management,ODH,False,"ENG4U/FRA4U, MHF4U, MCV4U","[{""n"": 1, ""options"": [""ENG4U"", ""FRA4U""]}, {""n"": 1, ""options"": [""MHF4U""]}, {""n"": 1, ""options"": [""MCV4U""]}]",[],above 70 in all,,70.0,[],True,low 80s-mid 80s,80.0,86.0,,,False
796,University of Ottawa,Telfer School of Management (programs offered in French),Bachelor of Commerce (specialized in Human Resources Management) and Master of Science in Management,ODL,False,"ENG4U/FRA4U, MHF4U, MCV4U","[{""n"": 1, ""options"": [""ENG4U"", ""FRA4U""]}, {""n"": 1, ""options"": [""MHF4U""]}, {""n"": 1, ""options"": [""MCV4U""]}]",[],above 70 in all,,70.0,[],True,low 80s-mid 80s,80.0,86.0,,,False
797,University of Ottawa,Faculty of Science (programs offered in French),B.Sc. specializing in Biochemistry,OZT,False,"ENG4U/FRA4U, MHF4U, MCV4U","[{""n"": 1, ""options"": [""ENG4U"", ""FRA4U""]}, {""n"": 1, ""options"": [""MHF4U""]}, {""n"": 1, ""options"": [""MCV4U""]}]",[],above 70 in all,,70.0,[],True,low 80s-mid 80s,80.0,86.0,,,False
798,University of Ottawa,Faculty of Science (programs offered in French),B.Sc. specializing in Biology,OZU,False,"ENG4U/FRA4U, MHF4U, two sciences (SBI4U, SCH4U, SPH4U)","[{""n"": 1, ""options"": [""ENG4U"", ""FRA4U""]}, {""n"": 1, ""options"": [""MHF4U""]}, {""n"": 2, ""options"": [""SBI4U"", ""SCH4U"", ""SPH4U""]}]",[],above 70 in all,,70.0,[],True,low 80s-mid 80s,80.0,86.0,,,False
799,University of Ottawa,Faculty of Science (programs offered in French),BSc in Biochemistry and BSc in Chemical Engineering (Biotechnology),OSX,False,"ENG4U/FRA4U, MHF4U, two sciences (SBI4U, SCH4U, SPH4U)","[{""n"": 1, ""options"": [""ENG4U"", ""FRA4U""]}, {""n"": 1, ""options"": [""MHF4U""]}, {""n"": 2, ""options"": [""SBI4U"", ""SCH4U"", ""SPH4U""]}]",[],above 70 in all,,70.0,[],True,low 80s-mid 80s,80.0,86.0,,,False
800,University of Ottawa,Faculty of Science (programs offered in French),BSc specializing in Chemistry,OZV,False,"ENG4U/FRA4U, MHF4U, two sciences (SBI4U, SCH4U, SPH4U)","[{""n"": 1, ""options"": [""ENG4U"", ""FRA4U""]}, {""n"": 1, ""options"": [""MHF4U""]}, {""n"": 2, ""options"": [""SBI4U"", ""SCH4U"", ""SPH4U""]}]",[],above 70 in all,,70.0,[],True,low 80s-mid 80s,80.0,86.0,,,False
801,University of Ottawa,Faculty of Science (programs offered in French),B.Sc. specializing in Geology,OZW,False,"ENG4U/FRA4U, MHF4U, two sciences (SBI4U, SCH4U, SPH4U)","[{""n"": 1, ""options"": [""ENG4U"", ""FRA4U""]}, {""n"": 1, ""options"": [""MHF4U""]}, {""n"": 2, ""options"": [""SBI4U"", ""SCH4U"", ""SPH4U""]}]",[],above 70 in all,,70.0,[],True,low 80s-mid 80s,80.0,86.0,,,False
802,University of Ottawa,Faculty of Science (programs offered in French),B.Sc. specializing in Environmental Geosciences,OWP,False,"ENG4U/FRA4U, MHF4U, two sciences (SBI4U, SCH4U, SPH4U)","[{""n"": 1, ""options"": [""ENG4U"", ""FRA4U""]}, {""n"": 1, ""options"": [""MHF4U""]}, {""n"": 2, ""options"": [""SBI4U"", ""SCH4U"", ""SPH4U""]}]",[],above 70 in all,,70.0,[],True,low 80s-mid 80s,80.0,86.0,,,False
803,University of Ottawa,Faculty of Science (programs offered in French),B.Sc. specializing in Geology-Physics,OZX,False,"ENG4U/FRA4U, MHF4U, two sciences (SBI4U, SCH4U, SPH4U)","[{""n"": 1, ""options"": [""ENG4U"", ""FRA4U""]}, {""n"": 1, ""options"": [""MHF4U""]}, {""n"": 2, ""options"": [""SBI4U"", ""SCH4U"", ""SPH4U""]}]",[],above 70 in all,,70.0,[],True,low 80s-mid 80s,80.0,86.0,,,False
804,University of Ottawa,Faculty of Science (programs offered in French),B.Sc. specializing in Mathematics,OZY,False,"ENG4U/FRA4U, MHF4U, two sciences (SBI4U, SCH4U, SPH4U)","[{""n"": 1, ""options"": [""ENG4U"", ""FRA4U""]}, {""n"": 1, ""options"": [""MHF4U""]}, {""n"": 2, ""options"": [""SBI4U"", ""SCH4U"", ""SPH4U""]}]",[],above 70 in all,,70.0,[],True,low 80s-mid 80s,80.0,86.0,,,False
805,University of Ottawa,Faculty of Science (programs offered in French),Joint Specialized B.Sc. in Mathematics and Economics,OFC,False,"ENG4U/FRA4U, MHF4U, two sciences (SBI4U, SCH4U, SPH4U)","[{""n"": 1, ""options"": [""ENG4U"", ""FRA4U""]}, {""n"": 1, ""options"": [""MHF4U""]}, {""n"": 2, ""options"": [""SBI4U"", ""SCH4U"", ""SPH4U""]}]",[],above 70 in all,,70.0,[],True,low 80s-mid 80s,80.0,86.0,,,False
806,University of Ottawa,Faculty of Science (programs offered in French),B.Sc. specializing in Financial Mathematics and Economics,OZZ,False,"ENG4U/FRA4U, MHF4U, two sciences (SBI4U, SCH4U, SPH4U)","[{""n"": 1, ""options"": [""ENG4U"", ""FRA4U""]}, {""n"": 1, ""options"": [""MHF4U""]}, {""n"": 2, ""options"": [""SBI4U"", ""SCH4U"", ""SPH4U""]}]",[],above 70 in all,,70.0,[],True,low 80s-mid 80s,80.0,86.0,,,False
807,University of Ottawa,Faculty of Science (programs offered in French),B.Sc. specializing in Physics,OF,False,"ENG4U/FRA4U, MHF4U, two sciences (SBI4U, SCH4U, SPH4U)","[{""n"": 1, ""options"": [""ENG4U"", ""FRA4U""]}, {""n"": 1, ""options"": [""MHF4U""]}, {""n"": 2, ""options"": [""SBI4U"", ""SCH4U"", ""SPH4U""]}]",[],above 70 in all,,70.0,[],True,low 80s-mid 80s,80.0,86.0,,,False
808,University of Ottawa,Faculty of Science (programs offered in French),B.Sc. specializing in Physics and Mathematics,OFA,False,"ENG4U/FRA4U, MHF4U, two sciences (SBI4U, SCH4U, SPH4U)","[{""n"": 1, ""options"": [""ENG4U"", ""FRA4U""]}, {""n"": 1, ""options"": [""MHF4U""]}, {""n"": 2, ""options"": [""SBI4U"", ""SCH4U"", ""SPH4U""]}]",[],above 70 in all,,70.0,[],True,low 80s-mid 80s,80.0,86.0,,,False
809,University of Ottawa,Faculty of Science (programs offered in French),BSc (Hons) in Physics and BSc (Asc) in Electrical Engineering,OGP,False,"ENG4U/FRA4U, MHF4U, two sciences (SBI4U, SCH4U, SPH4U)","[{""n"": 1, ""options"": [""ENG4U"", ""FRA4U""]}, {""n"": 1, ""options"": [""MHF4U""]}, {""n"": 2, ""options"": [""SBI4U"", ""SCH4U"", ""SPH4U""]}]",[],above 70 in all,,70.0,[],True,low 80s-mid 80s,80.0,86.0,,,False
810,University of Ottawa,Faculty of Science (programs offered in French),"BSc (Hons) Biomedical Sciences (options in life sciences: biostatistics, cellular and molecular medicine, or neuroscience)",OZP,False,"ENG4U/FRA4U, MHF4U, two sciences (SBI4U, SCH4U, SPH4U)","[{""n"": 1, ""options"": [""ENG4U"", ""FRA4U""]}, {""n"": 1, ""options"": [""MHF4U""]}, {""n"": 2, ""options"": [""SBI4U"", ""SCH4U"", ""SPH4U""]}]",[],above 70 in all,,70.0,[],True,low 80s-mid 80s,80.0,86.0,,,False
811,University of Ottawa,Faculty of Science (programs offered in French),B.Sc. specializing in Biopharmaceutical Sciences,OZQ,False,"ENG4U/FRA4U, MHF4U, two sciences (SBI4U, SCH4U, SPH4U)","[{""n"": 1, ""options"": [""ENG4U"", ""FRA4U""]}, {""n"": 1, ""options"": [""MHF4U""]}, {""n"": 2, ""options"": [""SBI4U"", ""SCH4U"", ""SPH4U""]}]",[],above 70 in all,,70.0,[],True,low 80s-mid 80s,80.0,86.0,,,False
812,University of Ottawa,Faculty of Science (programs offered in French),B.Sc. specializing in Environmental Sciences,OZR,False,"ENG4U/FRA4U, MHF4U, two sciences (SBI4U, SCH4U, SPH4U)","[{""n"": 1, ""options"": [""ENG4U"", ""FRA4U""]}, {""n"": 1, ""options"": [""MHF4U""]}, {""n"": 2, ""options"": [""SBI4U"", ""SCH4U"", ""SPH4U""]}]",[],above 70 in all,,70.0,[],True,low 80s-mid 80s,80.0,86.0,,,False
813,University of Ottawa,Faculty of Science (programs offered in French),B.Sc. specializing in Statistics,OFB,False,"ENG4U/FRA4U, MHF4U, two sciences (SBI4U, SCH4U, SPH4U)","[{""n"": 1, ""options"": [""ENG4U"", ""FRA4U""]}, {""n"": 1, ""options"": [""MHF4U""]}, {""n"": 2, ""options"": [""SBI4U"", ""SCH4U"", ""SPH4U""]}]",[],above 70 in all,,70.0,[],True,low 80s-mid 80s,80.0,86.0,,,False
814,University of Ottawa,Faculty of Science (programs offered in French),Honours BSc in Ophthalmic Medical Technology with the University of Ottawa Eye Institute (admission to 1st and 2nd year),OWH,False,"ENG4U/FRA4U, MHF4U, two sciences (SBI4U, SCH4U, SPH4U)","[{""n"": 1, ""options"": [""ENG4U"", ""FRA4U""]}, {""n"": 1, ""options"": [""MHF4U""]}, {""n"": 2, ""options"": [""SBI4U"", ""SCH4U"", ""SPH4U""]}]",[],above 70 in all,,70.0,[],True,low 80s-mid 80s,80.0,86.0,,,False
815,University of Ottawa,Faculty of Health Sciences (programs offered in french),Bachelor of Science in Physical Activity Sciences and Master of Health Sciences in Occupational Therapy,OAN,False,"ENG4U/FRA4U, MHF4U, two sciences (SBI4U, SCH4U, SPH4U)","[{""n"": 1, ""options"": [""ENG4U"", ""FRA4U""]}, {""n"": 1, ""options"": [""MHF4U""]}, {""n"": 2, ""options"": [""SBI4U"", ""SCH4U"", ""SPH4U""]}]",[],above 70 in all,,70.0,[],True,low 80s-mid 80s,80.0,86.0,,,False
816,University of Ottawa,Faculty of Health Sciences (programs offered in french),Bachelor of Science in Physical Activity Sciences and Master of Health Sciences in Physiotherapy,OAO,False,"ENG4U/FRA4U, MHF4U, two sciences (SBI4U, SCH4U, SPH4U)","[{""n"": 1, ""options"": [""ENG4U"", ""FRA4U""]}, {""n"": 1, ""options"": [""MHF4U""]}, {""n"": 2, ""options"": [""SBI4U"", ""SCH4U"", ""SPH4U""]}]",[],above 70 in all,,70.0,[],True,low 80s-mid 80s,80.0,86.0,,,False
817,University of Ottawa,Faculty of Health Sciences (programs offered in french),Bachelor of Health Sciences and Master of Health Sciences in Occupational Therapy,OAI,False,"ENG4U/FRA4U, MHF4U, two sciences (SBI4U, SCH4U, SPH4U)","[{""n"": 1, ""options"": [""ENG4U"", ""FRA4U""]}, {""n"": 1, ""options"": [""MHF4U""]}, {""n"": 2, ""options"": [""SBI4U"", ""SCH4U"", ""SPH4U""]}]",[],above 70 in all,,70.0,[],True,low 80s-mid 80s,80.0,86.0,,,False
818,University of Ottawa,Faculty of Health Sciences (programs offered in french),Bachelor of Health Sciences and Master of Health Sciences in Physiotherapy,OAM,False,"ENG4U/FRA4U, MHF4U, two sciences (SBI4U, SCH4U, SPH4U)","[{""n"": 1, ""options"": [""ENG4U"", ""FRA4U""]}, {""n"": 1, ""options"": [""MHF4U""]}, {""n"": 2, ""options"": [""SBI4U"", ""SCH4U"", ""SPH4U""]}]",[],above 70 in all,,70.0,[],True,low 80s-mid 80s,80.0,86.0,,,False
819,University of Ottawa,Faculty of Health Sciences (programs offered in french),Bachelor of Health Sciences and Master of Health Sciences in Audiology,OOQ,False,"ENG4U/FRA4U, MHF4U, two sciences (SBI4U, SCH4U, SPH4U)","[{""n"": 1, ""options"": [""ENG4U"", ""FRA4U""]}, {""n"": 1, ""options"": [""MHF4U""]}, {""n"": 2, ""options"": [""SBI4U"", ""SCH4U"", ""SPH4U""]}]",[],above 70 in all,,70.0,[],True,low 80s-mid 80s,80.0,86.0,,,False
820,University of Ottawa,Faculty of Health Sciences (programs offered in french),Bachelor of Health Sciences and Master of Health Sciences in Speech Therapy,OOR,False,"ENG4U/FRA4U, MHF4U, two sciences (SBI4U, SCH4U, SPH4U)","[{""n"": 1, ""options"": [""ENG4U"", ""FRA4U""]}, {""n"": 1, ""options"": [""MHF4U""]}, {""n"": 2, ""options"": [""SBI4U"", ""SCH4U"", ""SPH4U""]}]",[],above 70 in all,,70.0,[],True,low 80s-mid 80s,80.0,86.0,,,False
821,University of Ottawa,Faculty of Health Sciences (programs offered in french),Bachelor's degree in physical activity sciences and Master's degree in health sciences in occupational therapy,OSU,False,"ENG4U/FRA4U, MHF4U, two sciences (SBI4U, SCH4U, SPH4U)","[{""n"": 1, ""options"": [""ENG4U"", ""FRA4U""]}, {""n"": 1, ""options"": [""MHF4U""]}, {""n"": 2, ""options"": [""SBI4U"", ""SCH4U"", ""SPH4U""]}]",[],above 70 in all,,70.0,[],True,low 80s-mid 80s,80.0,86.0,,,False
822,University of Ottawa,Faculty of Health Sciences (programs offered in french),Bachelor of Science in Physical Activity and Master of Health Sciences in Physiotherapy,OSV,False,"ENG4U/FRA4U, MHF4U, two sciences (SBI4U, SCH4U, SPH4U)","[{""n"": 1, ""options"": [""ENG4U"", ""FRA4U""]}, {""n"": 1, ""options"": [""MHF4U""]}, {""n"": 2, ""options"": [""SBI4U"", ""SCH4U"", ""SPH4U""]}]",[],above 70 in all,,70.0,[],True,low 80s-mid 80s,80.0,86.0,,,False
823,University of Ottawa,Faculty of Health Sciences (programs offered in french),Bachelor's degree specializing in physical activity sciences,OFD,False,"ENG4U/FRA4U, MHF4U, two sciences (SBI4U, SCH4U, SPH4U)","[{""n"": 1, ""options"": [""ENG4U"", ""FRA4U""]}, {""n"": 1, ""options"": [""MHF4U""]}, {""n"": 2, ""options"": [""SBI4U"", ""SCH4U"", ""SPH4U""]}]",[],above 70 in all,,70.0,[],True,low 80s-mid 80s,80.0,86.0,,,False
824,University of Ottawa,Faculty of Health Sciences (programs offered in french),Bachelor's degree in physical activity sciences - education and coaching,OPU,False,"ENG4U/FRA4U, MHF4U, two sciences (SBI4U, SCH4U, SPH4U)","[{""n"": 1, ""options"": [""ENG4U"", ""FRA4U""]}, {""n"": 1, ""options"": [""MHF4U""]}, {""n"": 2, ""options"": [""SBI4U"", ""SCH4U"", ""SPH4U""]}]",[],above 70 in all,,70.0,[],True,low 80s-mid 80s,80.0,86.0,,,False
825,University of Ottawa,Faculty of Health Sciences (programs offered in french),Bachelor's degree in physical activity sciences - sports and leisure management,OPT,False,"ENG4U/FRA4U, MHF4U, two sciences (SBI4U, SCH4U, SPH4U)","[{""n"": 1, ""options"": [""ENG4U"", ""FRA4U""]}, {""n"": 1, ""options"": [""MHF4U""]}, {""n"": 2, ""options"": [""SBI4U"", ""SCH4U"", ""SPH4U""]}]",[],above 70 in all,,70.0,[],True,low 80s-mid 80s,80.0,86.0,,,False
826,University of Ottawa,Faculty of Health Sciences (programs offered in french),BSc in Physical Activity Sciences,OFE,False,"ENG4U/FRA4U, MHF4U, two sciences (SBI4U, SCH4U, SPH4U)","[{""n"": 1, ""options"": [""ENG4U"", ""FRA4U""]}, {""n"": 1, ""options"": [""MHF4U""]}, {""n"": 2, ""options"": [""SBI4U"", ""SCH4U"", ""SPH4U""]}]",[],above 70 in all,,70.0,[],True,low 80s-mid 80s,80.0,86.0,,,False
827,University of Ottawa,Faculty of Health Sciences (programs offered in french),BSc in Physical Activity Sciences - Applied Studies Kinesiology,OPK,False,"ENG4U/FRA4U, MHF4U, two sciences (SBI4U, SCH4U, SPH4U)","[{""n"": 1, ""options"": [""ENG4U"", ""FRA4U""]}, {""n"": 1, ""options"": [""MHF4U""]}, {""n"": 2, ""options"": [""SBI4U"", ""SCH4U"", ""SPH4U""]}]",[],above 70 in all,,70.0,[],True,low 80s-mid 80s,80.0,86.0,,,False
828,University of Ottawa,Faculty of Health Sciences (programs offered in french),Bachelor's degree in physical activity sciences - education and coaching and teacher training - Middle/intermediate cycles,OWA,False,"ENG4U/FRA4U, MHF4U, two sciences (SBI4U, SCH4U, SPH4U)","[{""n"": 1, ""options"": [""ENG4U"", ""FRA4U""]}, {""n"": 1, ""options"": [""MHF4U""]}, {""n"": 2, ""options"": [""SBI4U"", ""SCH4U"", ""SPH4U""]}]",[],above 70 in all,,70.0,[],True,low 80s-mid 80s,80.0,86.0,,,False
829,University of Ottawa,Faculty of Health Sciences (programs offered in french),Bachelor's degree in physical activity sciences - education and coaching and teacher training - primary/​middle cycles,OSZ,False,"ENG4U/FRA4U, MHF4U, two sciences (SBI4U, SCH4U, SPH4U)","[{""n"": 1, ""options"": [""ENG4U"", ""FRA4U""]}, {""n"": 1, ""options"": [""MHF4U""]}, {""n"": 2, ""options"": [""SBI4U"", ""SCH4U"", ""SPH4U""]}]",[],above 70 in all,,70.0,[],True,low 80s-mid 80s,80.0,86.0,,,False
830,University of Ottawa,Faculty of Health Sciences (programs offered in french),Bachelor of Health Sciences,OKD,False,"ENG4U/FRA4U, MHF4U, two sciences (SBI4U, SCH4U, SPH4U)","[{""n"": 1, ""options"": [""ENG4U"", ""FRA4U""]}, {""n"": 1, ""options"": [""MHF4U""]}, {""n"": 2, ""options"": [""SBI4U"", ""SCH4U"", ""SPH4U""]}]",[],above 70 in all,,70.0,[],True,low 80s-mid 80s,80.0,86.0,,,False
831,University of Ottawa,Faculty of Health Sciences (programs offered in french),Bachelor of Science specializing in Food Science,OWL,False,"ENG4U/FRA4U, MHF4U, two sciences (SBI4U, SCH4U, SPH4U)","[{""n"": 1, ""options"": [""ENG4U"", ""FRA4U""]}, {""n"": 1, ""options"": [""MHF4U""]}, {""n"": 2, ""options"": [""SBI4U"", ""SCH4U"", ""SPH4U""]}]",[],above 70 in all,,70.0,[],True,low 80s-mid 80s,80.0,86.0,,,False
832,University of Ottawa,Faculty of Health Sciences (programs offered in french),Bachelor of Science specializing in nutrition and dietetics,ONL,True,"ENG4U/FRA4U, MHF4U, two sciences (SBI4U, SCH4U, SPH4U)","[{""n"": 1, ""options"": [""ENG4U"", ""FRA4U""]}, {""n"": 1, ""options"": [""MHF4U""]}, {""n"": 2, ""options"": [""SBI4U"", ""SCH4U"", ""SPH4U""]}]",[],above 70 in all,,70.0,[],True,low 80s-mid 80s,80.0,86.0,,,False
833,University of Ottawa,Faculty of Health Sciences (programs offered in french),Bachelor of Science specializing in Nursing,ONF,False,ENG4U/FRA4U,"[{""n"": 1, ""options"": [""ENG4U"", ""FRA4U""]}]",[],70,70.0,,[],True,high 70s-mid 80s,77.0,86.0,,,False
834,University of Ottawa,Faculty of Sociel Sciences (programs offered in french),B.Sc.Soc. specializing in Public Administration,OFG,False,ENG4U/FRA4U,"[{""n"": 1, ""options"": [""ENG4U"", ""FRA4U""]}]",[],70,70.0,,[],True,high 70s-mid 80s,77.0,86.0,,,False
835,University of Ottawa,Faculty of Sociel Sciences (programs offered in french),Joint Specialized B.Sc.Soc. in Public Administration and Political Science,OFV,False,ENG4U/FRA4U,"[{""n"": 1, ""options"": [""ENG4U"", ""FRA4U""]}]",[],70,70.0,,[],True,high 70s-mid 80s,77.0,86.0,,,False
836,University of Ottawa,Faculty of Sociel Sciences (programs offered in french),B.Sc.Soc. specializing in Anthropology,OFH,False,ENG4U/FRA4U,"[{""n"": 1, ""options"": [""ENG4U"", ""FRA4U""]}]",[],70,70.0,,[],True,high 70s-mid 80s,77.0,86.0,,,False
837,University of Ottawa,Faculty of Sociel Sciences (programs offered in french),Joint Specialized B.Sc.Soc. in Anthropology and Sociology,OFW,False,ENG4U/FRA4U,"[{""n"": 1, ""options"": [""ENG4U"", ""FRA4U""]}]",[],70,70.0,,[],True,high 70s-mid 80s,77.0,86.0,,,False
838,University of Ottawa,Faculty of Sociel Sciences (programs offered in french),Joint BA in Communication and Political Science,OFX,False,ENG4U/FRA4U,"[{""n"": 1, ""options"": [""ENG4U"", ""FRA4U""]}]",[],70,70.0,,[],True,high 70s-mid 80s,77.0,86.0,,,False
839,University of Ottawa,Faculty of Sociel Sciences (programs offered in french),Joint Specialized B.Sc.Soc. in Communication and Sociology,OFY,False,ENG4U/FRA4U,"[{""n"": 1, ""options"": [""ENG4U"", ""FRA4U""]}]",[],70,70.0,,[],True,high 70s-mid 80s,77.0,86.0,,,False
840,University of Ottawa,Faculty of Sociel Sciences (programs offered in french),B.Sc.Soc. specialized in Criminology,OFI,False,ENG4U/FRA4U,"[{""n"": 1, ""options"": [""ENG4U"", ""FRA4U""]}]",[],70,70.0,,[],True,high 70s-mid 80s,77.0,86.0,,,False
841,University of Ottawa,Faculty of Sociel Sciences (programs offered in french),Joint Specialized B.Sc.Soc. in Criminology and Feminist and Gender Studies,OFZ,False,ENG4U/FRA4U,"[{""n"": 1, ""options"": [""ENG4U"", ""FRA4U""]}]",[],70,70.0,,[],True,high 70s-mid 80s,77.0,86.0,,,False
842,University of Ottawa,Faculty of Sociel Sciences (programs offered in french),B.Sc.Soc. specializing in International Development and Globalization,OFJ,False,ENG4U/FRA4U,"[{""n"": 1, ""options"": [""ENG4U"", ""FRA4U""]}]",[],70,70.0,,[],True,high 70s-mid 80s,77.0,86.0,,,False
843,University of Ottawa,Faculty of Sociel Sciences (programs offered in french),B.Sc.Soc. specializing in Economics and Public Policy,OFK,False,ENG4U/FRA4U,"[{""n"": 1, ""options"": [""ENG4U"", ""FRA4U""]}]",[],70,70.0,,[],True,high 70s-mid 80s,77.0,86.0,,,False
844,University of Ottawa,Faculty of Sociel Sciences (programs offered in french),B.Sc.Soc. specializing in Environmental Economics and Public Policy,OFL,False,ENG4U/FRA4U,"[{""n"": 1, ""options"": [""ENG4U"", ""FRA4U""]}]",[],70,70.0,,[],True,high 70s-mid 80s,77.0,86.0,,,False
845,University of Ottawa,Faculty of Sociel Sciences (programs offered in french),B.Sc.Soc. specializing in International Economics and Development,OFM,False,ENG4U/FRA4U,"[{""n"": 1, ""options"": [""ENG4U"", ""FRA4U""]}]",[],70,70.0,,[],True,high 70s-mid 80s,77.0,86.0,,,False
846,University of Ottawa,Faculty of Sociel Sciences (programs offered in french),B.Sc.Soc. Honours Conflict Studies and Human Rights,OFN,False,ENG4U/FRA4U,"[{""n"": 1, ""options"": [""ENG4U"", ""FRA4U""]}]",[],70,70.0,,[],True,high 70s-mid 80s,77.0,86.0,,,False
847,University of Ottawa,Faculty of Sociel Sciences (programs offered in french),Major in Feminist and Gender Studies,OFF,False,ENG4U/FRA4U,"[{""n"": 1, ""options"": [""ENG4U"", ""FRA4U""]}]",[],70,70.0,,[],True,high 70s-mid 80s,77.0,86.0,,,False
848,University of Ottawa,Faculty of Sociel Sciences (programs offered in french),Joint B.Sc.Soc. in Feminist and Gender Studies and Political Science,OO,False,ENG4U/FRA4U,"[{""n"": 1, ""options"": [""ENG4U"", ""FRA4U""]}]",[],70,70.0,,[],True,high 70s-mid 80s,77.0,86.0,,,False
849,University of Ottawa,Faculty of Sociel Sciences (programs offered in french),Joint Specialized B.Sc.Soc. in Feminist and Gender Studies and Sociology,OOA,False,ENG4U/FRA4U,"[{""n"": 1, ""options"": [""ENG4U"", ""FRA4U""]}]",[],70,70.0,,[],True,high 70s-mid 80s,77.0,86.0,,,False
850,University of Ottawa,Faculty of Sociel Sciences (programs offered in french),B.Sc.Soc. Honours International Studies and Modern Languages,OFO,False,ENG4U/FRA4U,"[{""n"": 1, ""options"": [""ENG4U"", ""FRA4U""]}]",[],70,70.0,,[],True,high 70s-mid 80s,77.0,86.0,,,False
851,University of Ottawa,Faculty of Sociel Sciences (programs offered in french),Joint B.Sc.Soc. in History and Political Science,OOB,False,ENG4U/FRA4U,"[{""n"": 1, ""options"": [""ENG4U"", ""FRA4U""]}]",[],70,70.0,,[],True,high 70s-mid 80s,77.0,86.0,,,False
852,University of Ottawa,Faculty of Sociel Sciences (programs offered in french),Joint Specialized B.Sc.Soc. in Mathematics and Economics,OOC,False,ENG4U/FRA4U,"[{""n"": 1, ""options"": [""ENG4U"", ""FRA4U""]}]",[],70,70.0,,[],True,high 70s-mid 80s,77.0,86.0,,,False
853,University of Ottawa,Faculty of Sociel Sciences (programs offered in french),Joint Specialized B.Sc.Soc. in Philosophy and Political Science,OOD,False,ENG4U/FRA4U,"[{""n"": 1, ""options"": [""ENG4U"", ""FRA4U""]}]",[],70,70.0,,[],True,high 70s-mid 80s,77.0,86.0,,,False
854,University of Ottawa,Faculty of Sociel Sciences (programs offered in french),BA specializing in Psychology,OFP,False,ENG4U/FRA4U,"[{""n"": 1, ""options"": [""ENG4U"", ""FRA4U""]}]",[],70,70.0,,[],True,high 70s-mid 80s,77.0,86.0,,,False
855,University of Ottawa,Faculty of Sociel Sciences (programs offered in french),B.Sc. specializing in Psychology,OFQ,False,ENG4U/FRA4U,"[{""n"": 1, ""options"": [""ENG4U"", ""FRA4U""]}]",[],70,70.0,,[],True,high 70s-mid 80s,77.0,86.0,,,False
856,University of Ottawa,Faculty of Sociel Sciences (programs offered in french),B.Sc.Soc. specializing in Economics,OFR,False,ENG4U/FRA4U,"[{""n"": 1, ""options"": [""ENG4U"", ""FRA4U""]}]",[],70,70.0,,[],True,high 70s-mid 80s,77.0,86.0,,,False
857,University of Ottawa,Faculty of Sociel Sciences (programs offered in french),Joint Specialized B.Sc.Soc. in Economics and Political Science,OOE,False,ENG4U/FRA4U,"[{""n"": 1, ""options"": [""ENG4U"", ""FRA4U""]}]",[],70,70.0,,[],True,high 70s-mid 80s,77.0,86.0,,,False
858,University of Ottawa,Faculty of Sociel Sciences (programs offered in french),B.Sc.Soc. specializing in Political Science,OFS,False,ENG4U/FRA4U,"[{""n"": 1, ""options"": [""ENG4U"", ""FRA4U""]}]",[],70,70.0,,[],True,high 70s-mid 80s,77.0,86.0,,,False
859,University of Ottawa,Faculty of Sociel Sciences (programs offered in french),B.Sc.Soc. specializing in Political Science and Juris Doctor,OLL,False,ENG4U/FRA4U,"[{""n"": 1, ""options"": [""ENG4U"", ""FRA4U""]}]",[],70,70.0,,[],True,high 70s-mid 80s,77.0,86.0,,,False
860,University of Ottawa,Faculty of Sociel Sciences (programs offered in french),Bachelor of Social Sciences Interdisciplinary Studies,OOJ,False,ENG4U/FRA4U,"[{""n"": 1, ""options"": [""ENG4U"", ""FRA4U""]}]",[],70,70.0,,[],True,high 70s-mid 80s,77.0,86.0,,,False
861,University of Ottawa,Faculty of Sociel Sciences (programs offered in french),Bachelor of Social Sciences Interdisciplinary Studies,OOK,False,ENG4U/FRA4U,"[{""n"": 1, ""options"": [""ENG4U"", ""FRA4U""]}]",[],70,70.0,,[],True,high 70s-mid 80s,77.0,86.0,,,False
862,University of Ottawa,Faculty of Sociel Sciences (programs offered in french),B.Sc.Soc. specializing in Social Work,OFT,False,ENG4U/FRA4U,"[{""n"": 1, ""options"": [""ENG4U"", ""FRA4U""]}]",[],70,70.0,,[],True,high 70s-mid 80s,77.0,86.0,,,False
863,University of Ottawa,Faculty of Sociel Sciences (programs offered in french),B.Sc.Soc. specializing in Sociology,OFU,False,ENG4U/FRA4U,"[{""n"": 1, ""options"": [""ENG4U"", ""FRA4U""]}]",[],,,,[],False,high 70s-mid 80s,77.0,86.0,,,False
864,University of Ottawa,Saint Paul University (programs offered in french),Certificate in Social Communications,OHV,False,ENG4U/FRA4U,"[{""n"": 1, ""options"": [""ENG4U"", ""FRA4U""]}]",[],,,,[],False,low 80s-mid 80s,80.0,86.0,,,False
865,University of Ottawa,Saint Paul University (programs offered in french),Certificate in Public Ethics and Contemporary Social Issues,OAP,False,ENG4U/FRA4U,"[{""n"": 1, ""options"": [""ENG4U"", ""FRA4U""]}]",[],,,,[],False,low 80s-mid 80s,80.0,86.0,,,False
866,University of Ottawa,Saint Paul University (programs offered in french),Certificate in Social Innovation,OPW,False,ENG4U/FRA4U,"[{""n"": 1, ""options"": [""ENG4U"", ""FRA4U""]}]",[],,,,[],False,low 80s-mid 80s,80.0,86.0,,,False
867,University of Ottawa,Saint Paul University (programs offered in french),Certificate in Human Relations and Spirituality,ORS,False,ENG4U/FRA4U,"[{""n"": 1, ""options"": [""ENG4U"", ""FRA4U""]}]",[],,,,[],False,low 80s-mid 80s,80.0,86.0,,,False
868,University of Ottawa,Saint Paul University (programs offered in french),Certificate in Conflict Resolution,OPV,False,ENG4U/FRA4U,"[{""n"": 1, ""options"": [""ENG4U"", ""FRA4U""]}]",[],,,,[],False,low 80s-mid 80s,80.0,86.0,,,False
869,University of Ottawa,Saint Paul University (programs offered in french),Certificate in Theology,OQB,False,ENG4U/FRA4U,"[{""n"": 1, ""options"": [""ENG4U"", ""FRA4U""]}]",[],,,,[],False,low 80s-mid 80s,80.0,86.0,,,False
870,University of Ottawa,Saint Paul University (programs offered in french),Social Communications (BA),OCZ,False,ENG4U/FRA4U,"[{""n"": 1, ""options"": [""ENG4U"", ""FRA4U""]}]",[],,,,[],False,low 80s-mid 80s,80.0,86.0,,,False
871,University of Ottawa,Saint Paul University (programs offered in french),Major in Ethics and Contemporary Social Issues (BA),OEP,False,ENG4U/FRA4U,"[{""n"": 1, ""options"": [""ENG4U"", ""FRA4U""]}]",[],,,,[],False,low 80s-mid 80s,80.0,86.0,,,False
872,University of Ottawa,Saint Paul University (programs offered in french),Conflict Studies (BA),OAZ,False,ENG4U/FRA4U,"[{""n"": 1, ""options"": [""ENG4U"", ""FRA4U""]}]",[],,,,[],False,low 80s-mid 80s,80.0,86.0,,,False
873,University of Ottawa,Saint Paul University (programs offered in french),Social Innovation (BA),OPY,False,ENG4U/FRA4U,"[{""n"": 1, ""options"": [""ENG4U"", ""FRA4U""]}]",[],,,,[],False,low 80s-mid 80s,80.0,86.0,,,False
874,University of Ottawa,Saint Paul University (programs offered in french),"Major in Faith, Ethics and Justice (BA) (4 years)",OAH,False,ENG4U/FRA4U,"[{""n"": 1, ""options"": [""ENG4U"", ""FRA4U""]}]",[],,,,[],False,low 80s-mid 80s,80.0,86.0,,,False
875,University of Ottawa,Saint Paul University (programs offered in french),Human Relations and Spirituality (BA),OPL,False,ENG4U/FRA4U,"[{""n"": 1, ""options"": [""ENG4U"", ""FRA4U""]}]",[],,,,[],False,low 80s-mid 80s,80.0,86.0,,,False
876,Algoma University,Faculty of Business and Economics,Business Admini­stration (BBA 4 Year),JDB,False,"ENG4U, 2 of MHF4U/MCV4U/MDM4U","[{""n"": 1, ""options"": [""ENG4U""]}, {""n"": 2, ""options"": [""MHF4U"", ""MCV4U"", ""MDM4U""]}]",[],70,70.0,,[],True,,,,,,False
877,Algoma University,Faculty of Business and Economics,Business Admini­stration - Accounting (BBA 4 Year),JDH,False,"ENG4U, 2 of MHF4U/MCV4U/MDM4U","[{""n"": 1, ""options"": [""ENG4U""]}, {""n"": 2, ""options"": [""MHF4U"", ""MCV4U"", ""MDM4U""]}]",[],70,70.0,,[],True,,,,,,False
878,Algoma University,Faculty of Business and Economics,Business Admini­stration - Aviation Management (BBA 4 Year),JDK,False,"ENG4U, 2 of MHF4U/MCV4U/MDM4U","[{""n"": 1, ""options"": [""ENG4U""]}, {""n"": 2, ""options"": [""MHF4U"", ""MCV4U"", ""MDM4U""]}]",[],70,70.0,,[],True,,,,,,False
879,Algoma University,Faculty of Business and Economics,Business Admini­stration - Economics (BBA 4 Year),JDN,False,"ENG4U, 2 of MHF4U/MCV4U/MDM4U","[{""n"": 1, ""options"": [""ENG4U""]}, {""n"": 2, ""options"": [""MHF4U"", ""MCV4U"", ""MDM4U""]}]",[],70,70.0,,[],True,,,,,,False
880,Algoma University,Faculty of Business and Economics,Business Admini­stration - Human Resources Management (BBA 4 Year),JDI,False,"ENG4U, 2 of MHF4U/MCV4U/MDM4U","[{""n"": 1, ""options"": [""ENG4U""]}, {""n"": 2, ""options"": [""MHF4U"", ""MCV4U"", ""MDM4U""]}]",[],70,70.0,,[],True,,,,,,False
881,Algoma University,Faculty of Business and Economics,Business Admini­stration - Marketing (BBA 4 Year),JDJ,False,"ENG4U, 2 of MHF4U/MCV4U/MDM4U","[{""n"": 1, ""options"": [""ENG4U""]}, {""n"": 2, ""options"": [""MHF4U"", ""MCV4U"", ""MDM4U""]}]",[],70,70.0,,[],True,,,,,,False
882,Algoma University,Faculty of Business and Economics,Business Admini­stration - The Business of Esports (BBA 4 Year),JDL,False,"ENG4U, 2 of MHF4U/MCV4U/MDM4U","[{""n"": 1, ""options"": [""ENG4U""]}, {""n"": 2, ""options"": [""MHF4U"", ""MCV4U"", ""MDM4U""]}]",[],70,70.0,,[],True,,,,,,False
883,Algoma University,Faculty of Business and Economics,Economics (BA 3 Year),JDO,False,"ENG4U, 2 of MHF4U/MCV4U/MDM4U","[{""n"": 1, ""options"": [""ENG4U""]}, {""n"": 2, ""options"": [""MHF4U"", ""MCV4U"", ""MDM4U""]}]",[],65,65.0,,[],True,,,,,,False
884,Algoma University,Faculty of Business and Economics,Finance and Economics (BA 4 Year),JDC,False,"ENG4U, 2 of MHF4U/MCV4U/MDM4U","[{""n"": 1, ""options"": [""ENG4U""]}, {""n"": 2, ""options"": [""MHF4U"", ""MCV4U"", ""MDM4U""]}]",[],65,65.0,,[],True,,,,,,False
885,Algoma University,Faculty of Computer Science & Technology,Computer Science (BCOSC 3 Year),JFE,False,"ENG4U, MHF4U, 1 of MCV4U/MDM4U","[{""n"": 1, ""options"": [""ENG4U""]}, {""n"": 1, ""options"": [""MHF4U""]}, {""n"": 1, ""options"": [""MCV4U"", ""MDM4U""]}]",[],65,65.0,,[],True,,,,,,False
886,Algoma University,Faculty of Computer Science & Technology,Computer Science (BCOSC 4 Year),JFC,False,"ENG4U, MHF4U, 1 of MCV4U/MDM4U","[{""n"": 1, ""options"": [""ENG4U""]}, {""n"": 1, ""options"": [""MHF4U""]}, {""n"": 1, ""options"": [""MCV4U"", ""MDM4U""]}]",[],65,65.0,,[],True,,,,,,False
887,Algoma University,Faculty of Computer Science & Technology,Computer Science - Co-op Stream (Brampton) (BCOSC 4 Year),JFO,False,"ENG4U, MHF4U, 1 of MCV4U/MDM4U","[{""n"": 1, ""options"": [""ENG4U""]}, {""n"": 1, ""options"": [""MHF4U""]}, {""n"": 1, ""options"": [""MCV4U"", ""MDM4U""]}]",[],70,70.0,,[],True,,,,,,False
888,Algoma University,Faculty of Computer Science & Technology,Computer Science - Data Science and A.I. (BCOSC 4 Year),JFR,False,"ENG4U, MHF4U, 1 of MCV4U/MDM4U","[{""n"": 1, ""options"": [""ENG4U""]}, {""n"": 1, ""options"": [""MHF4U""]}, {""n"": 1, ""options"": [""MCV4U"", ""MDM4U""]}]",[],65,65.0,,[],True,,,,,,False
889,Algoma University,Faculty of Computer Science & Technology,Computer Science - Online (BCOSC 3 Year),JFP,False,"ENG4U, MHF4U, 1 of MCV4U/MDM4U","[{""n"": 1, ""options"": [""ENG4U""]}, {""n"": 1, ""options"": [""MHF4U""]}, {""n"": 1, ""options"": [""MCV4U"", ""MDM4U""]}]",[],65,65.0,,[],True,,,,,,False
890,Algoma University,Faculty of Humanities and Social Sciences,Social Work (BSW 4 Year),JHC,False,ENG4U,"[{""n"": 1, ""options"": [""ENG4U""]}]",[],70,70.0,,[],True,,,,,,False
891,Algoma University,Faculty of Sciences,Psychology (BA 3 Year General),JBP,False,ENG4U,"[{""n"": 1, ""options"": [""ENG4U""]}]",[],70,70.0,,[],True,,,,,,False
892,Algoma University,Faculty of Sciences,Psychology (BA 4 Year Honours),JBQ,False,ENG4U,"[{""n"": 1, ""options"": [""ENG4U""]}]",[],70,70.0,,[],True,,,,,,False
893,Algoma University,Faculty of Sciences,Psychology (BA 4 Year Non-Honours),JBM,False,ENG4U,"[{""n"": 1, ""options"": [""ENG4U""]}]",[],70,70.0,,[],True,,,,,,False
894,Algoma University,Faculty of Cross-Cultural Studies,"Community, Economic and Social Development (BA 3 Year)",JJA,False,ENG4U,"[{""n"": 1, ""options"": [""ENG4U""]}]",[],65,65.0,,[],True,,,,,,False
895,Algoma University,Faculty of Cross-Cultural Studies,"Community, Economic and Social Development (BA 4 Year)",JJB,False,ENG4U,"[{""n"": 1, ""options"": [""ENG4U""]}]",[],65,65.0,,[],True,,,,,,False
896,Algoma University,Faculty of Business and Economics (Sault Ste. Marie Campus),Business Admini­stration (BBA 4 Year),JDA,False,"ENG4U, 2 of MHF4U/MCV4U/MDM4U","[{""n"": 1, ""options"": [""ENG4U""]}, {""n"": 2, ""options"": [""MHF4U"", ""MCV4U"", ""MDM4U""]}]",[],70,70.0,,[],True,,,,,,False
897,Algoma University,Faculty of Business and Economics (Sault Ste. Marie Campus),Business Admini­stration - Accounting (BBA 4 Year),JDD,False,"ENG4U, 2 of MHF4U/MCV4U/MDM4U","[{""n"": 1, ""options"": [""ENG4U""]}, {""n"": 2, ""options"": [""MHF4U"", ""MCV4U"", ""MDM4U""]}]",[],70,70.0,,[],True,,,,,,False
898,Algoma University,Faculty of Business and Economics (Sault Ste. Marie Campus),Business Admini­stration - Economics (BBA 4 Year),JDE,False,"ENG4U, 2 of MHF4U/MCV4U/MDM4U","[{""n"": 1, ""options"": [""ENG4U""]}, {""n"": 2, ""options"": [""MHF4U"", ""MCV4U"", ""MDM4U""]}]",[],70,70.0,,[],True,,,,,,False
899,Algoma University,Faculty of Business and Economics (Sault Ste. Marie Campus),Business Admini­stration - Human Resources Management (BBA 4 Year),JDF,False,"ENG4U, 2 of MHF4U/MCV4U/MDM4U","[{""n"": 1, ""options"": [""ENG4U""]}, {""n"": 2, ""options"": [""MHF4U"", ""MCV4U"", ""MDM4U""]}]",[],70,70.0,,[],True,,,,,,False
900,Algoma University,Faculty of Business and Economics (Sault Ste. Marie Campus),Business Admini­stration - Marketing (BBA 4 Year),JDG,False,"ENG4U, 2 of MHF4U/MCV4U/MDM4U","[{""n"": 1, ""options"": [""ENG4U""]}, {""n"": 2, ""options"": [""MHF4U"", ""MCV4U"", ""MDM4U""]}]",[],70,70.0,,[],True,,,,,,False
901,Algoma University,Faculty of Business and Economics (Sault Ste. Marie Campus),Business Admini­stration - The Business of Esports (BBA 4 Year),JDM,False,"ENG4U, 2 of MHF4U/MCV4U/MDM4U","[{""n"": 1, ""options"": [""ENG4U""]}, {""n"": 2, ""options"": [""MHF4U"", ""MCV4U"", ""MDM4U""]}]",[],70,70.0,,[],True,,,,,,False
902,Algoma University,Faculty of Business and Economics (Sault Ste. Marie Campus),Economics (BA 3 Year),JAG,False,"ENG4U, 2 of MHF4U/MCV4U/MDM4U","[{""n"": 1, ""options"": [""ENG4U""]}, {""n"": 2, ""options"": [""MHF4U"", ""MCV4U"", ""MDM4U""]}]",[],65,65.0,,[],True,,,,,,False
903,Algoma University,Faculty of Business and Economics (Sault Ste. Marie Campus),Finance and Economics (BA 4 Year),JBC,False,"ENG4U, 2 of MHF4U/MCV4U/MDM4U","[{""n"": 1, ""options"": [""ENG4U""]}, {""n"": 2, ""options"": [""MHF4U"", ""MCV4U"", ""MDM4U""]}]",[],65,65.0,,[],True,,,,,,False
904,Algoma University,Faculty of Computer Science & Technology (Sault Ste. Maire Campus),Computer Science (BCOSC 4 Year),JEA,False,"ENG4U, MHF4U, 1 of MCV4U/MDM4U","[{""n"": 1, ""options"": [""ENG4U""]}, {""n"": 1, ""options"": [""MHF4U""]}, {""n"": 1, ""options"": [""MCV4U"", ""MDM4U""]}]",[],65,65.0,,[],True,,,,,,False
905,Algoma University,Faculty of Computer Science & Technology (Sault Ste. Maire Campus),Computer Science - Co-op Stream (BCOSC 4 Year),JFM,False,"ENG4U, MHF4U, 1 of MCV4U/MDM4U","[{""n"": 1, ""options"": [""ENG4U""]}, {""n"": 1, ""options"": [""MHF4U""]}, {""n"": 1, ""options"": [""MCV4U"", ""MDM4U""]}]",[],70,70.0,,[],True,,,,,,False
906,Algoma University,Faculty of Computer Science & Technology (Sault Ste. Maire Campus),Computer Science - Computer Games Technology (BCOSC 4 Year),JFF,False,"ENG4U, MHF4U, 1 of MCV4U/MDM4U","[{""n"": 1, ""options"": [""ENG4U""]}, {""n"": 1, ""options"": [""MHF4U""]}, {""n"": 1, ""options"": [""MCV4U"", ""MDM4U""]}]",[],65,65.0,,[],True,,,,,,False
907,Algoma University,Faculty of Computer Science & Technology (Sault Ste. Maire Campus),Computer Science - Computer Games Technology/​Creative Arts (BCOSC 4 Year),JFG,False,"ENG4U, MHF4U, 1 of MCV4U/MDM4U","[{""n"": 1, ""options"": [""ENG4U""]}, {""n"": 1, ""options"": [""MHF4U""]}, {""n"": 1, ""options"": [""MCV4U"", ""MDM4U""]}]",[],65,65.0,,[],True,,,,,,False
908,Algoma University,Faculty of Computer Science & Technology (Sault Ste. Maire Campus),Computer Science - Data Science and A.I. (BCOSC 4 Year),JFS,False,"ENG4U, MHF4U, 1 of MCV4U/MDM4U","[{""n"": 1, ""options"": [""ENG4U""]}, {""n"": 1, ""options"": [""MHF4U""]}, {""n"": 1, ""options"": [""MCV4U"", ""MDM4U""]}]",[],65,65.0,,[],True,,,,,,False
909,Algoma University,Faculty of Computer Science & Technology (Sault Ste. Maire Campus),Computer Science - Mobile Software Engineering (BCOSC 4 Year),JFH,False,"ENG4U, MHF4U, 1 of MCV4U/MDM4U","[{""n"": 1, ""options"": [""ENG4U""]}, {""n"": 1, ""options"": [""MHF4U""]}, {""n"": 1, ""options"": [""MCV4U"", ""MDM4U""]}]",[],65,65.0,,[],True,,,,,,False
910,Algoma University,Faculty of Computer Science & Technology (Sault Ste. Maire Campus),Computer Science (BSc 4 Year),JGB,False,"ENG4U, MHF4U, 2 of SBI4U/SCH4U/SPH4U/SNC4M","[{""n"": 1, ""options"": [""ENG4U""]}, {""n"": 1, ""options"": [""MHF4U""]}, {""n"": 2, ""options"": [""SBI4U"", ""SCH4U"", ""SPH4U"", ""SNC4M""]}]",[],65,65.0,,[],True,,,,,,False
911,Algoma University,Faculty of Humanities and Social Sciences (Sault Ste. Marie Campus),Anishinaabe Studies (BA 3 Year),JAU,False,ENG4U,"[{""n"": 1, ""options"": [""ENG4U""]}]",[],65,65.0,,[],True,,,,,,False
912,Algoma University,Faculty of Humanities and Social Sciences (Sault Ste. Marie Campus),Anishi­naabemowin (BA 3 Year),JAB,False,ENG4U,"[{""n"": 1, ""options"": [""ENG4U""]}]",[],65,65.0,,[],True,,,,,,False
913,Algoma University,Faculty of Humanities and Social Sciences (Sault Ste. Marie Campus),English (BA 4 Year),JBB,False,ENG4U,"[{""n"": 1, ""options"": [""ENG4U""]}]",[],65,65.0,,[],True,,,,,,False
914,Algoma University,Faculty of Humanities and Social Sciences (Sault Ste. Marie Campus),Fine Arts (Visual Arts) (BFA 4 Year),JCA,False,ENG4U + portfolio,"[{""n"": 1, ""options"": [""ENG4U""]}]",[],65,65.0,,[],True,,,,,,False
915,Algoma University,Faculty of Humanities and Social Sciences (Sault Ste. Marie Campus),History (BA 4 Year),JBD,False,ENG4U,"[{""n"": 1, ""options"": [""ENG4U""]}]",[],65,65.0,,[],True,,,,,,False
916,Algoma University,Faculty of Humanities and Social Sciences (Sault Ste. Marie Campus),Law and Justice (BA 4 Year),JBE,False,ENG4U,"[{""n"": 1, ""options"": [""ENG4U""]}]",[],65,65.0,,[],True,,,,,,False
917,Algoma University,Faculty of Humanities and Social Sciences (Sault Ste. Marie Campus),Music (BA 3 Year),JAP,True,ENG4U + interview,"[{""n"": 1, ""options"": [""ENG4U""]}]",[],65,65.0,,[],True,,,,,,False
918,Algoma University,Faculty of Humanities and Social Sciences (Sault Ste. Marie Campus),Political Science (BA 4 Year),JBF,False,ENG4U,"[{""n"": 1, ""options"": [""ENG4U""]}]",[],65,65.0,,[],True,,,,,,False
919,Algoma University,Faculty of Humanities and Social Sciences (Sault Ste. Marie Campus),Social Work (BSW 4 Year),JHA,False,ENG4U,"[{""n"": 1, ""options"": [""ENG4U""]}]",[],70,70.0,,[],True,,,,,,False
920,Algoma University,Faculty of Sciences (Sault Ste. Marie Campus),Biology (BSc 4 Year),JGA,False,"ENG4U, MHF4U, 2 of SBI4U/SCH4U/SPH4U/SNC4M","[{""n"": 1, ""options"": [""ENG4U""]}, {""n"": 1, ""options"": [""MHF4U""]}, {""n"": 2, ""options"": [""SBI4U"", ""SCH4U"", ""SPH4U"", ""SNC4M""]}]",[],75,75.0,,[],True,,,,,,False
921,Algoma University,Faculty of Sciences (Sault Ste. Marie Campus),Enviro­nmental Science (BSc 4 Year),JES,False,"ENG4U, MHF4U, 2 of SBI4U/SCH4U/SPH4U/SNC4M","[{""n"": 1, ""options"": [""ENG4U""]}, {""n"": 1, ""options"": [""MHF4U""]}, {""n"": 2, ""options"": [""SBI4U"", ""SCH4U"", ""SPH4U"", ""SNC4M""]}]",[],65,65.0,,[],True,,,,,,False
922,Algoma University,Faculty of Sciences (Sault Ste. Marie Campus),Psychology (BA 4 Year),JBG,False,ENG4U,"[{""n"": 1, ""options"": [""ENG4U""]}]",[],70,70.0,,[],True,,,,,,False
923,Algoma University,Faculty of Sciences (Sault Ste. Marie Campus),Psychology (BSc 4 Year),JGC,False,"ENG4U, 1 of MHF4U/MCV4U/MDM4U, 2 of SBI4U/SCH4U/SPH4U/SNC4M","[{""n"": 1, ""options"": [""ENG4U""]}, {""n"": 1, ""options"": [""MHF4U"", ""MCV4U"", ""MDM4U""]}, {""n"": 2, ""options"": [""SBI4U"", ""SCH4U"", ""SPH4U"", ""SNC4M""]}]",[],70,70.0,,[],True,,,,,,False
924,Algoma University,Faculty of Cross-Cultural Studies (Sault Ste. Marie Campus),Community Development (BA 3 Year),JAC,False,ENG4U,"[{""n"": 1, ""options"": [""ENG4U""]}]",[],65,65.0,,[],True,,,,,,False
925,Algoma University,Faculty of Cross-Cultural Studies (Sault Ste. Marie Campus),Community Economic and Social Development (BA 4 Year),JBA,False,ENG4U,"[{""n"": 1, ""options"": [""ENG4U""]}]",[],65,65.0,,[],True,,,,,,False
926,Algoma University,Faculty of Cross-Cultural Studies (Sault Ste. Marie Campus),Geography (BA 4 Year),JBJ,False,ENG4U,"[{""n"": 1, ""options"": [""ENG4U""]}]",[],65,65.0,,[],True,,,,,,False
927,Algoma University,Faculty of Cross-Cultural Studies (Sault Ste. Marie Campus),Sociology (BA 4 Year),JBH,False,ENG4U,"[{""n"": 1, ""options"": [""ENG4U""]}]",[],65,65.0,,[],True,,,,,,False
928,Algoma University,Undeclared Major - Sault Ste. Marie Campus,Undeclared Major (BA 4 Year),JGD,False,,[],[],,,,[],False,,,,,,False
929,Algoma University,Programs with 3-Year Options - Sault Ste. Marie Campus,Accounting (BA 3 Year),JAA,False,"ENG4U, 2 of MHF4U/MCV4U/MDM4U","[{""n"": 1, ""options"": [""ENG4U""]}, {""n"": 2, ""options"": [""MHF4U"", ""MCV4U"", ""MDM4U""]}]",[],65,65.0,,[],True,,,,,,False
930,Algoma University,Programs with 3-Year Options - Sault Ste. Marie Campus,Biology (BSc 3 Year),JFA,False,"ENG4U, MHF4U, 2 of SBI4U/SCH4U/SPH4U/SNC4M","[{""n"": 1, ""options"": [""ENG4U""]}, {""n"": 1, ""options"": [""MHF4U""]}, {""n"": 2, ""options"": [""SBI4U"", ""SCH4U"", ""SPH4U"", ""SNC4M""]}]",[],75,75.0,,[],True,,,,,,False
931,Algoma University,Programs with 3-Year Options - Sault Ste. Marie Campus,Computer Science (BCOSC 3 Year),JIA,False,"ENG4U, MHF4U, 1 of MCV4U/MDM4U","[{""n"": 1, ""options"": [""ENG4U""]}, {""n"": 1, ""options"": [""MHF4U""]}, {""n"": 1, ""options"": [""MCV4U"", ""MDM4U""]}]",[],65,65.0,,[],True,,,,,,False
932,Algoma University,Programs with 3-Year Options - Sault Ste. Marie Campus,Computer Science - Online (BCOSC 3 Year),JFQ,False,"ENG4U, MHF4U, 1 of MCV4U/MDM4U","[{""n"": 1, ""options"": [""ENG4U""]}, {""n"": 1, ""options"": [""MHF4U""]}, {""n"": 1, ""options"": [""MCV4U"", ""MDM4U""]}]",[],65,65.0,,[],True,,,,,,False
933,Algoma University,Programs with 3-Year Options - Sault Ste. Marie Campus,Computer Science (BSc 3 Year),JFB,False,"ENG4U, MHF4U, 1 of MCV4U/MDM4U","[{""n"": 1, ""options"": [""ENG4U""]}, {""n"": 1, ""options"": [""MHF4U""]}, {""n"": 1, ""options"": [""MCV4U"", ""MDM4U""]}]",[],65,65.0,,[],True,,,,,,False
934,Algoma University,Programs with 3-Year Options - Sault Ste. Marie Campus,Community Economic & Social Development (BA 3 Year),JAD,False,ENG4U,"[{""n"": 1, ""options"": [""ENG4U""]}]",[],65,65.0,,[],True,,,,,,False
935,Algoma University,Programs with 3-Year Options - Sault Ste. Marie Campus,English (BA 3 Year),JAH,False,ENG4U,"[{""n"": 1, ""options"": [""ENG4U""]}]",[],65,65.0,,[],True,,,,,,False
936,Algoma University,Programs with 3-Year Options - Sault Ste. Marie Campus,Geography (BA 3 Year),JAK,False,ENG4U,"[{""n"": 1, ""options"": [""ENG4U""]}]",[],65,65.0,,[],True,,,,,,False
937,Algoma University,Programs with 3-Year Options - Sault Ste. Marie Campus,History (BA 3 Year),JAL,False,ENG4U,"[{""n"": 1, ""options"": [""ENG4U""]}]",[],65,65.0,,[],True,,,,,,False
938,Algoma University,Programs with 3-Year Options - Sault Ste. Marie Campus,Law and Justice (BA 3 Year),JAN,False,ENG4U,"[{""n"": 1, ""options"": [""ENG4U""]}]",[],65,65.0,,[],True,,,,,,False
939,Algoma University,Programs with 3-Year Options - Sault Ste. Marie Campus,Political Science (BA 3 Year),JAQ,False,ENG4U,"[{""n"": 1, ""options"": [""ENG4U""]}]",[],65,65.0,,[],True,,,,,,False
940,Algoma University,Programs with 3-Year Options - Sault Ste. Marie Campus,Psychology (BA 3 Year),JAR,False,ENG4U,"[{""n"": 1, ""options"": [""ENG4U""]}]",[],70,70.0,,[],True,,,,,,False
941,Algoma University,Programs with 3-Year Options - Sault Ste. Marie Campus,Sociology (BA 3 Year),JAS,False,ENG4U,"[{""n"": 1, ""options"": [""ENG4U""]}]",[],65,65.0,,[],True,,,,,,False
942,Algoma University,Programs with 3-Year Options - Sault Ste. Marie Campus,Visual Arts (BA 3 Year),JAI,True,ENG4U + portfolio,"[{""n"": 1, ""options"": [""ENG4U""]}]",[],65,65.0,,[],True,,,,,,False
943,Brock University,Faculty of Applied Health Sciences,BA: Community Health,BAH,False,"ENG4U, 1 of SBI4U/SCH4U","[{""n"": 1, ""options"": [""ENG4U""]}, {""n"": 1, ""options"": [""SBI4U"", ""SCH4U""]}]",[],,,,[],False,mid 70s,74.0,76.0,,,False
944,Brock University,Faculty of Applied Health Sciences,Bachelor of Child Health - Honours,BHL,False,"ENG4U, SBI4U","[{""n"": 1, ""options"": [""ENG4U""]}, {""n"": 1, ""options"": [""SBI4U""]}]",[],,,,[],False,mid 70s,74.0,76.0,,,False
945,Brock University,Faculty of Applied Health Sciences,BKin Honours: Kinesiology,BPK,False,"ENG4U, SBI4U, MHF4U","[{""n"": 1, ""options"": [""ENG4U""]}, {""n"": 1, ""options"": [""SBI4U""]}, {""n"": 1, ""options"": [""MHF4U""]}]",[],,,,[],False,mid 70s,74.0,76.0,,,False
946,Brock University,Faculty of Applied Health Sciences,BSc Honours: Kinesiology,BSK,False,"ENG4U, MHF4U, MCV4U, SBI4U","[{""n"": 1, ""options"": [""ENG4U""]}, {""n"": 1, ""options"": [""MHF4U""]}, {""n"": 1, ""options"": [""MCV4U""]}, {""n"": 1, ""options"": [""SBI4U""]}]",[],"70 in MHF4U, MCV4U",,,"[{""course"": ""MHF4U"", ""min"": 70.0}]",True,mid 70s,74.0,76.0,,,False
947,Brock University,Faculty of Applied Health Sciences,BKin Honours: Kinesiology and Masters of Profes­sional Kinesiology,BKM,False,"ENG4U, SBI4U, MHF4U","[{""n"": 1, ""options"": [""ENG4U""]}, {""n"": 1, ""options"": [""SBI4U""]}, {""n"": 1, ""options"": [""MHF4U""]}]",[],,,,[],False,high 80s,87.0,89.0,,,False
948,Brock University,Faculty of Applied Health Sciences,BPH Honours: Public Health,BPU,False,"ENG4U, 1 of SBi4U/SCH4U","[{""n"": 1, ""options"": [""ENG4U""]}, {""n"": 1, ""options"": [""SCH4U""]}]",[],,,,[],False,mid 70s,74.0,76.0,,,False
949,Brock University,Faculty of Applied Health Sciences,BPH Honours: Public Health and Masters of Public Health,BHM,False,"ENG4U, 1 of SBI4U/SCH4U","[{""n"": 1, ""options"": [""ENG4U""]}, {""n"": 1, ""options"": [""SBI4U"", ""SCH4U""]}]",[],,,,[],False,low 80s,80.0,83.0,,,False
950,Brock University,Faculty of Applied Health Sciences,BPhEd Honours: Physical Education,BP,False,"ENG4U, SBI4U, MHF4U","[{""n"": 1, ""options"": [""ENG4U""]}, {""n"": 1, ""options"": [""SBI4U""]}, {""n"": 1, ""options"": [""MHF4U""]}]",[],,,,[],False,mid 70s,74.0,76.0,,,False
951,Brock University,Faculty of Applied Health Sciences,BRLS Honours: Recreation & Leisure Studies,BW,False,ENG4U,"[{""n"": 1, ""options"": [""ENG4U""]}]",[],,,,[],False,mid 70s,74.0,76.0,,,False
952,Brock University,Faculty of Applied Health Sciences,BSc Honours: Medical Sciences,BSH,False,"ENG4U, SBI4U, SCH4U, MHF4U","[{""n"": 1, ""options"": [""ENG4U""]}, {""n"": 1, ""options"": [""SBI4U""]}, {""n"": 1, ""options"": [""SCH4U""]}, {""n"": 1, ""options"": [""MHF4U""]}]",[],70 in SCH4U,,,"[{""course"": ""SCH4U"", ""min"": 70.0}]",True,mid 70s,74.0,76.0,,,False
953,Brock University,Faculty of Applied Health Sciences,BScN Honours: Nursing,BNS,False,"ENG4U, SBI4U, SCH4U, 1 4U Math","[{""n"": 1, ""options"": [""ENG4U""]}, {""n"": 1, ""options"": [""SBI4U""]}, {""n"": 1, ""options"": [""SCH4U""]}, {""n"": 1, ""options"": [], ""any_senior"": true, ""description"": ""1 4U Math""}]",[],"75 in ENG4U, SBI4U, SCH4U, 4U Math",,,"[{""course"": ""ENG4U"", ""min"": 75.0}]",True,mid 80s,84.0,86.0,,,False
954,Brock University,Faculty of Applied Health Sciences,BSM Honours: Sport Management,BSM,False,"ENG4U, 1 4U Math","[{""n"": 1, ""options"": [""ENG4U""]}, {""n"": 1, ""options"": [], ""any_senior"": true, ""description"": ""1 4U Math""}]",[],,,,[],False,high 80s,87.0,89.0,,,False
955,Brock University,Faculty of Applied Health Sciences,BTR Honours: Bachelor of Therapeutic Recreation,BTR,False,ENG4U,"[{""n"": 1, ""options"": [""ENG4U""]}]",[],,,,[],False,mid 70s,74.0,76.0,,,False
956,Brock University,Faculty of Education,BA Honours: Bachelor of Arts in Educational Studies,BES,False,ENG4U,"[{""n"": 1, ""options"": [""ENG4U""]}]",[],,,,[],False,mid 70s,74.0,76.0,,,False
957,Brock University,Faculty of Education,Concurrent BA Child & Youth Studies (Honours) BEd Primary/​Junior,BDP,False,"ENG4U, MDM4U, Teaching Experience","[{""n"": 1, ""options"": [""ENG4U""]}, {""n"": 1, ""options"": [""MDM4U""]}]","[""Teaching Experience""]",,,,[],False,high 80s,87.0,89.0,,,False
958,Brock University,Faculty of Education,Concurrent BA (Honours) BEd Interm­ediate/​Senior,BAI,False,"ENG4U, 1 4U Math","[{""n"": 1, ""options"": [""ENG4U""]}, {""n"": 1, ""options"": [], ""any_senior"": true, ""description"": ""1 4U Math""}]",[],,,,[],False,high 80s,87.0,89.0,,,False
959,Brock University,Faculty of Education,Concurrent BA Integrated Studies (Honours) BEd Junior/​Interm­ediate,BAJ,False,"ENG4U, 1 4U Math","[{""n"": 1, ""options"": [""ENG4U""]}, {""n"": 1, ""options"": [], ""any_senior"": true, ""description"": ""1 4U Math""}]",[],,,,[],False,high 80s,87.0,89.0,,,False
960,Brock University,Faculty of Education,Concurrent BA Integrated Studies (Honours) BEd Junior/​Interm­ediate: Educational Studies,BPE,False,"EN+F962:H962G4U, 1 4U Math","[{""n"": 1, ""options"": [], ""any_senior"": true, ""description"": ""1 4U Math""}]","[""EN+F962:H962G4U""]",,,,[],False,high 80s,87.0,89.0,,,False
961,Brock University,Faculty of Education,Concurrent BA Interactive Arts & Science (Honours) BEd Junior/​Interm­ediate,BIA,False,"EN+F962:H962G4U, 1 4U Math","[{""n"": 1, ""options"": [], ""any_senior"": true, ""description"": ""1 4U Math""}]","[""EN+F962:H962G4U""]",,,,[],False,high 80s,87.0,89.0,,,False
962,Brock University,Faculty of Education,Concurrent BPhEd (Honours) BEd Interm­ediate/​Senior: Physical Education,BPI,False,"ENG4U, SBI4U, 1 4U Math","[{""n"": 1, ""options"": [""ENG4U""]}, {""n"": 1, ""options"": [""SBI4U""]}, {""n"": 1, ""options"": [], ""any_senior"": true, ""description"": ""1 4U Math""}]",[],,,,[],False,high 80s,87.0,89.0,,,False
963,Brock University,Faculty of Education,Concurrent BPhEd (Honours) BEd Junior/​Interm­ediate: Physical Education,BPJ,False,"ENG4U, SBI4U, 1 4U Math","[{""n"": 1, ""options"": [""ENG4U""]}, {""n"": 1, ""options"": [""SBI4U""]}, {""n"": 1, ""options"": [], ""any_senior"": true, ""description"": ""1 4U Math""}]",[],,,,[],False,high 80s,87.0,89.0,,,False
964,Brock University,Faculty of Education,Concurrent BRLS (Honours) BEd Junior/​Interm­ediate: Recreation and Leisure Studies,BRL,False,"ENG4U, SBI4U, 1 4U Math","[{""n"": 1, ""options"": [""ENG4U""]}, {""n"": 1, ""options"": [""SBI4U""]}, {""n"": 1, ""options"": [], ""any_senior"": true, ""description"": ""1 4U Math""}]",[],,,,[],False,high 80s,87.0,89.0,,,False
965,Brock University,Faculty of Education,Concurrent BSc (Honours) BEd Interm­ediate/​Senior,BII,False,"ENG4U, MHF4U, MCV4U, SBI4U, SCH4U, SPH4U, SES4U, MDM4U","[{""n"": 1, ""options"": [""ENG4U""]}, {""n"": 1, ""options"": [""MHF4U""]}, {""n"": 1, ""options"": [""MCV4U""]}, {""n"": 1, ""options"": [""SBI4U""]}, {""n"": 1, ""options"": [""SCH4U""]}, {""n"": 1, ""options"": [""SPH4U""]}, {""n"": 1, ""options"": [""SES4U""]}, {""n"": 1, ""options"": [""MDM4U""]}]",[],"70 in ENG4U, MHF4U, MCV4U, SBI4U, SPH4U",,,"[{""course"": ""ENG4U"", ""min"": 70.0}]",True,high 80s,87.0,89.0,,,False
966,Brock University,Faculty of Education,Concurrent BSc Integrated Studies (Honours) BEd Junior/​Interm­ediate,BIJ,False,"ENG4U, MHF4U, MCV4U","[{""n"": 1, ""options"": [""ENG4U""]}, {""n"": 1, ""options"": [""MHF4U""]}, {""n"": 1, ""options"": [""MCV4U""]}]",[],"70 in MHF4U, MCV4U",,,"[{""course"": ""MHF4U"", ""min"": 70.0}]",True,high 80s,87.0,89.0,,,False
967,Brock University,Goodman School of Business,BAcc Honours: Accounting,BK,False,"ENG4U, 2 4U Maths","[{""n"": 1, ""options"": [""ENG4U""]}, {""n"": 2, ""options"": [], ""any_senior"": true, ""description"": ""2 4U Maths""}]",[],,,,[],False,mid 80s,84.0,86.0,,,False
968,Brock University,Goodman School of Business,BBA Honours: Business Admini­stration,BN,False,"ENG4U, 1 4U Math","[{""n"": 1, ""options"": [""ENG4U""]}, {""n"": 1, ""options"": [], ""any_senior"": true, ""description"": ""1 4U Math""}]",[],,,,[],False,"low 80s (co-op), mid 70s (regular)",74.0,76.0,80.0,83.0,False
969,Brock University,Goodman School of Business,BBA Honours: Business Admini­stration Co-op Intern­ational Double Degree,BND,False,"ENG4U, 1 4U Math","[{""n"": 1, ""options"": [""ENG4U""]}, {""n"": 1, ""options"": [], ""any_senior"": true, ""description"": ""1 4U Math""}]",[],,,,[],False,high 80s,87.0,89.0,,,False
970,Brock University,Faculty of Humanities,BA Honours: Canadian Studies,BL,False,ENG4U,"[{""n"": 1, ""options"": [""ENG4U""]}]",[],,,,[],False,mid 70s,74.0,76.0,,,False
971,Brock University,Faculty of Humanities,BA Honours: Classics,BQ,False,ENG4U,"[{""n"": 1, ""options"": [""ENG4U""]}]",[],,,,[],False,mid 70s,74.0,76.0,,,False
972,Brock University,Faculty of Humanities,BA Honours: Dramatic Arts,BT,True,ENG4U,"[{""n"": 1, ""options"": [""ENG4U""]}]",[],,,,[],False,mid 70s,74.0,76.0,,,False
973,Brock University,Faculty of Humanities,BA Honours: English Languages and Literature,BEN,False,ENG4U,"[{""n"": 1, ""options"": [""ENG4U""]}]",[],,,,[],False,mid 70s,74.0,76.0,,,False
974,Brock University,Faculty of Humanities,BA Honours: Game Design,BGD,True,ENG4U,"[{""n"": 1, ""options"": [""ENG4U""]}]",[],,,,[],False,low 80s,80.0,83.0,,,False
975,Brock University,Faculty of Humanities,BA Honours: General Humanities,BHU,False,ENG4U,"[{""n"": 1, ""options"": [""ENG4U""]}]",[],,,,[],False,mid 70s,74.0,76.0,,,False
976,Brock University,Faculty of Humanities,BA Honours: History,BHI,False,ENG4U,"[{""n"": 1, ""options"": [""ENG4U""]}]",[],,,,[],False,"high 70s (co-op), mid 70s (regular)",74.0,76.0,77.0,79.0,False
977,Brock University,Faculty of Humanities,BA Honours: Interactive Arts & Science,BIS,False,ENG4U,"[{""n"": 1, ""options"": [""ENG4U""]}]",[],,,,[],False,mid 70s,74.0,76.0,,,False
978,Brock University,Faculty of Humanities,BA Honours: Medieval and Renaissance Studies,BMR,False,ENG4U,"[{""n"": 1, ""options"": [""ENG4U""]}]",[],,,,[],False,mid 70s,74.0,76.0,,,False
979,Brock University,Faculty of Humanities,BA Honours: Modern Languages,BLA,False,ENG4U,"[{""n"": 1, ""options"": [""ENG4U""]}]",[],,,,[],False,mid 70s,74.0,76.0,,,False
980,Brock University,Faculty of Humanities,BA Honours: Music,BMM,True,ENG4U,"[{""n"": 1, ""options"": [""ENG4U""]}]",[],,,,[],False,mid 70s,74.0,76.0,,,False
981,Brock University,Faculty of Humanities,BA Honours: Philosophy,BPH,False,ENG4U,"[{""n"": 1, ""options"": [""ENG4U""]}]",[],,,,[],False,mid 70s,74.0,76.0,,,False
982,Brock University,Faculty of Humanities,BA Honours: Studies in Arts and Culture,BAC,False,ENG4U,"[{""n"": 1, ""options"": [""ENG4U""]}]",[],,,,[],False,mid 70s,74.0,76.0,,,False
983,Brock University,Faculty of Humanities,BA Honours: Visual Arts,BR,True,ENG4U,"[{""n"": 1, ""options"": [""ENG4U""]}]",[],,,,[],False,mid 70s,74.0,76.0,,,False
984,Brock University,Faculty of Humanities,BMus Honours: Music (Entrance Evaluation Required),BM,True,ENG4U,"[{""n"": 1, ""options"": [""ENG4U""]}]",[],,,,[],False,mid 70s,74.0,76.0,,,False
985,Brock University,Faculty of Mathematics and Science,BCB Honours: Computing & Business,BCB,False,"ENG4U, MHF4U, 2 4U Maths","[{""n"": 1, ""options"": [""ENG4U""]}, {""n"": 1, ""options"": [""MHF4U""]}, {""n"": 2, ""options"": [], ""any_senior"": true, ""description"": ""2 4U Maths""}]",[],75 in 2 4U Math Courses,,,[],False,high 70s,77.0,79.0,,,False
986,Brock University,Faculty of Mathematics and Science,BSc Honours: Bachelor of Science - Sciences,BI,False,2 of SBI4U/SCH4U/SPH4U/MCV4U/MHF4U/SES4U/ICS4U,"[{""n"": 2, ""options"": [""SBI4U"", ""SCH4U"", ""SPH4U"", ""MCV4U"", ""MHF4U"", ""SES4U"", ""ICS4U""]}]",[],,,,[],False,mid 70s,74.0,76.0,,,False
987,Brock University,Faculty of Mathematics and Science,BSc Honours: Bioche­mistry,BCH,False,"1 of MHF4U/MCV4U, SCH4U, 2 of SBI4U/SPH4U/SES4U/ENG4U","[{""n"": 1, ""options"": [""MHF4U"", ""MCV4U""]}, {""n"": 1, ""options"": [""SCH4U""]}, {""n"": 2, ""options"": [""SBI4U"", ""SPH4U"", ""SES4U"", ""ENG4U""]}]",[],"70 in MHF4U, MCV4U, SCH4U",,,"[{""course"": ""MHF4U"", ""min"": 70.0}]",True,mid 70s,74.0,76.0,,,False
988,Brock University,Faculty of Mathematics and Science,BSc Honours: Biological Sciences,BS,False,"1 of MHF4U/MCV4U, SCH4U, 2 of SBI4U/SPH4U/SES4U/ENG4U","[{""n"": 1, ""options"": [""MHF4U"", ""MCV4U""]}, {""n"": 1, ""options"": [""SCH4U""]}, {""n"": 2, ""options"": [""SBI4U"", ""SPH4U"", ""SES4U"", ""ENG4U""]}]",[],"70 in MHF4U, MCV4U, SCH4U",,,"[{""course"": ""MHF4U"", ""min"": 70.0}]",True,mid 70s,74.0,76.0,,,False
989,Brock University,Faculty of Mathematics and Science,BSc Honours: Biomedical Sciences,BIM,False,"1 of MHF4U/MCV4U, SCH4U, 2 of SBI4U/SPH4U/SES4U/ENG4U","[{""n"": 1, ""options"": [""MHF4U"", ""MCV4U""]}, {""n"": 1, ""options"": [""SCH4U""]}, {""n"": 2, ""options"": [""SBI4U"", ""SPH4U"", ""SES4U"", ""ENG4U""]}]",[],"70 in MHF4U, MCV4U, SCH4U",,,"[{""course"": ""MHF4U"", ""min"": 70.0}]",True,mid 70s,74.0,76.0,,,False
990,Brock University,Faculty of Mathematics and Science,BSc Honours: Biophysics,BBP,False,"1 of MHF4U/MCV4U, SCH4U, 2 of SBI4U/SPH4U/SES4U/ENG4U","[{""n"": 1, ""options"": [""MHF4U"", ""MCV4U""]}, {""n"": 1, ""options"": [""SCH4U""]}, {""n"": 2, ""options"": [""SBI4U"", ""SPH4U"", ""SES4U"", ""ENG4U""]}]",[],"70 in MHF4U, MCV4U, SCH4U",,,"[{""course"": ""MHF4U"", ""min"": 70.0}]",True,mid 70s,74.0,76.0,,,False
991,Brock University,Faculty of Mathematics and Science,BSc Honours: Biotec­hnology,BIT,False,"1 of MHF4U/MCV4U, SCH4U, 2 of SBI4U/SPH4U/SES4U/ENG4U","[{""n"": 1, ""options"": [""MHF4U"", ""MCV4U""]}, {""n"": 1, ""options"": [""SCH4U""]}, {""n"": 2, ""options"": [""SBI4U"", ""SPH4U"", ""SES4U"", ""ENG4U""]}]",[],"70 in MHF4U, MCV4U, SCH4U",,,"[{""course"": ""MHF4U"", ""min"": 70.0}]",True,mid 70s,74.0,76.0,,,False
992,Brock University,Faculty of Mathematics and Science,BSc Honours: Chemistry,BJC,False,"1 of MHF4U/MCV4U, SCH4U, 2 of SBI4U/SPH4U/SES4U/ENG4U","[{""n"": 1, ""options"": [""MHF4U"", ""MCV4U""]}, {""n"": 1, ""options"": [""SCH4U""]}, {""n"": 2, ""options"": [""SBI4U"", ""SPH4U"", ""SES4U"", ""ENG4U""]}]",[],"70 in MHF4U, MCV4U, SCH4U",,,"[{""course"": ""MHF4U"", ""min"": 70.0}]",True,mid 70s,74.0,76.0,,,False
993,Brock University,Faculty of Mathematics and Science,BSc Honours: Computer Science,BG,False,"ENG4U, MHF4U, MCV4U","[{""n"": 1, ""options"": [""ENG4U""]}, {""n"": 1, ""options"": [""MHF4U""]}, {""n"": 1, ""options"": [""MCV4U""]}]",[],"70 in MHF4U, MCV4U",,,"[{""course"": ""MHF4U"", ""min"": 70.0}]",True,high 70s,77.0,79.0,,,False
994,Brock University,Faculty of Mathematics and Science,BSc Honours: Data Science & Analytics - Comput­ational Data Sciences,BSA,False,"ENG4U, 2 4U Maths","[{""n"": 1, ""options"": [""ENG4U""]}, {""n"": 2, ""options"": [], ""any_senior"": true, ""description"": ""2 4U Maths""}]",[],75 in 2 4U Math Courses,,,[],False,"low 80s (co-op), high 70s (regular)",77.0,79.0,80.0,83.0,False
995,Brock University,Faculty of Mathematics and Science,BSc Honours: Data Science & Analytics - Financial Analytics,BFA,False,"ENG4U, 2 4U Maths","[{""n"": 1, ""options"": [""ENG4U""]}, {""n"": 2, ""options"": [], ""any_senior"": true, ""description"": ""2 4U Maths""}]",[],,,,[],False,"low 80s (co-op), high 70s (regular)",77.0,79.0,80.0,83.0,False
996,Brock University,Faculty of Mathematics and Science,BASc Honours: Earth and Planetary Science Commun­ications,BEP,False,"ENG4U, 2 of MHF4U/MCV4U/MDM4U/ICS4U/SBI4U/SPH4U/SCH4U/SES4U/CGR4M/CGO4M","[{""n"": 1, ""options"": [""ENG4U""]}, {""n"": 2, ""options"": [""MHF4U"", ""MCV4U"", ""MDM4U"", ""ICS4U"", ""SBI4U"", ""SPH4U"", ""SCH4U"", ""SES4U"", ""CGR4M"", ""CGO4M""]}]",[],,,,[],False,mid 70s,74.0,76.0,,,False
997,Brock University,Faculty of Mathematics and Science,BSc Honours: Earth Sciences,BX,False,"ENG4U, 1 of MHF4U/MCV4U/MDM4U, 2 of SBI4U/SCH4U/SPH4U/SES4U/MDM4U","[{""n"": 1, ""options"": [""ENG4U""]}, {""n"": 1, ""options"": [""MHF4U"", ""MCV4U"", ""MDM4U""]}, {""n"": 2, ""options"": [""SBI4U"", ""SCH4U"", ""SPH4U"", ""SES4U"", ""MDM4U""]}]",[],,,,[],False,mid 70s,74.0,76.0,,,False
998,Brock University,Faculty of Mathematics and Science,BSc Honours: Enviro­nmental Geosciences,BEG,False,"ENG4U, 1 of MHF4U/MCV4U/MDM4U, 2 of SBI4U/SCH4U/SPH4U/SES4U/MDM4U","[{""n"": 1, ""options"": [""ENG4U""]}, {""n"": 1, ""options"": [""MHF4U"", ""MCV4U"", ""MDM4U""]}, {""n"": 2, ""options"": [""SBI4U"", ""SCH4U"", ""SPH4U"", ""SES4U"", ""MDM4U""]}]",[],,,,[],False,mid 70s,74.0,76.0,,,False
999,Brock University,Faculty of Mathematics and Science,BSc Honours: Game Programming,BGP,True,"ENG4U, 1 of MHF4U/MCV4U","[{""n"": 1, ""options"": [""ENG4U""]}, {""n"": 1, ""options"": [""MHF4U"", ""MCV4U""]}]",[],70 in MCV4U or MHF4U,,,"[{""course"": ""MCV4U"", ""min"": 70.0}]",True,low 80s,80.0,83.0,,,False
1000,Brock University,Faculty of Mathematics and Science,BEng: Bachelor of Engineering in Integrated Engineering,BNG,False,"ENG4U, MHF4U, MCV4U, SCH4U, SPH4U","[{""n"": 1, ""options"": [""ENG4U""]}, {""n"": 1, ""options"": [""MHF4U""]}, {""n"": 1, ""options"": [""MCV4U""]}, {""n"": 1, ""options"": [""SCH4U""]}, {""n"": 1, ""options"": [""SPH4U""]}]",[],70 in all prerequisite courses,,70.0,[],True,80,80.0,80.0,,,False
1001,Brock University,Faculty of Mathematics and Science,BSc Honours: Mathematics & Statistics,BH,False,"MHF4U, MCV4U","[{""n"": 1, ""options"": [""MHF4U""]}, {""n"": 1, ""options"": [""MCV4U""]}]",[],"75 in MHF4U, MCV4U",,,"[{""course"": ""MHF4U"", ""min"": 75.0}]",True,mid 70s,74.0,76.0,,,False
1002,Brock University,Faculty of Mathematics and Science,BSc Honours: Mathematics & Statistics - Accelerated Mathematics Studies,BJ,True,"MCV4U, MHF4U","[{""n"": 1, ""options"": [""MCV4U""]}, {""n"": 1, ""options"": [""MHF4U""]}]",[],"90 in MHF4U, MCV4U",,,"[{""course"": ""MHF4U"", ""min"": 90.0}]",True,,,,,,False
1003,Brock University,Faculty of Mathematics and Science,BSc Honours: Mathematics & Computer Science Co-op only,BHG,False,"ENG4U, MHF4U, MCV4U","[{""n"": 1, ""options"": [""ENG4U""]}, {""n"": 1, ""options"": [""MHF4U""]}, {""n"": 1, ""options"": [""MCV4U""]}]",[],"75 in MHF4U, MCV4U",,,"[{""course"": ""MHF4U"", ""min"": 75.0}]",True,mid 70s,74.0,76.0,,,False
1004,Brock University,Faculty of Mathematics and Science,BSc Honours: Neuros­cience,BIN,False,"1 of MHF4U/MCV4U, SCH4U, 2 of SBI4U/SPH4U/SES4U/ENG4U","[{""n"": 1, ""options"": [""MHF4U"", ""MCV4U""]}, {""n"": 1, ""options"": [""SCH4U""]}, {""n"": 2, ""options"": [""SBI4U"", ""SPH4U"", ""SES4U"", ""ENG4U""]}]",[],"70 in SCH4U, 1 of MHF4U /MCV4U",,,"[{""course"": ""SCH4U"", ""min"": 70.0}]",True,high 70s,77.0,79.0,,,False
1005,Brock University,Faculty of Mathematics and Science,BSc Honours: Applied Grape and Wine Science,BOV,False,"1 of MHF4U/MCV4U, SCH4U, 2 of SBI4U/SPH4U/SES4U/ENG4U","[{""n"": 1, ""options"": [""MHF4U"", ""MCV4U""]}, {""n"": 1, ""options"": [""SCH4U""]}, {""n"": 2, ""options"": [""SBI4U"", ""SPH4U"", ""SES4U"", ""ENG4U""]}]",[],"70 in SCH4U, 1 of MHF4U /MCV4U",,,"[{""course"": ""SCH4U"", ""min"": 70.0}]",True,mid 70s,74.0,76.0,,,False
1006,Brock University,Faculty of Mathematics and Science,BSc Honours: Physics,BJP,False,"1 of MHF4U/MCV4U, SCH4U, 2 of SBI4U/SPH4U/SES4U/ENG4U","[{""n"": 1, ""options"": [""MHF4U"", ""MCV4U""]}, {""n"": 1, ""options"": [""SCH4U""]}, {""n"": 2, ""options"": [""SBI4U"", ""SPH4U"", ""SES4U"", ""ENG4U""]}]",[],70 in 1 of MHF4U /MCV4U,,,[],False,mid 70s,74.0,76.0,,,False
1007,Brock University,Faculty of Social Sciences,BA Honours: Applied Linguistics,BAL,False,ENG4U,"[{""n"": 1, ""options"": [""ENG4U""]}]",[],,,,[],False,mid 70s,74.0,76.0,,,False
1008,Brock University,Faculty of Social Sciences,BA Honours: Business Commun­ication,BUD,False,ENG4U,"[{""n"": 1, ""options"": [""ENG4U""]}]",[],,,,[],False,mid to high 70s,74.0,79.0,,,False
1009,Brock University,Faculty of Social Sciences,BA Honours: Child & Youth Studies,BD,False,ENG4U,"[{""n"": 1, ""options"": [""ENG4U""]}]",[],,,,[],False,high 70s,77.0,79.0,,,False
1010,Brock University,Faculty of Social Sciences,BA Honours: Critical Criminology,BBC,False,ENG4U,"[{""n"": 1, ""options"": [""ENG4U""]}]",[],,,,[],False,low 80s,80.0,83.0,,,False
1011,Brock University,Faculty of Social Sciences,BA Honours: Economics,BEC,False,"ENG4U, 1 of MHF4U/MCV4U","[{""n"": 1, ""options"": [""ENG4U""]}, {""n"": 1, ""options"": [""MHF4U"", ""MCV4U""]}]",[],65 in 1 of MHF4U/MCV4U,,,[],False,mid 70s,74.0,76.0,,,False
1012,Brock University,Faculty of Social Sciences,BA Honours: Film Studies,BF,False,ENG4U,"[{""n"": 1, ""options"": [""ENG4U""]}]",[],,,,[],False,mid 70s,74.0,76.0,,,False
1013,Brock University,Faculty of Social Sciences,BA Honours: Forensic Psychology and Criminal Justice,BFC,False,ENG4U,"[{""n"": 1, ""options"": [""ENG4U""]}]",[],,,,[],False,mid 80s,84.0,86.0,,,False
1014,Brock University,Faculty of Social Sciences,BA Honours: Geography,BGE,False,ENG4U,"[{""n"": 1, ""options"": [""ENG4U""]}]",[],,,,[],False,mid 70s,74.0,76.0,,,False
1015,Brock University,Faculty of Social Sciences,BA Honours: Labour Studies,BLB,False,ENG4U,"[{""n"": 1, ""options"": [""ENG4U""]}]",[],,,,[],False,mid 70s,74.0,76.0,,,False
1016,Brock University,Faculty of Social Sciences,BA Honours: Media & Commun­ication Studies,BUC,False,ENG4U,"[{""n"": 1, ""options"": [""ENG4U""]}]",[],,,,[],False,mid 70s,74.0,76.0,,,False
1017,Brock University,Faculty of Social Sciences,BA Honours: Political Science,BPO,False,ENG4U,"[{""n"": 1, ""options"": [""ENG4U""]}]",[],,,,[],False,mid 70s,74.0,76.0,,,False
1018,Brock University,Faculty of Social Sciences,BA Honours: Psychology,BPY,False,ENG4U,"[{""n"": 1, ""options"": [""ENG4U""]}]",[],,,,[],False,"co-op: low 80s, regular: mid 70s",74.0,76.0,80.0,83.0,False
1019,Brock University,Faculty of Social Sciences,BSc Honours: Psychology,BSP,False,"ENG4U, 1 of MHF4U/MCV4U, 2 of SBI4U/SCH4U/SPH4U","[{""n"": 1, ""options"": [""ENG4U""]}, {""n"": 1, ""options"": [""MHF4U"", ""MCV4U""]}, {""n"": 2, ""options"": [""SBI4U"", ""SCH4U"", ""SPH4U""]}]",[],,,,[],False,"co-op: low 80s, regular: mid 70s",74.0,76.0,80.0,83.0,False
1020,Brock University,Faculty of Social Sciences,BA: Social Sciences,BSS,False,ENG4U,"[{""n"": 1, ""options"": [""ENG4U""]}]",[],,,,[],False,mid 70s,74.0,76.0,,,False
1021,Brock University,Faculty of Social Sciences,BA Honours: Sociology,BSO,False,ENG4U,"[{""n"": 1, ""options"": [""ENG4U""]}]",[],,,,[],False,mid 70s,74.0,76.0,,,False
1022,Brock University,Faculty of Social Sciences,BA Honours: Tourism & Environment,BTV,False,ENG4U,"[{""n"": 1, ""options"": [""ENG4U""]}]",[],,,,[],False,mid 70s,74.0,76.0,,,False
1023,Brock University,Faculty of Social Sciences,BA Honours: Women's & Gender Studies,BWS,False,ENG4U,"[{""n"": 1, ""options"": [""ENG4U""]}]",[],,,,[],False,mid 70s,74.0,76.0,,,False
1024,Brock University,Faculty of Social Sciences,BBE Honours: Business Economics,BE,False,"ENG4U, 1 of MHF4U/MCV4U","[{""n"": 1, ""options"": [""ENG4U""]}, {""n"": 1, ""options"": [""MHF4U"", ""MCV4U""]}]",[],65 in 1 of MHF4U/MCV4U,,,[],False,mid 70s,74.0,76.0,,,False
1025,Brock University,Faculty of Social Sciences,BSc Honours: Geography,BO,False,"1 of MHF4U/MCV4U, 1 of SBI4U/SPH4U/SES4U/SCH4U","[{""n"": 1, ""options"": [""MHF4U"", ""MCV4U""]}, {""n"": 1, ""options"": [""SBI4U"", ""SPH4U"", ""SES4U"", ""SCH4U""]}]",[],70 in 1 of MHF4U /MCV4U,,,[],False,mid 70s,74.0,76.0,,,False
1026,Carleton University,Faculty of Social Sciences,Accounting,CBA,False,"ENG4U, MHF4U, 1 of MCV4U/MDM4U","[{""n"": 1, ""options"": [""ENG4U""]}, {""n"": 1, ""options"": [""MHF4U""]}, {""n"": 1, ""options"": [""MCV4U"", ""MDM4U""]}]",[],60 in all prerequisite courses,,60.0,[],True,80,80.0,80.0,,,False
1027,Carleton University,Faculty of Social Sciences,Archit­ectural Studies: Conser­vation & Sustai­nability,CRC,False,,[],[],60 in all prerequisite courses,,60.0,[],True,,,,,,False
1028,Carleton University,Faculty of Social Sciences,Archit­ectural Studies: Design,CR,True,"ENG4U, SPH4U, MHF4U","[{""n"": 1, ""options"": [""ENG4U""]}, {""n"": 1, ""options"": [""SPH4U""]}, {""n"": 1, ""options"": [""MHF4U""]}]",[],60 in all prerequisite courses,,60.0,[],True,75-77%,75.0,77.0,,,False
1029,Carleton University,Faculty of Social Sciences,Archit­ectural Studies: Urbanism,CRU,True,"ENG4U, SPH4U, MHF4U","[{""n"": 1, ""options"": [""ENG4U""]}, {""n"": 1, ""options"": [""SPH4U""]}, {""n"": 1, ""options"": [""MHF4U""]}]",[],60 in all prerequisite courses,,60.0,[],True,75-77%,75.0,77.0,,,False
1030,Carleton University,Faculty of Social Sciences,Arts Honours - All subjects available,CH,False,ENG4U,"[{""n"": 1, ""options"": [""ENG4U""]}]",[],60 in all prerequisite courses,,60.0,[],True,75-77%,75.0,77.0,,,False
1031,Carleton University,Faculty of Social Sciences,Arts (Non-Honours) - only some subjects available,CA,False,ENG4U,"[{""n"": 1, ""options"": [""ENG4U""]}]",[],60 in all prerequisite courses,,60.0,[],True,75-77%,75.0,77.0,,,False
1032,Carleton University,Faculty of Social Sciences,Cognitive Science Honours,CGS,False,ENG4U,"[{""n"": 1, ""options"": [""ENG4U""]}]",[],60 in all prerequisite courses,,60.0,[],True,75-77%,75.0,77.0,,,False
1033,Carleton University,Faculty of Social Sciences,Cognitive Science (Non-Honours),CGG,False,ENG4U,"[{""n"": 1, ""options"": [""ENG4U""]}]",[],60 in all prerequisite courses,,60.0,[],True,75-77%,75.0,77.0,,,False
1034,Carleton University,Faculty of Social Sciences,Commerce,CC,False,"ENG4U, MHF4U, 1 of MCV4U/MDM4U","[{""n"": 1, ""options"": [""ENG4U""]}, {""n"": 1, ""options"": [""MHF4U""]}, {""n"": 1, ""options"": [""MCV4U"", ""MDM4U""]}]",[],60 in all prerequisite courses,,60.0,[],True,80,80.0,80.0,,,False
1035,Carleton University,Faculty of Social Sciences,Commun­ication & Media Studies Honours,CCR,False,ENG4U,"[{""n"": 1, ""options"": [""ENG4U""]}]",[],60 in all prerequisite courses,,60.0,[],True,75-77%,75.0,77.0,,,False
1036,Carleton University,Faculty of Social Sciences,Computer Science Honours,COD,False,"ENG4U, MHF4U, MCV4U","[{""n"": 1, ""options"": [""ENG4U""]}, {""n"": 1, ""options"": [""MHF4U""]}, {""n"": 1, ""options"": [""MCV4U""]}]",[],60 in all prerequisite courses,,60.0,[],True,85-88%,85.0,88.0,,,False
1037,Carleton University,Faculty of Social Sciences,Cybers­ecurity,COA,False,"ENG4U, MHF4U, MCV4U","[{""n"": 1, ""options"": [""ENG4U""]}, {""n"": 1, ""options"": [""MHF4U""]}, {""n"": 1, ""options"": [""MCV4U""]}]",[],60 in all prerequisite courses,,60.0,[],True,85-88%,85.0,88.0,,,False
1038,Carleton University,Faculty of Social Sciences,Data Science,CSD,False,"ENG4U, MHF4U, MCV4U","[{""n"": 1, ""options"": [""ENG4U""]}, {""n"": 1, ""options"": [""MHF4U""]}, {""n"": 1, ""options"": [""MCV4U""]}]",[],60 in all prerequisite courses,,60.0,[],True,85-88%,85.0,88.0,,,False
1039,Carleton University,Faculty of Social Sciences,Economics Honours,CBE,False,"ENG4U, MHF4U","[{""n"": 1, ""options"": [""ENG4U""]}, {""n"": 1, ""options"": [""MHF4U""]}]",[],60 in all prerequisite courses,,60.0,[],True,75-77%,75.0,77.0,,,False
1040,Carleton University,Faculty of Social Sciences,Engineering: Aerospace,CEA,False,"ENG4U, MHF4U, SCH4U, SPH4U, 1 of SBI4U, MCV4U, SES4U","[{""n"": 1, ""options"": [""ENG4U""]}, {""n"": 1, ""options"": [""MHF4U""]}, {""n"": 1, ""options"": [""SCH4U""]}, {""n"": 1, ""options"": [""SPH4U""]}, {""n"": 1, ""options"": [""SBI4U""]}, {""n"": 1, ""options"": [""MCV4U""]}, {""n"": 1, ""options"": [""SES4U""]}]",[],60 in all prerequisite courses,,60.0,[],True,82-86%,82.0,86.0,,,False
1041,Carleton University,Faculty of Social Sciences,Engineering: Archit­ectural Conser­vation & Sustai­nability,CEX,False,"ENG4U, MHF4U, SCH4U, SPH4U, 1 of SBI4U, MCV4U, SES4U","[{""n"": 1, ""options"": [""ENG4U""]}, {""n"": 1, ""options"": [""MHF4U""]}, {""n"": 1, ""options"": [""SCH4U""]}, {""n"": 1, ""options"": [""SPH4U""]}, {""n"": 1, ""options"": [""SBI4U""]}, {""n"": 1, ""options"": [""MCV4U""]}, {""n"": 1, ""options"": [""SES4U""]}]",[],60 in all prerequisite courses,,60.0,[],True,75-85%,75.0,85.0,,,False
1042,Carleton University,Faculty of Social Sciences,Engineering: Biomedical & Electrical,CEG,False,"ENG4U, MHF4U, SCH4U, SPH4U, 1 of SBI4U, MCV4U, SES4U","[{""n"": 1, ""options"": [""ENG4U""]}, {""n"": 1, ""options"": [""MHF4U""]}, {""n"": 1, ""options"": [""SCH4U""]}, {""n"": 1, ""options"": [""SPH4U""]}, {""n"": 1, ""options"": [""SBI4U""]}, {""n"": 1, ""options"": [""MCV4U""]}, {""n"": 1, ""options"": [""SES4U""]}]",[],60 in all prerequisite courses,,60.0,[],True,75-85%,75.0,85.0,,,False
1043,Carleton University,Faculty of Social Sciences,Engineering: Biomedical & Mechanical,CEJ,False,"ENG4U, MHF4U, SCH4U, SPH4U, 1 of SBI4U, MCV4U, SES4U","[{""n"": 1, ""options"": [""ENG4U""]}, {""n"": 1, ""options"": [""MHF4U""]}, {""n"": 1, ""options"": [""SCH4U""]}, {""n"": 1, ""options"": [""SPH4U""]}, {""n"": 1, ""options"": [""SBI4U""]}, {""n"": 1, ""options"": [""MCV4U""]}, {""n"": 1, ""options"": [""SES4U""]}]",[],60 in all prerequisite courses,,60.0,[],True,82-86%,82.0,86.0,,,False
1044,Carleton University,Faculty of Social Sciences,Engineering: Civil,CEB,False,"ENG4U, MHF4U, SCH4U, SPH4U, 1 of SBI4U, MCV4U, SES4U","[{""n"": 1, ""options"": [""ENG4U""]}, {""n"": 1, ""options"": [""MHF4U""]}, {""n"": 1, ""options"": [""SCH4U""]}, {""n"": 1, ""options"": [""SPH4U""]}, {""n"": 1, ""options"": [""SBI4U""]}, {""n"": 1, ""options"": [""MCV4U""]}, {""n"": 1, ""options"": [""SES4U""]}]",[],60 in all prerequisite courses,,60.0,[],True,75-85%,75.0,85.0,,,False
1045,Carleton University,Faculty of Social Sciences,Engineering: Commun­ications,CEH,False,"ENG4U, MHF4U, SCH4U, SPH4U, 1 of SBI4U, MCV4U, SES4U","[{""n"": 1, ""options"": [""ENG4U""]}, {""n"": 1, ""options"": [""MHF4U""]}, {""n"": 1, ""options"": [""SCH4U""]}, {""n"": 1, ""options"": [""SPH4U""]}, {""n"": 1, ""options"": [""SBI4U""]}, {""n"": 1, ""options"": [""MCV4U""]}, {""n"": 1, ""options"": [""SES4U""]}]",[],60 in all prerequisite courses,,60.0,[],True,75-85%,75.0,85.0,,,False
1046,Carleton University,Faculty of Social Sciences,Engineering: Computer Systems,CEC,False,"ENG4U, MHF4U, SCH4U, SPH4U, 1 of SBI4U, MCV4U, SES4U","[{""n"": 1, ""options"": [""ENG4U""]}, {""n"": 1, ""options"": [""MHF4U""]}, {""n"": 1, ""options"": [""SCH4U""]}, {""n"": 1, ""options"": [""SPH4U""]}, {""n"": 1, ""options"": [""SBI4U""]}, {""n"": 1, ""options"": [""MCV4U""]}, {""n"": 1, ""options"": [""SES4U""]}]",[],60 in all prerequisite courses,,60.0,[],True,75-85%,75.0,85.0,,,False
1047,Carleton University,Faculty of Social Sciences,Engineering: Electrical,CEF,False,"ENG4U, MHF4U, SCH4U, SPH4U, 1 of SBI4U, MCV4U, SES4U","[{""n"": 1, ""options"": [""ENG4U""]}, {""n"": 1, ""options"": [""MHF4U""]}, {""n"": 1, ""options"": [""SCH4U""]}, {""n"": 1, ""options"": [""SPH4U""]}, {""n"": 1, ""options"": [""SBI4U""]}, {""n"": 1, ""options"": [""MCV4U""]}, {""n"": 1, ""options"": [""SES4U""]}]",[],60 in all prerequisite courses,,60.0,[],True,75-85%,75.0,85.0,,,False
1048,Carleton University,Faculty of Social Sciences,Engineering: Engineering Physics,CEP,False,"ENG4U, MHF4U, SCH4U, SPH4U, 1 of SBI4U, MCV4U, SES4U","[{""n"": 1, ""options"": [""ENG4U""]}, {""n"": 1, ""options"": [""MHF4U""]}, {""n"": 1, ""options"": [""SCH4U""]}, {""n"": 1, ""options"": [""SPH4U""]}, {""n"": 1, ""options"": [""SBI4U""]}, {""n"": 1, ""options"": [""MCV4U""]}, {""n"": 1, ""options"": [""SES4U""]}]",[],60 in all prerequisite courses,,60.0,[],True,75-85%,75.0,85.0,,,False
1049,Carleton University,Faculty of Social Sciences,Engineering: Enviro­nmental,CEE,False,"ENG4U, MHF4U, SCH4U, SPH4U, 1 of SBI4U, MCV4U, SES4U","[{""n"": 1, ""options"": [""ENG4U""]}, {""n"": 1, ""options"": [""MHF4U""]}, {""n"": 1, ""options"": [""SCH4U""]}, {""n"": 1, ""options"": [""SPH4U""]}, {""n"": 1, ""options"": [""SBI4U""]}, {""n"": 1, ""options"": [""MCV4U""]}, {""n"": 1, ""options"": [""SES4U""]}]",[],60 in all prerequisite courses,,60.0,[],True,75-85%,75.0,85.0,,,False
1050,Carleton University,Faculty of Social Sciences,Engineering: Mechanical,CED,False,"ENG4U, MHF4U, SCH4U, SPH4U, 1 of SBI4U, MCV4U, SES4U","[{""n"": 1, ""options"": [""ENG4U""]}, {""n"": 1, ""options"": [""MHF4U""]}, {""n"": 1, ""options"": [""SCH4U""]}, {""n"": 1, ""options"": [""SPH4U""]}, {""n"": 1, ""options"": [""SBI4U""]}, {""n"": 1, ""options"": [""MCV4U""]}, {""n"": 1, ""options"": [""SES4U""]}]",[],60 in all prerequisite courses,,60.0,[],True,82-86%,82.0,86.0,,,False
1051,Carleton University,Faculty of Social Sciences,Engineering: Mechat­ronics,CEM,False,"ENG4U, MHF4U, SCH4U, SPH4U, 1 of SBI4U, MCV4U, SES4U","[{""n"": 1, ""options"": [""ENG4U""]}, {""n"": 1, ""options"": [""MHF4U""]}, {""n"": 1, ""options"": [""SCH4U""]}, {""n"": 1, ""options"": [""SPH4U""]}, {""n"": 1, ""options"": [""SBI4U""]}, {""n"": 1, ""options"": [""MCV4U""]}, {""n"": 1, ""options"": [""SES4U""]}]",[],60 in all prerequisite courses,,60.0,[],True,82-86%,82.0,86.0,,,False
1052,Carleton University,Faculty of Social Sciences,Engineering: Software,CES,False,"ENG4U, MHF4U, SCH4U, SPH4U, 1 of SBI4U, MCV4U, SES4U","[{""n"": 1, ""options"": [""ENG4U""]}, {""n"": 1, ""options"": [""MHF4U""]}, {""n"": 1, ""options"": [""SCH4U""]}, {""n"": 1, ""options"": [""SPH4U""]}, {""n"": 1, ""options"": [""SBI4U""]}, {""n"": 1, ""options"": [""MCV4U""]}, {""n"": 1, ""options"": [""SES4U""]}]",[],60 in all prerequisite courses,,60.0,[],True,75-85%,75.0,85.0,,,False
1053,Carleton University,Faculty of Social Sciences,Engineering: Sustainable & Renewable Energy,CEK,False,"ENG4U, MHF4U, SCH4U, SPH4U, 1 of SBI4U, MCV4U, SES4U","[{""n"": 1, ""options"": [""ENG4U""]}, {""n"": 1, ""options"": [""MHF4U""]}, {""n"": 1, ""options"": [""SCH4U""]}, {""n"": 1, ""options"": [""SPH4U""]}, {""n"": 1, ""options"": [""SBI4U""]}, {""n"": 1, ""options"": [""MCV4U""]}, {""n"": 1, ""options"": [""SES4U""]}]",[],60 in all prerequisite courses,,60.0,[],True,82-86%,82.0,86.0,,,False
1054,Carleton University,Faculty of Social Sciences,Global & Intern­ational Studies Honours,CGI,False,ENG4U,"[{""n"": 1, ""options"": [""ENG4U""]}]",[],60 in all prerequisite courses,,60.0,[],True,75-77%,75.0,77.0,,,False
1055,Carleton University,Faculty of Social Sciences,Health Sciences Honours,CHS,False,"ENG4U, MHF4U, 2 of SBI4U/SCH4U/SPH4U/SES4U/MCV4U","[{""n"": 1, ""options"": [""ENG4U""]}, {""n"": 1, ""options"": [""MHF4U""]}, {""n"": 2, ""options"": [""SBI4U"", ""SCH4U"", ""SPH4U"", ""SES4U"", ""MCV4U""]}]",[],60 in all prerequisite courses,,60.0,[],True,85-88%,85.0,88.0,,,False
1056,Carleton University,Faculty of Social Sciences,Humanities,CBC,True,ENG4U,"[{""n"": 1, ""options"": [""ENG4U""]}]",[],60 in all prerequisite courses,,60.0,[],True,80-84%,80.0,84.0,,,False
1057,Carleton University,Faculty of Social Sciences,Industrial Design,CD,True,"ENG4U, MHF4U, SPH4U","[{""n"": 1, ""options"": [""ENG4U""]}, {""n"": 1, ""options"": [""MHF4U""]}, {""n"": 1, ""options"": [""SPH4U""]}]",[],60 in all prerequisite courses,,60.0,[],True,75-77%,75.0,77.0,,,False
1058,Carleton University,Faculty of Social Sciences,Information Technology: Information Resource Management,CII,False,"ENG4U, 1 of MHF4U/MCV4U/MDM4U","[{""n"": 1, ""options"": [""ENG4U""]}, {""n"": 1, ""options"": [""MHF4U"", ""MCV4U"", ""MDM4U""]}]",[],60 in all prerequisite courses,,60.0,[],True,75-77%,75.0,77.0,,,False
1059,Carleton University,Faculty of Social Sciences,Information Technology: Interactive Multimedia & Design,CIM,True,"ENG4U, MHF4U","[{""n"": 1, ""options"": [""ENG4U""]}, {""n"": 1, ""options"": [""MHF4U""]}]",[],60 in all prerequisite courses,,60.0,[],True,75-77%,75.0,77.0,,,False
1060,Carleton University,Faculty of Social Sciences,Information Technology: Network Technology,CIN,False,"ENG4U, 1 of MHF4U/MCV4U/MDM4U","[{""n"": 1, ""options"": [""ENG4U""]}, {""n"": 1, ""options"": [""MHF4U"", ""MCV4U"", ""MDM4U""]}]",[],60 in all prerequisite courses,,60.0,[],True,75-77%,75.0,77.0,,,False
1061,Carleton University,Faculty of Social Sciences,Intern­ational Business,CBB,False,"ENG4U, MHF4U, 1 of MCV4U/MDM4U","[{""n"": 1, ""options"": [""ENG4U""]}, {""n"": 1, ""options"": [""MHF4U""]}, {""n"": 1, ""options"": [""MCV4U"", ""MDM4U""]}]",[],60 in all prerequisite courses,,60.0,[],True,80,80.0,80.0,,,False
1062,Carleton University,Faculty of Social Sciences,Journalism,CJ,False,ENG4U,"[{""n"": 1, ""options"": [""ENG4U""]}]",[],60 in all prerequisite courses,,60.0,[],True,78-82%,78.0,82.0,,,False
1063,Carleton University,Faculty of Social Sciences,Journalism and Humanities,CJH,False,ENG4U,"[{""n"": 1, ""options"": [""ENG4U""]}]",[],60 in all prerequisite courses,,60.0,[],True,80-82%,80.0,82.0,,,False
1064,Carleton University,Faculty of Social Sciences,Mathematics Honours,CMA,False,"ENG4U, MHF4U, MCV4U","[{""n"": 1, ""options"": [""ENG4U""]}, {""n"": 1, ""options"": [""MHF4U""]}, {""n"": 1, ""options"": [""MCV4U""]}]",[],60 in all prerequisite courses,,60.0,[],True,78-82%,78.0,82.0,,,False
1065,Carleton University,Faculty of Social Sciences,Mathematics (Non-Honours),CMB,False,"ENG4U, MHF4U, MCV4U","[{""n"": 1, ""options"": [""ENG4U""]}, {""n"": 1, ""options"": [""MHF4U""]}, {""n"": 1, ""options"": [""MCV4U""]}]",[],60 in all prerequisite courses,,60.0,[],True,78-82%,78.0,82.0,,,False
1066,Carleton University,Faculty of Social Sciences,Media Production & Design,CMP,False,"ENG4U, 1 of MHF4U/MCV4U/MDM4U","[{""n"": 1, ""options"": [""ENG4U""]}, {""n"": 1, ""options"": [""MHF4U"", ""MCV4U"", ""MDM4U""]}]",[],60 in all prerequisite courses,,60.0,[],True,75-77%,75.0,77.0,,,False
1067,Carleton University,Faculty of Social Sciences,Music,CM,True,ENG4U,"[{""n"": 1, ""options"": [""ENG4U""]}]",[],60 in all prerequisite courses,,60.0,[],True,75-77%,75.0,77.0,,,False
1068,Carleton University,Faculty of Social Sciences,Nursing,CN,True,"ENG4U, MHF4U, SBI4U, SCH4U","[{""n"": 1, ""options"": [""ENG4U""]}, {""n"": 1, ""options"": [""MHF4U""]}, {""n"": 1, ""options"": [""SBI4U""]}, {""n"": 1, ""options"": [""SCH4U""]}]",[],60 in all prerequisite courses,,60.0,[],True,85-88%,85.0,88.0,,,False
1069,Carleton University,Faculty of Social Sciences,Public Affairs & Policy Management,CPX,False,ENG4U,"[{""n"": 1, ""options"": [""ENG4U""]}]",[],60 in all prerequisite courses,,60.0,[],True,80-82%,80.0,82.0,,,False
1070,Carleton University,Faculty of Social Sciences,Science Honours - All subjects available,CT,False,"ENG4U,MHF4U, MCV4U, 2 of SBI4U/SCH4U/SPH4U/SES4U","[{""n"": 1, ""options"": [""ENG4U""]}, {""n"": 1, ""options"": [""MHF4U""]}, {""n"": 1, ""options"": [""MCV4U""]}, {""n"": 2, ""options"": [""SBI4U"", ""SCH4U"", ""SPH4U"", ""SES4U""]}]",[],60 in all prerequisite courses,,60.0,[],True,78-82%,78.0,82.0,,,False
1071,Carleton University,Faculty of Social Sciences,Science Major - Only some subjects available,CK,False,"ENG4U,MHF4U, MCV4U, 2 of SBI4U/SCH4U/SPH4U/SES4U","[{""n"": 1, ""options"": [""ENG4U""]}, {""n"": 1, ""options"": [""MHF4U""]}, {""n"": 1, ""options"": [""MCV4U""]}, {""n"": 2, ""options"": [""SBI4U"", ""SCH4U"", ""SPH4U"", ""SES4U""]}]",[],60 in all prerequisite courses,,60.0,[],True,78-82%,78.0,82.0,,,False
1072,Carleton University,Faculty of Social Sciences,Science (Non-Honours) - Only some subjects available,CS,False,"ENG4U,MHF4U, MCV4U, 2 of SBI4U/SCH4U/SPH4U/SES4U","[{""n"": 1, ""options"": [""ENG4U""]}, {""n"": 1, ""options"": [""MHF4U""]}, {""n"": 1, ""options"": [""MCV4U""]}, {""n"": 2, ""options"": [""SBI4U"", ""SCH4U"", ""SPH4U"", ""SES4U""]}]",[],60 in all prerequisite courses,,60.0,[],True,78-82%,78.0,82.0,,,False
1073,Carleton University,Faculty of Social Sciences,Social Work,CSW,True,ENG4U,"[{""n"": 1, ""options"": [""ENG4U""]}]",[],60 in all prerequisite courses,,60.0,[],True,75-80%,75.0,80.0,,,False
1074,Carleton University,Faculty of Social Sciences,Certificate in Journalism in Indigenous Communities,CJI,,,[],[],60 in all prerequisite courses,,60.0,[],True,,,,,,False
1075,Lakehead University,Faculty of Social Sciences,Anthro­pology (Thunder Bay & Orillia),ANT,False,ENG4U,"[{""n"": 1, ""options"": [""ENG4U""]}]",[],,,,[],False,70,70.0,70.0,,,False
1076,Lakehead University,Faculty of Social Sciences,Applied Life Sciences (Thunder Bay & Orillia),AA,False,"ENG4U, MHF4U, 2 of SBI4U/MCV4U/SCH4U/MDM4U/SES4U/SPH4U","[{""n"": 1, ""options"": [""ENG4U""]}, {""n"": 1, ""options"": [""MHF4U""]}, {""n"": 2, ""options"": [""SBI4U"", ""MCV4U"", ""SCH4U"", ""MDM4U"", ""SES4U"", ""SPH4U""]}]",[],,,,[],False,75,75.0,75.0,,,False
1077,Lakehead University,Faculty of Social Sciences,Arts One (Thunder Bay Campus only),AB,False,ENG4U,"[{""n"": 1, ""options"": [""ENG4U""]}]",[],,,,[],False,70,70.0,70.0,,,False
1078,Lakehead University,Faculty of Social Sciences,Bioinf­ormatics (Thunder Bay Campus only),AC,False,"ENG4U, MHF4U, SBI4U, SCH4U","[{""n"": 1, ""options"": [""ENG4U""]}, {""n"": 1, ""options"": [""MHF4U""]}, {""n"": 1, ""options"": [""SBI4U""]}, {""n"": 1, ""options"": [""SCH4U""]}]",[],,,,[],False,70,70.0,70.0,,,False
1079,Lakehead University,Faculty of Social Sciences,Biology (includes Animal Sciences and Enviro­nmental Science) (Thunder Bay Campus only),AD,False,"ENG4U, MHF4U, 2 of SBI4U/MCV4U/SCH4U/MDM4U/SES4U/SPH4U","[{""n"": 1, ""options"": [""ENG4U""]}, {""n"": 1, ""options"": [""MHF4U""]}, {""n"": 2, ""options"": [""SBI4U"", ""MCV4U"", ""SCH4U"", ""MDM4U"", ""SES4U"", ""SPH4U""]}]",[],,,,[],False,70,70.0,70.0,,,False
1080,Lakehead University,Faculty of Social Sciences,Business - Accounting (co-op available) (Thunder Bay Campus only),ATA,False,"ENG4U, 1 of MHF4U/MCV4U/MDM4U","[{""n"": 1, ""options"": [""ENG4U""]}, {""n"": 1, ""options"": [""MHF4U"", ""MCV4U"", ""MDM4U""]}]",[],,,,[],False,70,70.0,70.0,,,False
1081,Lakehead University,Faculty of Social Sciences,Business - Business Admini­stration (co-op available) (Orillia Campus only),ATB,False,"ENG4U, 1 of MHF4U/MCV4U/MDM4U","[{""n"": 1, ""options"": [""ENG4U""]}, {""n"": 1, ""options"": [""MHF4U"", ""MCV4U"", ""MDM4U""]}]",[],,,,[],False,70,70.0,70.0,,,False
1082,Lakehead University,Faculty of Social Sciences,Business - Business Analytics and Information Systems (co-op available) (Thunder Bay Campus only),ATC,False,"ENG4U, 1 of MHF4U/MCV4U/MDM4U","[{""n"": 1, ""options"": [""ENG4U""]}, {""n"": 1, ""options"": [""MHF4U"", ""MCV4U"", ""MDM4U""]}]",[],,,,[],False,70,70.0,70.0,,,False
1083,Lakehead University,Faculty of Social Sciences,Business - Economics (Thunder Bay Campus only),ATS,False,"ENG4U, 1 of MHF4U/MCV4U/MDM4U","[{""n"": 1, ""options"": [""ENG4U""]}, {""n"": 1, ""options"": [""MHF4U"", ""MCV4U"", ""MDM4U""]}]",[],,,,[],False,70,70.0,70.0,,,False
1084,Lakehead University,Faculty of Social Sciences,Business - Finance (co-op available) (Thunder Bay Campus only),ATD,False,"ENG4U, 1 of MHF4U/MCV4U/MDM4U","[{""n"": 1, ""options"": [""ENG4U""]}, {""n"": 1, ""options"": [""MHF4U"", ""MCV4U"", ""MDM4U""]}]",[],,,,[],False,70,70.0,70.0,,,False
1085,Lakehead University,Faculty of Social Sciences,Business - General Management (Thunder Bay Campus only),ATE,False,"ENG4U, 1 of MHF4U/MCV4U/MDM4U","[{""n"": 1, ""options"": [""ENG4U""]}, {""n"": 1, ""options"": [""MHF4U"", ""MCV4U"", ""MDM4U""]}]",[],,,,[],False,70,70.0,70.0,,,False
1086,Lakehead University,Faculty of Social Sciences,Business - Human Resources (co-op available) (Thunder Bay Campus only),ATF,False,"ENG4U, 1 of MHF4U/MCV4U/MDM4U","[{""n"": 1, ""options"": [""ENG4U""]}, {""n"": 1, ""options"": [""MHF4U"", ""MCV4U"", ""MDM4U""]}]",[],,,,[],False,70,70.0,70.0,,,False
1087,Lakehead University,Faculty of Social Sciences,Business - Intern­ational Business (Thunder Bay Campus only),ATG,False,"ENG4U, 1 of MHF4U/MCV4U/MDM4U","[{""n"": 1, ""options"": [""ENG4U""]}, {""n"": 1, ""options"": [""MHF4U"", ""MCV4U"", ""MDM4U""]}]",[],,,,[],False,70,70.0,70.0,,,False
1088,Lakehead University,Faculty of Social Sciences,Business - Marketing (co-op available) (Thunder Bay Campus only),ATH,False,"ENG4U, 1 of MHF4U/MCV4U/MDM4U","[{""n"": 1, ""options"": [""ENG4U""]}, {""n"": 1, ""options"": [""MHF4U"", ""MCV4U"", ""MDM4U""]}]",[],,,,[],False,70,70.0,70.0,,,False
1089,Lakehead University,Faculty of Social Sciences,Chemistry (includes Medical Sciences) (Thunder Bay Campus only),AF,False,"ENG4U, MHF4U, SCH4U, 1 of SBI4U/MCV4U/MDM4U/SPH4U","[{""n"": 1, ""options"": [""ENG4U""]}, {""n"": 1, ""options"": [""MHF4U""]}, {""n"": 1, ""options"": [""SCH4U""]}, {""n"": 1, ""options"": [""SBI4U"", ""MCV4U"", ""MDM4U"", ""SPH4U""]}]",[],,,,[],False,70,70.0,70.0,,,False
1090,Lakehead University,Faculty of Social Sciences,Computer Science (co-op available) (Thunder Bay Campus only),AG,False,"ENG4U, MHF4U, 1 of MCV4U/ICS4U/MDM4U","[{""n"": 1, ""options"": [""ENG4U""]}, {""n"": 1, ""options"": [""MHF4U""]}, {""n"": 1, ""options"": [""MCV4U"", ""ICS4U"", ""MDM4U""]}]",[],,,,[],False,70,70.0,70.0,,,False
1091,Lakehead University,Faculty of Social Sciences,Concurrent Education (Primary/​Junior - Teach Kinder­garten to Grades 6) (Thunder Bay & Orillia),AK,False,"ENG4U
for sciences: ENG4U, MHF4U, 2 of MCV4U/MDM4U/SBI4U/SCH4U/SPH4U
for math: ENG4U, MHF4U, 1 of MCV4U/MDM4U, 1 of MCV4U/MDM4U/SBI4U/SCH4U/SPH4U
for kinesiology: ENG4U, 1 of MCV4U/MDM4U/MHF4U, 2 of PSK4U/SBI4U/SCH4U/SPH4U
for music: ENG4U, auditon and theory test
for french: ENG4U, 1 of FEF4U/FIF4U/FSF4U","[{""n"": 1, ""options"": [""ENG4U""]}, {""n"": 1, ""options"": [""ENG4U""]}, {""n"": 1, ""options"": [""MHF4U""]}, {""n"": 2, ""options"": [""MCV4U"", ""MDM4U"", ""SBI4U"", ""SCH4U"", ""SPH4U"", ""ENG4U""]}, {""n"": 1, ""options"": [""MHF4U""]}, {""n"": 1, ""options"": [""MCV4U"", ""MDM4U""]}, {""n"": 1, ""options"": [""MCV4U"", ""MDM4U"", ""SBI4U"", ""SCH4U"", ""SPH4U"", ""ENG4U""]}, {""n"": 1, ""options"": [""MCV4U"", ""MDM4U"", ""MHF4U""]}, {""n"": 2, ""options"": [""PSK4U"", ""SBI4U"", ""SCH4U"", ""SPH4U"", ""ENG4U""]}, {""n"": 1, ""options"": [""ENG4U""]}, {""n"": 1, ""options"": [""FEF4U"", ""FIF4U"", ""FSF4U""]}]",[],,,,[],False,,,,,,False
1092,Lakehead University,Faculty of Social Sciences,Concurrent Education (Interm­ediate/​Senior - Teach Grades 7 to 12) (Thunder Bay & Orillia),AL,False,"ENG4U
for sciences: ENG4U, MHF4U, 2 of MCV4U/MDM4U/SBI4U/SCH4U/SPH4U
for math: ENG4U, MHF4U, 1 of MCV4U/MDM4U, 1 of MCV4U/MDM4U/SBI4U/SCH4U/SPH4U
for kinesiology: ENG4U, 1 of MCV4U/MDM4U/MHF4U, 2 of PSK4U/SBI4U/SCH4U/SPH4U
for music: ENG4U, auditon and theory test
for french: ENG4U, 1 of FEF4U/FIF4U/FSF4U","[{""n"": 1, ""options"": [""ENG4U""]}, {""n"": 1, ""options"": [""ENG4U""]}, {""n"": 1, ""options"": [""MHF4U""]}, {""n"": 2, ""options"": [""MCV4U"", ""MDM4U"", ""SBI4U"", ""SCH4U"", ""SPH4U"", ""ENG4U""]}, {""n"": 1, ""options"": [""MHF4U""]}, {""n"": 1, ""options"": [""MCV4U"", ""MDM4U""]}, {""n"": 1, ""options"": [""MCV4U"", ""MDM4U"", ""SBI4U"", ""SCH4U"", ""SPH4U"", ""ENG4U""]}, {""n"": 1, ""options"": [""MCV4U"", ""MDM4U"", ""MHF4U""]}, {""n"": 2, ""options"": [""PSK4U"", ""SBI4U"", ""SCH4U"", ""SPH4U"", ""ENG4U""]}, {""n"": 1, ""options"": [""ENG4U""]}, {""n"": 1, ""options"": [""FEF4U"", ""FIF4U"", ""FSF4U""]}]",[],,,,[],False,,,,,,False
1093,Lakehead University,Faculty of Social Sciences,Criminology (Orillia Campus only),AH,False,ENG4U,"[{""n"": 1, ""options"": [""ENG4U""]}]",[],,,,[],False,70,70.0,70.0,,,False
1094,Lakehead University,Faculty of Social Sciences,Earth Science (includes Enviro­nmental Science) (Thunder Bay Campus only),AI,False,"ENG4U, 2 of MHF4U/SBI4U/MCV4U/SCH4U/MDM4U/SES4U/SPH4U","[{""n"": 1, ""options"": [""ENG4U""]}, {""n"": 2, ""options"": [""MHF4U"", ""SBI4U"", ""MCV4U"", ""SCH4U"", ""MDM4U"", ""SES4U"", ""SPH4U""]}]",[],,,,[],False,70,70.0,70.0,,,False
1095,Lakehead University,Faculty of Social Sciences,Economics (Thunder Bay Campus only),AJ,False,"ENG4U, 1 of MHF4U/MCV4U/MDM4U","[{""n"": 1, ""options"": [""ENG4U""]}, {""n"": 1, ""options"": [""MHF4U"", ""MCV4U"", ""MDM4U""]}]",[],,,,[],False,70,70.0,70.0,,,False
1096,Lakehead University,Faculty of Social Sciences,Engineering (co-op available) (Thunder Bay & Barrie),AM,False,"ENG4U, MHF4U, SCH4U, SPH4U","[{""n"": 1, ""options"": [""ENG4U""]}, {""n"": 1, ""options"": [""MHF4U""]}, {""n"": 1, ""options"": [""SCH4U""]}, {""n"": 1, ""options"": [""SPH4U""]}]",[],min 60 in MHF4U,,,"[{""course"": ""MHF4U"", ""min"": 60.0}]",True,70,70.0,70.0,,,False
1097,Lakehead University,Faculty of Social Sciences,English (Thunder Bay & Orillia),AN,False,ENG4U,"[{""n"": 1, ""options"": [""ENG4U""]}]",[],,,,[],False,70,70.0,70.0,,,False
1098,Lakehead University,Faculty of Social Sciences,Enviro­nmental Management (co-op available) (Thunder Bay Campus only),AO,False,"ENG4U, 3 of MHF4U/SBI4U/MCV4U/SCH4U/ICS4U/(1 of CGO4M/CGR4M/CGU4M/CGW4U)/MDM4U/SES4U/SPH4U","[{""n"": 1, ""options"": [""ENG4U""]}, {""n"": 3, ""options"": [""MHF4U"", ""SBI4U"", ""MCV4U"", ""SCH4U"", ""ICS4U"", ""CGO4M"", ""CGR4M"", ""CGU4M"", ""CGW4U"", ""MDM4U"", ""SES4U"", ""SPH4U""]}]",[],,,,[],False,70,70.0,70.0,,,False
1099,Lakehead University,Faculty of Social Sciences,Enviro­nmental Sustai­nability (co-op available) (Orillia Campus only),AP,False,ENG4U,"[{""n"": 1, ""options"": [""ENG4U""]}]",[],,,,[],False,70,70.0,70.0,,,False
1100,Lakehead University,Faculty of Social Sciences,Forestry (co-op available) (Thunder Bay Campus only),AQ,False,"ENG4U, 3 of MHF4U/SBI4U/MCV4U/SCH4U/ICS4U/(1 of CGO4M/CGR4M/CGU4M/CGW4U)/MDM4U/SES4U/SPH4U","[{""n"": 1, ""options"": [""ENG4U""]}, {""n"": 3, ""options"": [""MHF4U"", ""SBI4U"", ""MCV4U"", ""SCH4U"", ""ICS4U"", ""CGO4M"", ""CGR4M"", ""CGU4M"", ""CGW4U"", ""MDM4U"", ""SES4U"", ""SPH4U""]}]",[],,,,[],False,70,70.0,70.0,,,False
1101,Lakehead University,Faculty of Social Sciences,French (Thunder Bay Campus only),AR,False,"ENG4U, 1 of FEF4U/FIF4U/FSF4U","[{""n"": 1, ""options"": [""ENG4U""]}, {""n"": 1, ""options"": [""FEF4U"", ""FIF4U"", ""FSF4U""]}]",[],,,,[],False,70,70.0,70.0,,,False
1102,Lakehead University,Faculty of Social Sciences,"General (Arts or Science) (Thunder Bay, Orillia & Online)",AS,False,ENG4U,"[{""n"": 1, ""options"": [""ENG4U""]}]",[],,,,[],False,70,70.0,70.0,,,False
1103,Lakehead University,Faculty of Social Sciences,Geoarc­haeology (Thunder Bay Campus only),AT,False,"ENG4U, 2 of MHF4U/SBI4U/MCV4U/SCH4U/MDM4U/SES4U/SPH4U","[{""n"": 1, ""options"": [""ENG4U""]}, {""n"": 2, ""options"": [""MHF4U"", ""SBI4U"", ""MCV4U"", ""SCH4U"", ""MDM4U"", ""SES4U"", ""SPH4U""]}]",[],,,,[],False,70,70.0,70.0,,,False
1104,Lakehead University,Faculty of Social Sciences,Geography and the Environment (includes Enviro­nmental Science and Studies) (Co-op Available) (Thunder Bay & Orillia),AU,False,ENG4U,"[{""n"": 1, ""options"": [""ENG4U""]}]",[],,,,[],False,70,70.0,70.0,,,False
1105,Lakehead University,Faculty of Social Sciences,Geology (Thunder Bay Campus only),AV,False,"ENG4U, 1 of MHF4U/MCV4U/MDM4U","[{""n"": 1, ""options"": [""ENG4U""]}, {""n"": 1, ""options"": [""MHF4U"", ""MCV4U"", ""MDM4U""]}]",[],,,,[],False,70,70.0,70.0,,,False
1106,Lakehead University,Faculty of Social Sciences,"History (Thunder Bay, Orillia & Online)",AX,False,ENG4U,"[{""n"": 1, ""options"": [""ENG4U""]}]",[],,,,[],False,70,70.0,70.0,,,False
1107,Lakehead University,Faculty of Social Sciences,Indigenous Learning (Thunder Bay Campus only),AY,False,ENG4U,"[{""n"": 1, ""options"": [""ENG4U""]}]",[],,,,[],False,70,70.0,70.0,,,False
1108,Lakehead University,Faculty of Social Sciences,Interd­isciplinary Studies (Orillia Campus only),AZ,False,ENG4U,"[{""n"": 1, ""options"": [""ENG4U""]}]",[],,,,[],False,70,70.0,70.0,,,False
1109,Lakehead University,Faculty of Social Sciences,Kinesiology (co-op available) (Thunder Bay Campus only),AAA,False,"ENG4U, 1 of MHF4U/MCV4U/MDM4U, 2 of SBI4U/SCH4U/PSK4U/SPH4U","[{""n"": 1, ""options"": [""ENG4U""]}, {""n"": 1, ""options"": [""MHF4U"", ""MCV4U"", ""MDM4U""]}, {""n"": 2, ""options"": [""SBI4U"", ""SCH4U"", ""PSK4U"", ""SPH4U""]}]",[],,,,[],False,70,70.0,70.0,,,False
1110,Lakehead University,Faculty of Social Sciences,Mathematics (Thunder Bay Campus only),AAB,False,"ENG4U, MHF4U, 1 of MCV4U/MDM4U","[{""n"": 1, ""options"": [""ENG4U""]}, {""n"": 1, ""options"": [""MHF4U""]}, {""n"": 1, ""options"": [""MCV4U"", ""MDM4U""]}]",[],,,,[],False,70,70.0,70.0,,,False
1111,Lakehead University,Faculty of Social Sciences,"Media, Film, & Commun­ications (Orillia Campus only)",AAC,True,ENG4U,"[{""n"": 1, ""options"": [""ENG4U""]}]",[],,,,[],False,70,70.0,70.0,,,False
1112,Lakehead University,Faculty of Social Sciences,Music (Thunder Bay Campus only),AAD,True,ENG4U,"[{""n"": 1, ""options"": [""ENG4U""]}]",[],,,,[],False,70,70.0,70.0,,,False
1113,Lakehead University,Faculty of Social Sciences,Natural Science (3-Year Program) (Thunder Bay Campus only),AAG,False,"ENG4U, 2 of MHF4U/SBI4U/MCV4U/SCH4U/MDM4U/SES4U/SPH4U","[{""n"": 1, ""options"": [""ENG4U""]}, {""n"": 2, ""options"": [""MHF4U"", ""SBI4U"", ""MCV4U"", ""SCH4U"", ""MDM4U"", ""SES4U"", ""SPH4U""]}]",[],,,,[],False,70,70.0,70.0,,,False
1114,Lakehead University,Faculty of Social Sciences,Nursing (Thunder Bay Campus only),AAH,True,"ENG4U, SBI4U, SCH4U, 1 of MHF4U/MCV4U/MDM4U","[{""n"": 1, ""options"": [""ENG4U""]}, {""n"": 1, ""options"": [""SBI4U""]}, {""n"": 1, ""options"": [""SCH4U""]}, {""n"": 1, ""options"": [""MHF4U"", ""MCV4U"", ""MDM4U""]}]",[],min 60 in each prerequisit course,,,[],False,80,80.0,80.0,,,False
1115,Lakehead University,Faculty of Social Sciences,"Outdoor Recreation, Parks & Tourism (Thunder Bay Campus only)",AAI,False,ENG4U,"[{""n"": 1, ""options"": [""ENG4U""]}]",[],,,,[],False,70,70.0,70.0,,,False
1116,Lakehead University,Faculty of Social Sciences,Philosophy (Thunder Bay Campus only),AAJ,False,ENG4U,"[{""n"": 1, ""options"": [""ENG4U""]}]",[],,,,[],False,70,70.0,70.0,,,False
1117,Lakehead University,Faculty of Social Sciences,Physics (includes Medical Science) (co-op available) (Thunder Bay Campus only),AAK,False,"ENG4U, MHF4U, 2 of SBI4U/MCV4U/SCH4U/MDM4U/SES4U/SPH4U","[{""n"": 1, ""options"": [""ENG4U""]}, {""n"": 1, ""options"": [""MHF4U""]}, {""n"": 2, ""options"": [""SBI4U"", ""MCV4U"", ""SCH4U"", ""MDM4U"", ""SES4U"", ""SPH4U""]}]",[],,,,[],False,70,70.0,70.0,,,False
1118,Lakehead University,Faculty of Social Sciences,Political Science/​Pre-Law (Thunder Bay & Orillia),AAL,False,ENG4U,"[{""n"": 1, ""options"": [""ENG4U""]}]",[],,,,[],False,70,70.0,70.0,,,False
1119,Lakehead University,Faculty of Social Sciences,Psychology (Thunder Bay & Orillia),AAM,False,ENG4U,"[{""n"": 1, ""options"": [""ENG4U""]}]",[],,,,[],False,70,70.0,70.0,,,False
1120,Lakehead University,Faculty of Social Sciences,Science One (Thunder Bay & Orillia),AAN,False,"ENG4U, MHF4U, 1 of SBI4U/MCV4U/SCH4U/ICS4U/MDM4U/SES4U/SPH4U","[{""n"": 1, ""options"": [""ENG4U""]}, {""n"": 1, ""options"": [""MHF4U""]}, {""n"": 1, ""options"": [""SBI4U"", ""MCV4U"", ""SCH4U"", ""ICS4U"", ""MDM4U"", ""SES4U"", ""SPH4U""]}]",[],,,,[],False,70,70.0,70.0,,,False
1121,Lakehead University,Faculty of Social Sciences,Social Work (Thunder Bay & Orillia),AAO,False,ENG4U,"[{""n"": 1, ""options"": [""ENG4U""]}]",[],,,,[],False,70,70.0,70.0,,,False
1122,Lakehead University,Faculty of Social Sciences,Sociology (Thunder Bay Campus only),AAP,False,ENG4U,"[{""n"": 1, ""options"": [""ENG4U""]}]",[],,,,[],False,70,70.0,70.0,,,False
1123,Lakehead University,Faculty of Social Sciences,Visual Arts (Thunder Bay Campus only),AAQ,False,ENG4U,"[{""n"": 1, ""options"": [""ENG4U""]}]",[],,,,[],False,70,70.0,70.0,,,False
1124,Lakehead University,Faculty of Social Sciences,Water Science (Thunder Bay Campus only),AAR,False,"ENG4U, 3 of MHF4U/SBI4U/MCV4U/SCH4U/MDM4U/SES4U/SPH4U","[{""n"": 1, ""options"": [""ENG4U""]}, {""n"": 3, ""options"": [""MHF4U"", ""SBI4U"", ""MCV4U"", ""SCH4U"", ""MDM4U"", ""SES4U"", ""SPH4U""]}]",[],,,,[],False,70,70.0,70.0,,,False
1125,Lakehead University,Faculty of Social Sciences,Gender and Women's Studies (Thunder Bay Campus only),AAS,False,ENG4U,"[{""n"": 1, ""options"": [""ENG4U""]}]",[],,,,[],False,70,70.0,70.0,,,False
1126,Laurentian University,Faculty of Arts,Criminal Justice (4-year Major),LCJ,False,ENG4U (1 of grade 12 English U/M course),"[{""n"": 1, ""options"": [""ENG4U""]}]",[],,,,[],False,70,70.0,70.0,,,False
1127,Laurentian University,Faculty of Arts,Criminology (4-year Major),LCQ,False,ENG4U (1 of grade 12 English U/M course),"[{""n"": 1, ""options"": [""ENG4U""]}]",[],,,,[],False,70,70.0,70.0,,,False
1128,Laurentian University,Faculty of Arts,Economics,LMS,False,ENG4U (1 of grade 12 English U/M course),"[{""n"": 1, ""options"": [""ENG4U""]}]",[],,,,[],False,70,70.0,70.0,,,False
1129,Laurentian University,Faculty of Arts,"English Lit, Media and Writing",LEI,False,ENG4U (1 of grade 12 English U/M course),"[{""n"": 1, ""options"": [""ENG4U""]}]",[],,,,[],False,70,70.0,70.0,,,False
1130,Laurentian University,Faculty of Arts,"Equity, Diversity and Human Rights (4-year Major)",LED,False,ENG4U (1 of grade 12 English U/M course),"[{""n"": 1, ""options"": [""ENG4U""]}]",[],,,,[],False,70,70.0,70.0,,,False
1131,Laurentian University,Faculty of Arts,French as a Second Language (4-year Major),LFA,False,ENG4U (1 of grade 12 English U/M course),"[{""n"": 1, ""options"": [""ENG4U""]}]",[],,,,[],False,70,70.0,70.0,,,False
1132,Laurentian University,Faculty of Arts,History,LTY,False,ENG4U (1 of grade 12 English U/M course),"[{""n"": 1, ""options"": [""ENG4U""]}]",[],,,,[],False,70,70.0,70.0,,,False
1133,Laurentian University,Faculty of Arts,Interd­isciplinary Studies (4-year Major),LIT,False,ENG4U (1 of grade 12 English U/M course),"[{""n"": 1, ""options"": [""ENG4U""]}]",[],,,,[],False,70,70.0,70.0,,,False
1134,Laurentian University,Faculty of Arts,Law and Justice,LLW,False,ENG4U (1 of grade 12 English U/M course),"[{""n"": 1, ""options"": [""ENG4U""]}]",[],,,,[],False,70,70.0,70.0,,,False
1135,Laurentian University,Faculty of Arts,BA Psychology,LPY,False,ENG4U (1 of grade 12 English U/M course),"[{""n"": 1, ""options"": [""ENG4U""]}]",[],,,,[],False,70,70.0,70.0,,,False
1136,Laurentian University,Faculty of Arts,Sociology,LSY,False,ENG4U (1 of grade 12 English U/M course),"[{""n"": 1, ""options"": [""ENG4U""]}]",[],,,,[],False,70,70.0,70.0,,,False
1137,Laurentian University,Faculty of Management,Business Admini­stration (On Campus),LOQ,False,ENG4U (1 of grade 12 English U/M course),"[{""n"": 1, ""options"": [""ENG4U""]}]",[],,,,[],False,70,70.0,70.0,,,False
1138,Laurentian University,Faculty of Management,Business Admini­stration - Accounting,LOW,False,"ENG4U (1 of grade 12 English U/M course), 1 of MHF4U/MCV4U/MDM4U","[{""n"": 1, ""options"": [""ENG4U""]}, {""n"": 1, ""options"": [""MHF4U"", ""MCV4U"", ""MDM4U""]}]",[],,,,[],False,70,70.0,70.0,,,False
1139,Laurentian University,Faculty of Management,Business Admini­stration - Finance,LOK,False,"ENG4U (1 of grade 12 English U/M course), 1 of MHF4U/MCV4U/MDM4U","[{""n"": 1, ""options"": [""ENG4U""]}, {""n"": 1, ""options"": [""MHF4U"", ""MCV4U"", ""MDM4U""]}]",[],,,,[],False,70,70.0,70.0,,,False
1140,Laurentian University,Faculty of Management,Business Admini­stration - Human Resources Management,LOS,False,"ENG4U (1 of grade 12 English U/M course), 1 of MHF4U/MCV4U/MDM4U","[{""n"": 1, ""options"": [""ENG4U""]}, {""n"": 1, ""options"": [""MHF4U"", ""MCV4U"", ""MDM4U""]}]",[],,,,[],False,70,70.0,70.0,,,False
1141,Laurentian University,Faculty of Management,Business Admini­stration - Marketing,LOI,False,"ENG4U (1 of grade 12 English U/M course), 1 of MHF4U/MCV4U/MDM4U","[{""n"": 1, ""options"": [""ENG4U""]}, {""n"": 1, ""options"": [""MHF4U"", ""MCV4U"", ""MDM4U""]}]",[],,,,[],False,70,70.0,70.0,,,False
1142,Laurentian University,Faculty of Management,Sports Admini­stration,LOE,False,"ENG4U (1 of grade 12 English U/M course), 1 of MHF4U/MCV4U/MDM4U (2 math courses are strongly recommended)","[{""n"": 1, ""options"": [""ENG4U""]}, {""n"": 1, ""options"": [""MHF4U"", ""MCV4U"", ""MDM4U""]}]",[],,,,[],False,75,75.0,75.0,,,False
1143,Laurentian University,Faculty of Education,Concurrent Education - Arts (Junior/​Interm­ediate),LAK,False,six grade 12 4U/M courses,"[{""n"": 6, ""options"": [], ""any_senior"": true, ""description"": ""six grade 12 4U/M courses""}]",[],,,,[],False,75,75.0,75.0,,,False
1144,Laurentian University,Faculty of Education,Concurrent Education - Science (Junior/​Interm­ediate),LRK,False,six grade 12 4U/M courses,"[{""n"": 6, ""options"": [], ""any_senior"": true, ""description"": ""six grade 12 4U/M courses""}]",[],,,,[],False,75,75.0,75.0,,,False
1145,Laurentian University,Faculty of Education,Concurrent Education with BPHE Kinesiology (Junior/​Interm­ediate),LSG,False,"ENG4U (1 of grade 12 English U/M course), 1 of SBI4U/PSK4U","[{""n"": 1, ""options"": [""ENG4U""]}, {""n"": 1, ""options"": [""SBI4U"", ""PSK4U""]}]",[],,,,[],False,75,75.0,75.0,,,False
1146,Laurentian University,Faculty of Education,Concurrent Education with BSc Kinesiology (Junior/​Interm­ediate),LJC,False,"ENG4U (1 of grade 12 English U/M course), MHF4U, SCH4U","[{""n"": 1, ""options"": [""ENG4U""]}, {""n"": 1, ""options"": [""MHF4U""]}, {""n"": 1, ""options"": [""SCH4U""]}]",[],,,,[],False,75,75.0,75.0,,,False
1147,Laurentian University,Faculty of Education,Concurrent Education with Business Admini­stration (Junior/​Interm­ediate),LCV,False,"ENG4U, 2 of MHF4U/MCV4U/MDM4U","[{""n"": 1, ""options"": [""ENG4U""]}, {""n"": 2, ""options"": [""MHF4U"", ""MCV4U"", ""MDM4U""]}]",[],,,,[],False,70,70.0,70.0,,,False
1148,Laurentian University,Faculty of Education,Concurrent Education with Health Promotion (Junior/​Interm­ediate),LHK,False,"ENG4U (1 of grade 12 English U/M course), SCH4U, 1 of SBI4U/PSK4U","[{""n"": 1, ""options"": [""ENG4U""]}, {""n"": 1, ""options"": [""SCH4U""]}, {""n"": 1, ""options"": [""SBI4U"", ""PSK4U""]}]",[],,,,[],False,75,75.0,75.0,,,False
1149,Laurentian University,Faculty of Education,Concurrent Education with Indigenous Social Work (Junior/​Interm­ediate),LJD,True,ENG4U (1 of grade 12 English U/M course),"[{""n"": 1, ""options"": [""ENG4U""]}]",[],,,,[],False,70,70.0,70.0,,,False
1150,Laurentian University,Faculty of Education,Concurrent Education with Outdoor Adventure Leadership (Junior/​Interm­ediate),LAS,False,"ENG4U (1 of grade 12 English U/M course), 1 of SBI4U/PSK4U","[{""n"": 1, ""options"": [""ENG4U""]}, {""n"": 1, ""options"": [""SBI4U"", ""PSK4U""]}]",[],,,,[],False,75,75.0,75.0,,,False
1151,Laurentian University,Faculty of Education,Concurrent Education with Social Work (Junior/​Interm­ediate),LJB,False,ENG4U (1 of grade 12 English U/M course),"[{""n"": 1, ""options"": [""ENG4U""]}]",[],,,,[],False,70,70.0,70.0,,,False
1152,Laurentian University,Faculty of Education,Concurrent Education with Sport Psychology (Junior/​Interm­ediate),LSO,False,ENG4U (1 of grade 12 English U/M course),"[{""n"": 1, ""options"": [""ENG4U""]}]",[],,,,[],False,75,75.0,75.0,,,False
1153,Laurentian University,Faculty of Education,Concurrent Education with Sports Admini­stration (Junior/​Interm­ediate),LCU,False,"ENG4U, 1 of MHF4U/MCV4U/MDM4U","[{""n"": 1, ""options"": [""ENG4U""]}, {""n"": 1, ""options"": [""MHF4U"", ""MCV4U"", ""MDM4U""]}]",[],,,,[],False,75,75.0,75.0,,,False
1154,Laurentian University,Faculty of Health,BPHE Kinesiology,LSA,False,"ENG4U (1 of grade 12 English U/M course), 1 of SBI4U/PSK4U","[{""n"": 1, ""options"": [""ENG4U""]}, {""n"": 1, ""options"": [""SBI4U"", ""PSK4U""]}]",[],,,,[],False,75,75.0,75.0,,,False
1155,Laurentian University,Faculty of Health,BA Sport Psychology,LSE,False,ENG4U (1 of grade 12 English U/M course),"[{""n"": 1, ""options"": [""ENG4U""]}]",[],,,,[],False,75,75.0,75.0,,,False
1156,Laurentian University,Faculty of Health,BPHE Health Promotion,LHE,False,"ENG4U (1 of grade 12 English U/M course), SCH4U, 1 of SBI4U/PSK4U","[{""n"": 1, ""options"": [""ENG4U""]}, {""n"": 1, ""options"": [""SCH4U""]}, {""n"": 1, ""options"": [""SBI4U"", ""PSK4U""]}]",[],,,,[],False,75,75.0,75.0,,,False
1157,Laurentian University,Faculty of Health,BPHE Outdoor Adventure Leadership,LAE,False,"ENG4U (1 of grade 12 English U/M course), 1 of SBI4U/PSK4U","[{""n"": 1, ""options"": [""ENG4U""]}, {""n"": 1, ""options"": [""SBI4U"", ""PSK4U""]}]",[],,,,[],False,75,75.0,75.0,,,False
1158,Laurentian University,Faculty of Health,BSc Kinesiology,LKE,False,"ENG4U (1 of grade 12 English U/M course), MHF4U, SCH4U","[{""n"": 1, ""options"": [""ENG4U""]}, {""n"": 1, ""options"": [""MHF4U""]}, {""n"": 1, ""options"": [""SCH4U""]}]",[],,,,[],False,75,75.0,75.0,,,False
1159,Laurentian University,Faculty of Health,Indigenous Social Work (on campus),LDC,True,ENG4U (1 of grade 12 English U/M course),"[{""n"": 1, ""options"": [""ENG4U""]}]",[],,,,[],False,70,70.0,70.0,,,False
1160,Laurentian University,Faculty of Health,Nursing,LNE,False,"ENG4U (1 of grade 12 English U/M course), MHF4U, SCH4U","[{""n"": 1, ""options"": [""ENG4U""]}, {""n"": 1, ""options"": [""MHF4U""]}, {""n"": 1, ""options"": [""SCH4U""]}]",[],,,,[],False,75,75.0,75.0,,,False
1161,Laurentian University,Faculty of Health,Social Work,LLE,False,ENG4U (1 of grade 12 English U/M course),"[{""n"": 1, ""options"": [""ENG4U""]}]",[],,,,[],False,70,70.0,70.0,,,False
1162,Laurentian University,"Faculty of Science, Engineering and Architecture",Archit­ectural Studies,LDA,True,"ENG4U (1 of grade 12 English U/M course), 2 of MHF4U/MCV4U/MDM4U","[{""n"": 1, ""options"": [""ENG4U""]}, {""n"": 2, ""options"": [""MHF4U"", ""MCV4U"", ""MDM4U""]}]",[],,,,[],False,75,75.0,75.0,,,False
1163,Laurentian University,"Faculty of Science, Engineering and Architecture",Behavioural Neuros­cience,LNO,False,"ENG4U (1 of grade 12 English U/M course), MHF4U, 2 of SBI4U/SCH4U/SPH4U/SES4U/SNC4U or 1 of SBI4U/SCH4U/SPH4U/SES4U/SNC4U + 1 of MCV4U/MDM4U","[{""n"": 1, ""options"": [""ENG4U""]}, {""n"": 1, ""options"": [""MHF4U""]}, {""n"": 2, ""options"": [""SBI4U"", ""SCH4U"", ""SPH4U"", ""SES4U"", ""SNC4U"", ""SBI4U"", ""SCH4U"", ""SPH4U"", ""SES4U"", ""SNC4U"", ""MCV4U"", ""MDM4U""]}]",[],,,,[],False,70,70.0,70.0,,,False
1164,Laurentian University,"Faculty of Science, Engineering and Architecture",Bioche­mistry,LBC,False,"ENG4U (1 of grade 12 English U/M course), MHF4U, 1 of SBI4U/SCH4U/SPH4U/SES4U/SNC4U or 1 of MCV4U/MDM4U","[{""n"": 1, ""options"": [""ENG4U""]}, {""n"": 1, ""options"": [""MHF4U""]}, {""n"": 1, ""options"": [""SBI4U"", ""SCH4U"", ""SPH4U"", ""SES4U"", ""SNC4U"", ""MCV4U"", ""MDM4U""]}]",[],,,,[],False,70,70.0,70.0,,,False
1165,Laurentian University,"Faculty of Science, Engineering and Architecture",Biology (4-Year Major),LBG,False,"ENG4U (1 of grade 12 English U/M course), MHF4U, 1 of SBI4U/SCH4U/SPH4U/SES4U/SNC4U or 1 of MCV4U/MDM4U","[{""n"": 1, ""options"": [""ENG4U""]}, {""n"": 1, ""options"": [""MHF4U""]}, {""n"": 1, ""options"": [""SBI4U"", ""SCH4U"", ""SPH4U"", ""SES4U"", ""SNC4U"", ""MCV4U"", ""MDM4U""]}]",[],,,,[],False,70,70.0,70.0,,,False
1166,Laurentian University,"Faculty of Science, Engineering and Architecture",Biology - Biomedical Biology,LBW,False,"ENG4U (1 of grade 12 English U/M course), MHF4U, 2 of SBI4U/SCH4U/SPH4U/SES4U/SNC4U or 1 of SBI4U/SCH4U/SPH4U/SES4U/SNC4U + 1 of MCV4U/MDM4U","[{""n"": 1, ""options"": [""ENG4U""]}, {""n"": 1, ""options"": [""MHF4U""]}, {""n"": 2, ""options"": [""SBI4U"", ""SCH4U"", ""SPH4U"", ""SES4U"", ""SNC4U"", ""SBI4U"", ""SCH4U"", ""SPH4U"", ""SES4U"", ""SNC4U"", ""MCV4U"", ""MDM4U""]}]",[],,,,[],False,70,70.0,70.0,,,False
1167,Laurentian University,"Faculty of Science, Engineering and Architecture",Biology - Zoology,LZY,False,"ENG4U (1 of grade 12 English U/M course), MHF4U, 2 of SBI4U/SCH4U/SPH4U/SES4U/SNC4U or 1 of SBI4U/SCH4U/SPH4U/SES4U/SNC4U + 1 of MCV4U/MDM4U","[{""n"": 1, ""options"": [""ENG4U""]}, {""n"": 1, ""options"": [""MHF4U""]}, {""n"": 2, ""options"": [""SBI4U"", ""SCH4U"", ""SPH4U"", ""SES4U"", ""SNC4U"", ""SBI4U"", ""SCH4U"", ""SPH4U"", ""SES4U"", ""SNC4U"", ""MCV4U"", ""MDM4U""]}]",[],,,,[],False,70,70.0,70.0,,,False
1168,Laurentian University,"Faculty of Science, Engineering and Architecture",Chemistry,LCY,False,"ENG4U (1 of grade 12 English U/M course), MHF4U, 2 of SBI4U/SCH4U/SPH4U/SES4U/SNC4U or 1 of SBI4U/SCH4U/SPH4U/SES4U/SNC4U + 1 of MCV4U/MDM4U","[{""n"": 1, ""options"": [""ENG4U""]}, {""n"": 1, ""options"": [""MHF4U""]}, {""n"": 2, ""options"": [""SBI4U"", ""SCH4U"", ""SPH4U"", ""SES4U"", ""SNC4U"", ""SBI4U"", ""SCH4U"", ""SPH4U"", ""SES4U"", ""SNC4U"", ""MCV4U"", ""MDM4U""]}]",[],,,,[],False,70,70.0,70.0,,,False
1169,Laurentian University,"Faculty of Science, Engineering and Architecture",Computer Science,LCS,False,"ENG4U (1 of grade 12 English U/M course), MHF4U, 1 of MCV4U/MDM4U","[{""n"": 1, ""options"": [""ENG4U""]}, {""n"": 1, ""options"": [""MHF4U""]}, {""n"": 1, ""options"": [""MCV4U"", ""MDM4U""]}]",[],,,,[],False,70,70.0,70.0,,,False
1170,Laurentian University,"Faculty of Science, Engineering and Architecture",Computer Science - Game Design,LKS,False,"ENG4U (1 of grade 12 English U/M course), MHF4U, 1 of MCV4U/MDM4U","[{""n"": 1, ""options"": [""ENG4U""]}, {""n"": 1, ""options"": [""MHF4U""]}, {""n"": 1, ""options"": [""MCV4U"", ""MDM4U""]}]",[],,,,[],False,70,70.0,70.0,,,False
1171,Laurentian University,"Faculty of Science, Engineering and Architecture",Earth Sciences,LVI,False,"ENG4U (1 of grade 12 English U/M course), MHF4U, 2 of SBI4U/SCH4U/SPH4U/SES4U/SNC4U or 1 of SBI4U/SCH4U/SPH4U/SES4U/SNC4U + 1 of MCV4U/MDM4U","[{""n"": 1, ""options"": [""ENG4U""]}, {""n"": 1, ""options"": [""MHF4U""]}, {""n"": 2, ""options"": [""SBI4U"", ""SCH4U"", ""SPH4U"", ""SES4U"", ""SNC4U"", ""SBI4U"", ""SCH4U"", ""SPH4U"", ""SES4U"", ""SNC4U"", ""MCV4U"", ""MDM4U""]}]",[],,,,[],False,70,70.0,70.0,,,False
1172,Laurentian University,"Faculty of Science, Engineering and Architecture",Forensic Science,LRA,False,"ENG4U (1 of grade 12 English U/M course), MHF4U, SBI4U, SCH4U","[{""n"": 1, ""options"": [""ENG4U""]}, {""n"": 1, ""options"": [""MHF4U""]}, {""n"": 1, ""options"": [""SBI4U""]}, {""n"": 1, ""options"": [""SCH4U""]}]",[],,,,[],False,75,75.0,75.0,,,False
1173,Laurentian University,"Faculty of Science, Engineering and Architecture",Forensic Science and Biology,LRY,False,"ENG4U (1 of grade 12 English U/M course), MHF4U, SBI4U, SCH4U","[{""n"": 1, ""options"": [""ENG4U""]}, {""n"": 1, ""options"": [""MHF4U""]}, {""n"": 1, ""options"": [""SBI4U""]}, {""n"": 1, ""options"": [""SCH4U""]}]",[],,,,[],False,75,75.0,75.0,,,False
1174,Laurentian University,"Faculty of Science, Engineering and Architecture",Forensic Science and Chemistry,LRU,False,"ENG4U (1 of grade 12 English U/M course), MHF4U, SBI4U, SCH4U","[{""n"": 1, ""options"": [""ENG4U""]}, {""n"": 1, ""options"": [""MHF4U""]}, {""n"": 1, ""options"": [""SBI4U""]}, {""n"": 1, ""options"": [""SCH4U""]}]",[],,,,[],False,75,75.0,75.0,,,False
1175,Laurentian University,"Faculty of Science, Engineering and Architecture",Interd­isciplinary Science,LVG,False,ENG4U (1 of grade 12 English U/M course),"[{""n"": 1, ""options"": [""ENG4U""]}]",[],,,,[],False,70,70.0,70.0,,,False
1176,Laurentian University,"Faculty of Science, Engineering and Architecture",Pharma­ceutical Chemistry,LPC,False,"ENG4U (1 of grade 12 English U/M course), MHF4U, 2 of SBI4U/SCH4U/SPH4U/SES4U/SNC4U or 1 of SBI4U/SCH4U/SPH4U/SES4U/SNC4U + 1 of MCV4U/MDM4U","[{""n"": 1, ""options"": [""ENG4U""]}, {""n"": 1, ""options"": [""MHF4U""]}, {""n"": 2, ""options"": [""SBI4U"", ""SCH4U"", ""SPH4U"", ""SES4U"", ""SNC4U"", ""SBI4U"", ""SCH4U"", ""SPH4U"", ""SES4U"", ""SNC4U"", ""MCV4U"", ""MDM4U""]}]",[],,,,[],False,70,70.0,70.0,,,False
1177,Laurentian University,"Faculty of Science, Engineering and Architecture",BSc Psychology,LLK,False,"ENG4U (1 of grade 12 English U/M course), MHF4U, 2 of SBI4U/SCH4U/SPH4U/SES4U/SNC4U or 1 of SBI4U/SCH4U/SPH4U/SES4U/SNC4U + 1 of MCV4U/MDM4U","[{""n"": 1, ""options"": [""ENG4U""]}, {""n"": 1, ""options"": [""MHF4U""]}, {""n"": 2, ""options"": [""SBI4U"", ""SCH4U"", ""SPH4U"", ""SES4U"", ""SNC4U"", ""SBI4U"", ""SCH4U"", ""SPH4U"", ""SES4U"", ""SNC4U"", ""MCV4U"", ""MDM4U""]}]",[],,,,[],False,70,70.0,70.0,,,False
1178,Laurentian University,Bharti School of Engineering,Engineering - Chemical,LEA,False,"ENG4U (1 of grade 12 English U/M course), MHF4U, SPH4U, SCH4U, 1 of MCV4U/MDM4U/SBI4U/SES4U","[{""n"": 1, ""options"": [""ENG4U""]}, {""n"": 1, ""options"": [""MHF4U""]}, {""n"": 1, ""options"": [""SPH4U""]}, {""n"": 1, ""options"": [""SCH4U""]}, {""n"": 1, ""options"": [""MCV4U"", ""MDM4U"", ""SBI4U"", ""SES4U""]}]",[],,,,[],False,70,70.0,70.0,,,False
1179,Laurentian University,Bharti School of Engineering,Engineering - Mechanical,LEG,False,"ENG4U (1 of grade 12 English U/M course), MHF4U, SPH4U, SCH4U, 1 of MCV4U/MDM4U/SBI4U/SES4U","[{""n"": 1, ""options"": [""ENG4U""]}, {""n"": 1, ""options"": [""MHF4U""]}, {""n"": 1, ""options"": [""SPH4U""]}, {""n"": 1, ""options"": [""SCH4U""]}, {""n"": 1, ""options"": [""MCV4U"", ""MDM4U"", ""SBI4U"", ""SES4U""]}]",[],,,,[],False,75,75.0,75.0,,,False
1180,Laurentian University,Bharti School of Engineering,Engineering - Mining,LEE,False,"ENG4U (1 of grade 12 English U/M course), MHF4U, SPH4U, SCH4U, 1 of MCV4U/MDM4U/SBI4U/SES4U","[{""n"": 1, ""options"": [""ENG4U""]}, {""n"": 1, ""options"": [""MHF4U""]}, {""n"": 1, ""options"": [""SPH4U""]}, {""n"": 1, ""options"": [""SCH4U""]}, {""n"": 1, ""options"": [""MCV4U"", ""MDM4U"", ""SBI4U"", ""SES4U""]}]",[],,,,[],False,70,70.0,70.0,,,False
1181,Laurentian University,Faculty of Arts (Campus de Sudbury - programs in french),Crimin­ologie (majeure - 4 ans),LRP,False,1 of FSF4U/FEF4U/FIF4U,"[{""n"": 1, ""options"": [""FSF4U"", ""FEF4U"", ""FIF4U""]}]",[],,,,[],False,70,70.0,70.0,,,False
1182,Laurentian University,Faculty of Arts (Campus de Sudbury - programs in french),Droit et justice,LDJ,False,1 of FSF4U/FEF4U/FIF4U,"[{""n"": 1, ""options"": [""FSF4U"", ""FEF4U"", ""FIF4U""]}]",[],,,,[],False,70,70.0,70.0,,,False
1183,Laurentian University,Faculty of Arts (Campus de Sudbury - programs in french),"Équité, diversité et droits de la personne (majeure - 4 ans)",LDD,False,1 of FSF4U/FEF4U/FIF4U,"[{""n"": 1, ""options"": [""FSF4U"", ""FEF4U"", ""FIF4U""]}]",[],,,,[],False,70,70.0,70.0,,,False
1184,Laurentian University,Faculty of Arts (Campus de Sudbury - programs in french),Études interd­isciplinaires (majeure - 4 ans),LIU,False,1 of FSF4U/FEF4U/FIF4U,"[{""n"": 1, ""options"": [""FSF4U"", ""FEF4U"", ""FIF4U""]}]",[],,,,[],False,70,70.0,70.0,,,False
1185,Laurentian University,Faculty of Arts (Campus de Sudbury - programs in french),BA Psychologie,LEJ,False,1 of FSF4U/FEF4U/FIF4U,"[{""n"": 1, ""options"": [""FSF4U"", ""FEF4U"", ""FIF4U""]}]",[],,,,[],False,70,70.0,70.0,,,False
1186,Laurentian University,Faculty of Arts (Campus de Sudbury - programs in french),Sociologie,LPV,False,1 of FSF4U/FEF4U/FIF4U,"[{""n"": 1, ""options"": [""FSF4U"", ""FEF4U"", ""FIF4U""]}]",[],,,,[],False,70,70.0,70.0,,,False
1187,Laurentian University,Faculty of Management (Campus de Sudbury - programs in french),Admini­stration des affaires,LOR,False,"1 of FSF4U/FEF4U/FIF4U, 1 of MHF4U/MCV4U/MDM4U","[{""n"": 1, ""options"": [""FSF4U"", ""FEF4U"", ""FIF4U""]}, {""n"": 1, ""options"": [""MHF4U"", ""MCV4U"", ""MDM4U""]}]",[],,,,[],False,70,70.0,70.0,,,False
1188,Laurentian University,Faculty of Management (Campus de Sudbury - programs in french),Admini­stration des affaires - Comptabilité,LOZ,False,"1 of FSF4U/FEF4U/FIF4U, 1 of MHF4U/MCV4U/MDM4U","[{""n"": 1, ""options"": [""FSF4U"", ""FEF4U"", ""FIF4U""]}, {""n"": 1, ""options"": [""MHF4U"", ""MCV4U"", ""MDM4U""]}]",[],,,,[],False,70,70.0,70.0,,,False
1189,Laurentian University,Faculty of Management (Campus de Sudbury - programs in french),Admini­stration des affaires - Entrep­reneuriat,LOP,False,"1 of FSF4U/FEF4U/FIF4U, 1 of MHF4U/MCV4U/MDM4U","[{""n"": 1, ""options"": [""FSF4U"", ""FEF4U"", ""FIF4U""]}, {""n"": 1, ""options"": [""MHF4U"", ""MCV4U"", ""MDM4U""]}]",[],,,,[],False,70,70.0,70.0,,,False
1190,Laurentian University,Faculty of Management (Campus de Sudbury - programs in french),Admini­stration des affaires - Finance,LON,False,"1 of FSF4U/FEF4U/FIF4U, 1 of MHF4U/MCV4U/MDM4U","[{""n"": 1, ""options"": [""FSF4U"", ""FEF4U"", ""FIF4U""]}, {""n"": 1, ""options"": [""MHF4U"", ""MCV4U"", ""MDM4U""]}]",[],,,,[],False,70,70.0,70.0,,,False
1191,Laurentian University,Faculty of Management (Campus de Sudbury - programs in french),Admini­stration des affaires - Gestion intern­ationale,LOV,False,"1 of FSF4U/FEF4U/FIF4U, 1 of MHF4U/MCV4U/MDM4U","[{""n"": 1, ""options"": [""FSF4U"", ""FEF4U"", ""FIF4U""]}, {""n"": 1, ""options"": [""MHF4U"", ""MCV4U"", ""MDM4U""]}]",[],,,,[],False,70,70.0,70.0,,,False
1192,Laurentian University,Faculty of Education (Campus de Sudbury - programs in french),Éducation concurrente et Admini­stration des affaires (moyen/​intermédiaire),LCX,False,"6 4U/M courses, TCL test with a score of 70 or higher, 18 credits in a teachable subjectt","[{""n"": 6, ""options"": [], ""any_senior"": true, ""description"": ""6 4U/M courses""}]","[""TCL test with a score of 70 or higher"", ""18 credits in a teachable subjectt""]",,,,[],False,70,70.0,70.0,,,False
1193,Laurentian University,Faculty of Education (Campus de Sudbury - programs in french),Éducation concurrente et Arts (moyen/​intermédiaire),LAH,False,"6 4U/M courses, TCL test with a score of 70 or higher, 18 credits in a teachable subjectt","[{""n"": 6, ""options"": [], ""any_senior"": true, ""description"": ""6 4U/M courses""}]","[""TCL test with a score of 70 or higher"", ""18 credits in a teachable subjectt""]",,,,[],False,70,70.0,70.0,,,False
1194,Laurentian University,Faculty of Education (Campus de Sudbury - programs in french),Éducation concurrente et BA Psychologie du sport (moyen/​intermédiaire),LUL,False,1 of FSF4U/FEF4U/FIF4U,"[{""n"": 1, ""options"": [""FSF4U"", ""FEF4U"", ""FIF4U""]}]",[],,,,[],False,75,75.0,75.0,,,False
1195,Laurentian University,Faculty of Education (Campus de Sudbury - programs in french),Éducation concurrente et BÉPS Kinésiologie (moyen/​intermédiaire),LCL,False,"1 of FSF4U/FEF4U/FIF4U, 1 of SBI4U/PSK4U","[{""n"": 1, ""options"": [""FSF4U"", ""FEF4U"", ""FIF4U""]}, {""n"": 1, ""options"": [""SBI4U"", ""PSK4U""]}]",[],,,,[],False,70,70.0,70.0,,,False
1196,Laurentian University,Faculty of Education (Campus de Sudbury - programs in french),Éducation concurrente et BSc Kinésiologie (moyen/​intermédiaire),LCK,False,"1 of FSF4U/FEF4U/FIF4U, MHF4U, SCH4U","[{""n"": 1, ""options"": [""FSF4U"", ""FEF4U"", ""FIF4U""]}, {""n"": 1, ""options"": [""MHF4U""]}, {""n"": 1, ""options"": [""SCH4U""]}]",[],,,,[],False,75,75.0,75.0,,,False
1197,Laurentian University,Faculty of Education (Campus de Sudbury - programs in french),Éducation concurrente et Orthophonie (moyen/​intermédiaire),LCN,False,"1 of FSF4U/FEF4U/FIF4U, ENG4U, 1 of SBI4U/SBI3U or PSK4U","[{""n"": 1, ""options"": [""FSF4U"", ""FEF4U"", ""FIF4U""]}, {""n"": 1, ""options"": [""ENG4U""]}, {""n"": 1, ""options"": [""SBI4U"", ""SBI3U"", ""PSK4U""]}]",[],,,,[],False,70,70.0,70.0,,,False
1198,Laurentian University,Faculty of Education (Campus de Sudbury - programs in french),Éducation concurrente et Outdoor Adventure Leadership (moyen-intermédiaire) (Junior/​Interm­ediate),LTB,,,[],[],,,,[],False,,,,,,False
1199,Laurentian University,Faculty of Education (Campus de Sudbury - programs in french),Éducation concurrente et Science (moyen-intermédiaire),LCE,False,"1 of FSF4U/FEF4U/FIF4U, MHF4U, 2 of SCH4U/SBI4U/SPH4U/SES4U or 1 of SCH4U/SBI4U/SPH4U/SES4U + 1 of MCV4U/MDM4U","[{""n"": 1, ""options"": [""FSF4U"", ""FEF4U"", ""FIF4U""]}, {""n"": 1, ""options"": [""MHF4U""]}, {""n"": 2, ""options"": [""SCH4U"", ""SBI4U"", ""SPH4U"", ""SES4U"", ""SCH4U"", ""SBI4U"", ""SPH4U"", ""SES4U"", ""MCV4U"", ""MDM4U""]}]",[],,,,[],False,75,75.0,75.0,,,False
1200,Laurentian University,Faculty of Education (Campus de Sudbury - programs in french),Éducation concurrente et Service social (moyen/​intermédiaire),LCM,False,1 of FSF4U/FEF4U/FIF4U,"[{""n"": 1, ""options"": [""FSF4U"", ""FEF4U"", ""FIF4U""]}]",[],,,,[],False,70,70.0,70.0,,,False
1201,Laurentian University,Faculty of Education (Campus de Sudbury - programs in french),Éducation concurrente et Sports Admini­stration (moyen/​intermédiare),LCW,False,"1 of FSF4U/FEF4U/FIF4U, 2 of MHF4U/MCV4U/MDM4U","[{""n"": 1, ""options"": [""FSF4U"", ""FEF4U"", ""FIF4U""]}, {""n"": 2, ""options"": [""MHF4U"", ""MCV4U"", ""MDM4U""]}]",[],,,,[],False,70,70.0,70.0,,,False
1202,Laurentian University,Faculty of Health (Campus de Sudbury - programs in french),BA Psychologie du sport,LSF,False,1 of FSF4U/FEF4U/FIF4U,"[{""n"": 1, ""options"": [""FSF4U"", ""FEF4U"", ""FIF4U""]}]",[],,,,[],False,75,75.0,75.0,,,False
1203,Laurentian University,Faculty of Health (Campus de Sudbury - programs in french),BSc Kinésiologie,LKF,False,"1 of FSF4U/FEF4U/FIF4U, MHF4U, SCH4U","[{""n"": 1, ""options"": [""FSF4U"", ""FEF4U"", ""FIF4U""]}, {""n"": 1, ""options"": [""MHF4U""]}, {""n"": 1, ""options"": [""SCH4U""]}]",[],,,,[],False,75,75.0,75.0,,,False
1204,Laurentian University,Faculty of Health (Campus de Sudbury - programs in french),BÉPS Kinésiologie,LFB,False,"1 of FSF4U/FEF4U/FIF4U, 1 of SBI4U/PSK4U","[{""n"": 1, ""options"": [""FSF4U"", ""FEF4U"", ""FIF4U""]}, {""n"": 1, ""options"": [""SBI4U"", ""PSK4U""]}]",[],,,,[],False,70,70.0,70.0,,,False
1205,Laurentian University,Faculty of Health (Campus de Sudbury - programs in french),Orthophonie (Sciences de la santé en),LRB,False,"1 of FSF4U/FEF4U/FIF4U, ENG4U, 1 of SBI4U/SBI3U or PSK4U","[{""n"": 1, ""options"": [""FSF4U"", ""FEF4U"", ""FIF4U""]}, {""n"": 1, ""options"": [""ENG4U""]}, {""n"": 1, ""options"": [""SBI4U"", ""SBI3U"", ""PSK4U""]}]",[],,,,[],False,70,70.0,70.0,,,False
1206,Laurentian University,Faculty of Health (Campus de Sudbury - programs in french),Sciences infirmières,LNF,False,"1 of FSF4U/FEF4U/FIF4U, SCH4U, 1 of MHF4U/MCV4U/MDM4U, ENG4U","[{""n"": 1, ""options"": [""FSF4U"", ""FEF4U"", ""FIF4U""]}, {""n"": 1, ""options"": [""SCH4U""]}, {""n"": 1, ""options"": [""MHF4U"", ""MCV4U"", ""MDM4U""]}, {""n"": 1, ""options"": [""ENG4U""]}]",[],,,,[],False,75,75.0,75.0,,,False
1207,Laurentian University,Faculty of Health (Campus de Sudbury - programs in french),Service social (sur place),LLF,False,1 of FSF4U/FEF4U/FIF4U,"[{""n"": 1, ""options"": [""FSF4U"", ""FEF4U"", ""FIF4U""]}]",[],,,,[],False,70,70.0,70.0,,,False
1208,Laurentian University,"Faculty of Science, Engineering and Architecture (Campus de Sudbury - programs in french)",Biochimie,LBT,False,"1 of FSF4U/FEF4U/FIF4U, MHF4U, 2 of SBI4U/SCH4U/SPH4U/SES4U or 1 of SBI4U/SCH4U/SPH4U/SES4U + 1 of MCV4U/MDM4U","[{""n"": 1, ""options"": [""FSF4U"", ""FEF4U"", ""FIF4U""]}, {""n"": 1, ""options"": [""MHF4U""]}, {""n"": 2, ""options"": [""SBI4U"", ""SCH4U"", ""SPH4U"", ""SES4U"", ""SBI4U"", ""SCH4U"", ""SPH4U"", ""SES4U"", ""MCV4U"", ""MDM4U""]}]",[],,,,[],False,70,70.0,70.0,,,False
1209,Laurentian University,"Faculty of Science, Engineering and Architecture (Campus de Sudbury - programs in french)",Biologie (majeure - 4 ans),LBM,False,"1 of FSF4U/FEF4U/FIF4U, MHF4U, 1 of SBI4U/SCH4U/SPH4U/SES4U, 1 of MCV4U/MDM4U","[{""n"": 1, ""options"": [""FSF4U"", ""FEF4U"", ""FIF4U""]}, {""n"": 1, ""options"": [""MHF4U""]}, {""n"": 1, ""options"": [""SBI4U"", ""SCH4U"", ""SPH4U"", ""SES4U""]}, {""n"": 1, ""options"": [""MCV4U"", ""MDM4U""]}]",[],,,,[],False,70,70.0,70.0,,,False
1210,Laurentian University,"Faculty of Science, Engineering and Architecture (Campus de Sudbury - programs in french)",Biologie biomédicale,LBB,False,"1 of FSF4U/FEF4U/FIF4U, MHF4U, 1 of SBI4U/SCH4U/SPH4U/SES4U, 1 of MCV4U/MDM4U/SNC4M","[{""n"": 1, ""options"": [""FSF4U"", ""FEF4U"", ""FIF4U""]}, {""n"": 1, ""options"": [""MHF4U""]}, {""n"": 1, ""options"": [""SBI4U"", ""SCH4U"", ""SPH4U"", ""SES4U""]}, {""n"": 1, ""options"": [""MCV4U"", ""MDM4U"", ""SNC4M""]}]",[],,,,[],False,70,70.0,70.0,,,False
1211,Laurentian University,"Faculty of Science, Engineering and Architecture (Campus de Sudbury - programs in french)",Chimie - option pharma­ceutique (concen­tration - 3 ans),LCP,False,"1 of FSF4U/FEF4U/FIF4U, MHF4U, 2 of SBI4U/SCH4U/SPH4U/SES4U or 1 of SBI4U/SCH4U/SPH4U/SES4U + 1 of MCV4U/MDM4U","[{""n"": 1, ""options"": [""FSF4U"", ""FEF4U"", ""FIF4U""]}, {""n"": 1, ""options"": [""MHF4U""]}, {""n"": 2, ""options"": [""SBI4U"", ""SCH4U"", ""SPH4U"", ""SES4U"", ""SBI4U"", ""SCH4U"", ""SPH4U"", ""SES4U"", ""MCV4U"", ""MDM4U""]}]",[],,,,[],False,70,70.0,70.0,,,False
1212,Laurentian University,"Faculty of Science, Engineering and Architecture (Campus de Sudbury - programs in french)",BSc Psychologie,LYP,False,"1 of FSF4U/FEF4U/FIF4U, MHF4U, 2 of SBI4U/SCH4U/SPH4U/SES4U or 1 of SBI4U/SCH4U/SPH4U/SES4U + 1 of MCV4U/MDM4U","[{""n"": 1, ""options"": [""FSF4U"", ""FEF4U"", ""FIF4U""]}, {""n"": 1, ""options"": [""MHF4U""]}, {""n"": 2, ""options"": [""SBI4U"", ""SCH4U"", ""SPH4U"", ""SES4U"", ""SBI4U"", ""SCH4U"", ""SPH4U"", ""SES4U"", ""MCV4U"", ""MDM4U""]}]",[],,,,[],False,70,70.0,70.0,,,False
1213,Laurentian University,"Faculty of Science, Engineering and Architecture (Campus de Sudbury - programs in french)",Sciences plurid­isciplinaires (concen­tration - 3 ans),LVF,False,1 of FSF4U/FEF4U/FIF4U,"[{""n"": 1, ""options"": [""FSF4U"", ""FEF4U"", ""FIF4U""]}]",[],,,,[],False,70,70.0,70.0,,,False
1214,Laurentian University,Online & Distance Education Programs,Arts (3-year Double Minor),LXW,False,ENG4U (1 of grade 12 English U/M course),"[{""n"": 1, ""options"": [""ENG4U""]}]",[],,,,[],False,70,70.0,70.0,,,False
1215,Laurentian University,Online & Distance Education Programs,Criminology (3-year Concen­tration),LYA,False,ENG4U (1 of grade 12 English U/M course),"[{""n"": 1, ""options"": [""ENG4U""]}]",[],,,,[],False,70,70.0,70.0,,,False
1216,Laurentian University,Online & Distance Education Programs,"Equity, Diversity and Human Rights (3-year Concen­tration)",LXY,False,ENG4U (1 of grade 12 English U/M course),"[{""n"": 1, ""options"": [""ENG4U""]}]",[],,,,[],False,70,70.0,70.0,,,False
1217,Laurentian University,Online & Distance Education Programs,"Equity, Diversity and Human Rights (4-year Major)",LXT,False,ENG4U (1 of grade 12 English U/M course),"[{""n"": 1, ""options"": [""ENG4U""]}]",[],,,,[],False,70,70.0,70.0,,,False
1218,Laurentian University,Online & Distance Education Programs,Gerontology (3-year Concen­tration),LXA,False,ENG4U (1 of grade 12 English U/M course),"[{""n"": 1, ""options"": [""ENG4U""]}]",[],,,,[],False,70,70.0,70.0,,,False
1219,Laurentian University,Online & Distance Education Programs,Gerontology,LYG,False,ENG4U (1 of grade 12 English U/M course),"[{""n"": 1, ""options"": [""ENG4U""]}]",[],,,,[],False,70,70.0,70.0,,,False
1220,Laurentian University,Online & Distance Education Programs,History (3-year Concen­tration),LXC,False,ENG4U (1 of grade 12 English U/M course),"[{""n"": 1, ""options"": [""ENG4U""]}]",[],,,,[],False,70,70.0,70.0,,,False
1221,Laurentian University,Online & Distance Education Programs,History (4-year Major),LYB,False,ENG4U (1 of grade 12 English U/M course),"[{""n"": 1, ""options"": [""ENG4U""]}]",[],,,,[],False,70,70.0,70.0,,,False
1222,Laurentian University,Online & Distance Education Programs,Indigenous Social Work (online),LXS,,,[],[],,,,[],False,,,,,,False
1223,Laurentian University,Online & Distance Education Programs,Interd­isciplinary Studies (4-year Major),LXZ,False,ENG4U (1 of grade 12 English U/M course),"[{""n"": 1, ""options"": [""ENG4U""]}]",[],,,,[],False,70,70.0,70.0,,,False
1224,Laurentian University,Online & Distance Education Programs,Interd­isciplinary Science (3-year Concen­tration),LXU,False,ENG4U (1 of grade 12 English U/M course),"[{""n"": 1, ""options"": [""ENG4U""]}]",[],,,,[],False,70,70.0,70.0,,,False
1225,Laurentian University,Online & Distance Education Programs,Psychology (3-year Concen­tration),LXI,False,ENG4U (1 of grade 12 English U/M course),"[{""n"": 1, ""options"": [""ENG4U""]}]",[],,,,[],False,70,70.0,70.0,,,False
1226,Laurentian University,Online & Distance Education Programs,Psychology (4-year Major),LXV,False,ENG4U (1 of grade 12 English U/M course),"[{""n"": 1, ""options"": [""ENG4U""]}]",[],,,,[],False,70,70.0,70.0,,,False
1227,Laurentian University,Online & Distance Education Programs,Psychology (Non-thesis option),LXE,False,ENG4U (1 of grade 12 English U/M course),"[{""n"": 1, ""options"": [""ENG4U""]}]",[],,,,[],False,70,70.0,70.0,,,False
1228,Laurentian University,Online & Distance Education Programs,Sociology (3-year Concen­tration),LXM,False,ENG4U (1 of grade 12 English U/M course),"[{""n"": 1, ""options"": [""ENG4U""]}]",[],,,,[],False,70,70.0,70.0,,,False
1229,Laurentian University,Online & Distance Education Programs (programs offered in French),Arts (double mineure - 3 ans),LXX,False,1 of FSF4U/FEF4U/FIF4U,"[{""n"": 1, ""options"": [""FSF4U"", ""FEF4U"", ""FIF4U""]}]",[],,,,[],False,70,70.0,70.0,,,False
1230,Laurentian University,Online & Distance Education Programs (programs offered in French),Études interd­isciplinaires (majeure - 4 ans),LX,False,1 of FSF4U/FEF4U/FIF4U,"[{""n"": 1, ""options"": [""FSF4U"", ""FEF4U"", ""FIF4U""]}]",[],,,,[],False,70,70.0,70.0,,,False
1231,Laurentian University,Online & Distance Education Programs (programs offered in French),Psychologie (majeure - 4 ans),LXP,False,1 of FSF4U/FEF4U/FIF4U,"[{""n"": 1, ""options"": [""FSF4U"", ""FEF4U"", ""FIF4U""]}]",[],,,,[],False,70,70.0,70.0,,,False
1232,Laurentian University,Online & Distance Education Programs (programs offered in French),Psychologie (concen­tration - 3 ans),LXL,False,1 of FSF4U/FEF4U/FIF4U,"[{""n"": 1, ""options"": [""FSF4U"", ""FEF4U"", ""FIF4U""]}]",[],,,,[],False,70,70.0,70.0,,,False
1233,Laurentian University,Online & Distance Education Programs (programs offered in French),Service social (en ligne),LXH,False,1 of FSF4U/FEF4U/FIF4U,"[{""n"": 1, ""options"": [""FSF4U"", ""FEF4U"", ""FIF4U""]}]",[],,,,[],False,70,70.0,70.0,,,False
1234,Laurentian University,Online & Distance Education Programs (programs offered in French),Sociologie (concen­tration - 3 ans),LXF,False,1 of FSF4U/FEF4U/FIF4U,"[{""n"": 1, ""options"": [""FSF4U"", ""FEF4U"", ""FIF4U""]}]",[],,,,[],False,70,70.0,70.0,,,False
1235,Laurentian University,Universite de Hearst,UHearst: Admini­stration des affaires (4 ans),LGD,False,1 of FSF4U/FEF4U/FIF4U,"[{""n"": 1, ""options"": [""FSF4U"", ""FEF4U"", ""FIF4U""]}]",[],,,,[],False,70,70.0,70.0,,,False
1236,Laurentian University,Universite de Hearst,UHearst: Arts (3 ans),LHF,False,1 of FSF4U/FEF4U/FIF4U,"[{""n"": 1, ""options"": [""FSF4U"", ""FEF4U"", ""FIF4U""]}]",[],,,,[],False,70,70.0,70.0,,,False
1237,Laurentian University,Universite de Hearst,UHearst: Arts (4 ans) - Sciences humaines et sociales interd­isciplinaires,LHX,False,1 of FSF4U/FEF4U/FIF4U,"[{""n"": 1, ""options"": [""FSF4U"", ""FEF4U"", ""FIF4U""]}]",[],,,,[],False,70,70.0,70.0,,,False
1238,Laurentian University,Universite de Hearst,UHearst: Arts (4 ans) - Psychologie,LHZ,False,1 of FSF4U/FEF4U/FIF4U,"[{""n"": 1, ""options"": [""FSF4U"", ""FEF4U"", ""FIF4U""]}]",[],,,,[],False,70,70.0,70.0,,,False
1239,Nipissing University,Bathelor of Arts,Bachelor of Arts,PA,False,ENG4U,"[{""n"": 1, ""options"": [""ENG4U""]}]",[],,,,[],False,70,70.0,70.0,,,False
1240,Nipissing University,Bathelor of Arts,Bachelor of Arts (Liberal Arts),PAL,False,ENG4U,"[{""n"": 1, ""options"": [""ENG4U""]}]",[],,,,[],False,70,70.0,70.0,,,False
1241,Nipissing University,Bathelor of Arts,Bachelor of Arts/ Bachelor of Commerce,PAB,False,ENG4U,"[{""n"": 1, ""options"": [""ENG4U""]}]",[],,,,[],False,70,70.0,70.0,,,False
1242,Nipissing University,Bathelor of Arts,Bachelor of Arts Criminal Justice,PAJ,False,ENG4U,"[{""n"": 1, ""options"": [""ENG4U""]}]",[],,,,[],False,70,70.0,70.0,,,False
1243,Nipissing University,Bathelor of Arts,Bachelor of Arts in History with Orientation to a Master of Arts in History,PAH,False,ENG4U,"[{""n"": 1, ""options"": [""ENG4U""]}]",[],,,,[],False,80,80.0,80.0,,,False
1244,Nipissing University,Bathelor of Arts,Bachelor of Arts in Social Welfare and Social Development/​Social Service Worker Diploma,PAC,False,ENG4U,"[{""n"": 1, ""options"": [""ENG4U""]}]",[],,,,[],False,70,70.0,70.0,,,False
1245,Nipissing University,Bachelor of Fine Arts,Bachelor of Fine Arts,PFA,False,ENG4U,"[{""n"": 1, ""options"": [""ENG4U""]}]",[],,,,[],False,70,70.0,70.0,,,False
1246,Nipissing University,Bachelor of Business Administration,Bachelor of Business Administration,PBA,False,"ENG4U, 2 of MHF4U/MCV4U/MDM4U","[{""n"": 1, ""options"": [""ENG4U""]}, {""n"": 2, ""options"": [""MHF4U"", ""MCV4U"", ""MDM4U""]}]",[],,,,[],False,70,70.0,70.0,,,False
1247,Nipissing University,Bachelor of Commerce,"Bachelor of Commerce - 4 year (Full-Time, Distance Only)",PCO,False,ENG4U,"[{""n"": 1, ""options"": [""ENG4U""]}]",[],,,,[],False,70,70.0,70.0,,,False
1248,Nipissing University,Bachelor of Commerce (College Partnership Program),Bachelor of Commerce - 4 Year (College Partnership Program - Algonquin College),PCA,False,ENG4U,"[{""n"": 1, ""options"": [""ENG4U""]}]",[],,,,[],False,70,70.0,70.0,,,False
1249,Nipissing University,Bachelor of Commerce (College Partnership Program),Bachelor of Commerce - 4 year (College Partnership Program - Centennial College - Progress Campus),PCB,False,ENG4U,"[{""n"": 1, ""options"": [""ENG4U""]}]",[],,,,[],False,70,70.0,70.0,,,False
1250,Nipissing University,Bachelor of Commerce (College Partnership Program),Bachelor of Commerce - 4 year (College Partnership Program - Lambton College),PCL,False,ENG4U,"[{""n"": 1, ""options"": [""ENG4U""]}]",[],,,,[],False,70,70.0,70.0,,,False
1251,Nipissing University,Bachelor of Commerce (College Partnership Program),Bachelor of Commerce - 4 year (College Partnership Program - St. Clair College),PCW,False,ENG4U,"[{""n"": 1, ""options"": [""ENG4U""]}]",[],,,,[],False,70,70.0,70.0,,,False
1252,Nipissing University,Bachelor of Physical and Health Education,Bachelor of Physical and Health Education,PPE,False,"ENG4U, 1 of SBI4U/PSK4U","[{""n"": 1, ""options"": [""ENG4U""]}, {""n"": 1, ""options"": [""SBI4U"", ""PSK4U""]}]",[],,,,[],False,70,70.0,70.0,,,False
1253,Nipissing University,Bachelor of Science,Bachelor of Science,PS,False,six 4U/4M courses,"[{""n"": 6, ""options"": [], ""any_senior"": true}]",[],,,,[],False,70,70.0,70.0,,,False
1254,Nipissing University,Bachelor of Science (Liberal Science),Bachelor of Science (Liberal Science),PLB,False,"ENG4U, 2 of SCH4U/MHF4U/MCV4U/MDM4U/SPH4U","[{""n"": 1, ""options"": [""ENG4U""]}, {""n"": 2, ""options"": [""SCH4U"", ""MHF4U"", ""MCV4U"", ""MDM4U"", ""SPH4U""]}]",[],,,,[],False,70,70.0,70.0,,,False
1255,Nipissing University,Bachelor of Science (Liberal Science),Bachelor of Science/​Bachelor of Commerce,PSS,False,six 4U/4M courses,"[{""n"": 6, ""options"": [], ""any_senior"": true}]",[],,,,[],False,70,70.0,70.0,,,False
1256,Nipissing University,Bachelor of Science in Nursing,Bachelor of Science in Nursing,PSN,False,"ENG4U, SBI4U, SCH4U","[{""n"": 1, ""options"": [""ENG4U""]}, {""n"": 1, ""options"": [""SBI4U""]}, {""n"": 1, ""options"": [""SCH4U""]}]",[],,,,[],False,70 (recently 82-88),70.0,70.0,,,True
1257,Nipissing University,Bachelor of Social Work,Bachelor of Social Work (Year 1 and 2 only),PSW,False,ENG4U,"[{""n"": 1, ""options"": [""ENG4U""]}]",[],min 70 in ENG4U,,,"[{""course"": ""ENG4U"", ""min"": 70.0}]",True,70,70.0,70.0,,,False
1258,Nipissing University,Concurrent Bachelor of Arts/Bachelor of Education,Concurrent Bachelor of Arts/​Bachelor of Education - Primary/​Junior,PE,False,"ENG4U, 1 of MHF4U/MCV4U/MDM4U","[{""n"": 1, ""options"": [""ENG4U""]}, {""n"": 1, ""options"": [""MHF4U"", ""MCV4U"", ""MDM4U""]}]",[],min 70 in ENG5U,,,"[{""course"": ""ENG5U"", ""min"": 70.0}]",True,70,70.0,70.0,,,False
1259,Nipissing University,Concurrent Bachelor of Arts/Bachelor of Education,Concurrent Bachelor of Arts Criminal Justice/​Bachelor of Education - Primary/​Junior,PED,False,"ENG4U, 1 of MHF4U/MCV4U/MDM4U","[{""n"": 1, ""options"": [""ENG4U""]}, {""n"": 1, ""options"": [""MHF4U"", ""MCV4U"", ""MDM4U""]}]",[],min 70 in ENG5U,,,"[{""course"": ""ENG5U"", ""min"": 70.0}]",True,70,70.0,70.0,,,False
1260,Nipissing University,Concurrent Bachelor of Fine Arts/Bachelor of Education,Concurrent Bachelor of Fine Arts/​Bachelor of Education - Primary/​Junior,PEH,False,"ENG4U, 1 of MHF4U/MCV4U/MDM4U","[{""n"": 1, ""options"": [""ENG4U""]}, {""n"": 1, ""options"": [""MHF4U"", ""MCV4U"", ""MDM4U""]}]",[],min 70 in ENG5U,,,"[{""course"": ""ENG5U"", ""min"": 70.0}]",True,70,70.0,70.0,,,False
1261,Nipissing University,Concurrent Bachelor of Business Administration/Bachelor of Education,Concurrent Bachelor of Business Admini­stration/​Bachelor of Education - Primary/​Junior,PEL,False,"ENG4U, 1 of MHF4U/MCV4U/MDM4U","[{""n"": 1, ""options"": [""ENG4U""]}, {""n"": 1, ""options"": [""MHF4U"", ""MCV4U"", ""MDM4U""]}]",[],min 70 in ENG5U,,,"[{""course"": ""ENG5U"", ""min"": 70.0}]",True,70,70.0,70.0,,,False
1262,Nipissing University,Concurrent Bachelor of Physical and Health Education/Bachelor of Education,Concurrent Bachelor of Physical and Health Education/​Bachelor of Education - Primary/​Junior,PEO,False,"ENG4U, 1 of MHF4U/MCV4U/MDM4U","[{""n"": 1, ""options"": [""ENG4U""]}, {""n"": 1, ""options"": [""MHF4U"", ""MCV4U"", ""MDM4U""]}]",[],min 70 in ENG5U,,,"[{""course"": ""ENG5U"", ""min"": 70.0}]",True,70,70.0,70.0,,,False
1263,Nipissing University,Concurrent Bachelor of Science/Bachelor of Education,Concurrent Bachelor of Science/​Bachelor of Education - Primary/​Junior,PES,False,"ENG4U, 1 of MHF4U/MCV4U/MDM4U","[{""n"": 1, ""options"": [""ENG4U""]}, {""n"": 1, ""options"": [""MHF4U"", ""MCV4U"", ""MDM4U""]}]",[],min 70 in ENG5U,,,"[{""course"": ""ENG5U"", ""min"": 70.0}]",True,70,70.0,70.0,,,False
1264,Ontario Tech University,Faculty of Business and Information Technology,Business - Accounting (BCom),DBG,False,"ENG4U, 1 of MHF4U/MCV4U/MDM4U","[{""n"": 1, ""options"": [""ENG4U""]}, {""n"": 1, ""options"": [""MHF4U"", ""MCV4U"", ""MDM4U""]}]",[],"60 in ENG4U, MHF4U/MCV4U/MDM4U",,,"[{""course"": ""ENG4U"", ""min"": 60.0}]",True,low 70s,70.0,73.0,,,False
1265,Ontario Tech University,Faculty of Business and Information Technology,Business - Accounting (BCom) (Co-op),DCG,False,"ENG4U, 1 of MHF4U/MCV4U/MDM4U","[{""n"": 1, ""options"": [""ENG4U""]}, {""n"": 1, ""options"": [""MHF4U"", ""MCV4U"", ""MDM4U""]}]",[],"60 in ENG4U, MHF4U/MCV4U/MDM4U",,,"[{""course"": ""ENG4U"", ""min"": 60.0}]",True,low 70s,70.0,73.0,,,False
1266,Ontario Tech University,Faculty of Business and Information Technology,Business - Commerce (BCom),DBC,False,"ENG4U, 1 of MHF4U/MCV4U/MDM4U","[{""n"": 1, ""options"": [""ENG4U""]}, {""n"": 1, ""options"": [""MHF4U"", ""MCV4U"", ""MDM4U""]}]",[],"60 in ENG4U, MHF4U/MCV4U/MDM4U",,,"[{""course"": ""ENG4U"", ""min"": 60.0}]",True,low 70s,70.0,73.0,,,False
1267,Ontario Tech University,Faculty of Business and Information Technology,Business - Commerce (BCom) (Co-op),DCC,False,"ENG4U, 1 of MHF4U/MCV4U/MDM4U","[{""n"": 1, ""options"": [""ENG4U""]}, {""n"": 1, ""options"": [""MHF4U"", ""MCV4U"", ""MDM4U""]}]",[],"60 in ENG4U, MHF4U/MCV4U/MDM4U",,,"[{""course"": ""ENG4U"", ""min"": 60.0}]",True,low 70s,70.0,73.0,,,False
1268,Ontario Tech University,Faculty of Business and Information Technology,Business - Entrep­reneurship (BCom),DBE,False,"ENG4U, 1 of MHF4U/MCV4U/MDM4U","[{""n"": 1, ""options"": [""ENG4U""]}, {""n"": 1, ""options"": [""MHF4U"", ""MCV4U"", ""MDM4U""]}]",[],"60 in ENG4U, MHF4U/MCV4U/MDM4U",,,"[{""course"": ""ENG4U"", ""min"": 60.0}]",True,low 70s,70.0,73.0,,,False
1269,Ontario Tech University,Faculty of Business and Information Technology,Business - Entrep­reneurship (BCom) (Co-op),DCZ,False,"ENG4U, 1 of MHF4U/MCV4U/MDM4U","[{""n"": 1, ""options"": [""ENG4U""]}, {""n"": 1, ""options"": [""MHF4U"", ""MCV4U"", ""MDM4U""]}]",[],"60 in ENG4U, MHF4U/MCV4U/MDM4U",,,"[{""course"": ""ENG4U"", ""min"": 60.0}]",True,low 70s,70.0,73.0,,,False
1270,Ontario Tech University,Faculty of Business and Information Technology,Business - Finance (BCom),DBF,False,"ENG4U, 1 of MHF4U/MCV4U/MDM4U","[{""n"": 1, ""options"": [""ENG4U""]}, {""n"": 1, ""options"": [""MHF4U"", ""MCV4U"", ""MDM4U""]}]",[],"60 in ENG4U, MHF4U/MCV4U/MDM4U",,,"[{""course"": ""ENG4U"", ""min"": 60.0}]",True,low 70s,70.0,73.0,,,False
1271,Ontario Tech University,Faculty of Business and Information Technology,Business - Finance (BCom) (Co-op),DCF,False,"ENG4U, 1 of MHF4U/MCV4U/MDM4U","[{""n"": 1, ""options"": [""ENG4U""]}, {""n"": 1, ""options"": [""MHF4U"", ""MCV4U"", ""MDM4U""]}]",[],"60 in ENG4U, MHF4U/MCV4U/MDM4U",,,"[{""course"": ""ENG4U"", ""min"": 60.0}]",True,low 70s,70.0,73.0,,,False
1272,Ontario Tech University,Faculty of Business and Information Technology,Business - Marketing (BCom),DBM,False,"ENG4U, 1 of MHF4U/MCV4U/MDM4U","[{""n"": 1, ""options"": [""ENG4U""]}, {""n"": 1, ""options"": [""MHF4U"", ""MCV4U"", ""MDM4U""]}]",[],"60 in ENG4U, MHF4U/MCV4U/MDM4U",,,"[{""course"": ""ENG4U"", ""min"": 60.0}]",True,low 70s,70.0,73.0,,,False
1273,Ontario Tech University,Faculty of Business and Information Technology,Business - Marketing (BCom) (Co-op),DCM,False,"ENG4U, 1 of MHF4U/MCV4U/MDM4U","[{""n"": 1, ""options"": [""ENG4U""]}, {""n"": 1, ""options"": [""MHF4U"", ""MCV4U"", ""MDM4U""]}]",[],"60 in ENG4U, MHF4U/MCV4U/MDM4U",,,"[{""course"": ""ENG4U"", ""min"": 60.0}]",True,low 70s,70.0,73.0,,,False
1274,Ontario Tech University,Faculty of Business and Information Technology,Business - Organi­zational Behaviour and Human Resources Management (BCom),DBH,False,"ENG4U, 1 of MHF4U/MCV4U/MDM4U","[{""n"": 1, ""options"": [""ENG4U""]}, {""n"": 1, ""options"": [""MHF4U"", ""MCV4U"", ""MDM4U""]}]",[],"60 in ENG4U, MHF4U/MCV4U/MDM4U",,,"[{""course"": ""ENG4U"", ""min"": 60.0}]",True,low 70s,70.0,73.0,,,False
1275,Ontario Tech University,Faculty of Business and Information Technology,Business - Organi­zational Behaviour and Human Resources Management (BCom) (Co-op),DCH,False,"ENG4U, 1 of MHF4U/MCV4U/MDM4U","[{""n"": 1, ""options"": [""ENG4U""]}, {""n"": 1, ""options"": [""MHF4U"", ""MCV4U"", ""MDM4U""]}]",[],"60 in ENG4U, MHF4U/MCV4U/MDM4U",,,"[{""course"": ""ENG4U"", ""min"": 60.0}]",True,low 70s,70.0,73.0,,,False
1276,Ontario Tech University,Faculty of Business and Information Technology,Business - Technology Management (BCom),DBT,False,"ENG4U, 1 of MHF4U/MCV4U/MDM4U","[{""n"": 1, ""options"": [""ENG4U""]}, {""n"": 1, ""options"": [""MHF4U"", ""MCV4U"", ""MDM4U""]}]",[],"60 in ENG4U, MHF4U/MCV4U/MDM4U",,,"[{""course"": ""ENG4U"", ""min"": 60.0}]",True,low 70s,70.0,73.0,,,False
1277,Ontario Tech University,Faculty of Business and Information Technology,Business - Technology Management (BCom) (Co-op),DCT,False,"ENG4U, 1 of MHF4U/MCV4U/MDM4U","[{""n"": 1, ""options"": [""ENG4U""]}, {""n"": 1, ""options"": [""MHF4U"", ""MCV4U"", ""MDM4U""]}]",[],"60 in ENG4U, MHF4U/MCV4U/MDM4U",,,"[{""course"": ""ENG4U"", ""min"": 60.0}]",True,low 70s,70.0,73.0,,,False
1278,Ontario Tech University,Faculty of Business and Information Technology,Game Development and Interactive Media (BIT),DGD,False,"ENG4U, 1 of MHF4U/MCV4U/MDM4U, ICS4U","[{""n"": 1, ""options"": [""ENG4U""]}, {""n"": 1, ""options"": [""MHF4U"", ""MCV4U"", ""MDM4U""]}, {""n"": 1, ""options"": [""ICS4U""]}]",[],"60 in ENG4U, MHF4U/MCV4U/MDM4U, 70 in ICS4U",,,"[{""course"": ""ENG4U"", ""min"": 60.0}, {""course"": ""ICS4U"", ""min"": 70.0}]",True,mid 70s,74.0,76.0,,,False
1279,Ontario Tech University,Faculty of Business and Information Technology,Networking and Information Technology Security (BIT),DIT,False,"ENG4U, 1 of MHF4U/MCV4U/MDM4U, ICS4U","[{""n"": 1, ""options"": [""ENG4U""]}, {""n"": 1, ""options"": [""MHF4U"", ""MCV4U"", ""MDM4U""]}, {""n"": 1, ""options"": [""ICS4U""]}]",[],"60 in ENG4U, MHF4U/MCV4U/MDM4U, 70 in ICS4U",,,"[{""course"": ""ENG4U"", ""min"": 60.0}, {""course"": ""ICS4U"", ""min"": 70.0}]",True,mid 70s,74.0,76.0,,,False
1280,Ontario Tech University,Faculty of Business and Information Technology,Technology Management (BIT),DTM,False,"ENG4U, 1 of MHF4U/MCV4U/MDM4U, ICS4U","[{""n"": 1, ""options"": [""ENG4U""]}, {""n"": 1, ""options"": [""MHF4U"", ""MCV4U"", ""MDM4U""]}, {""n"": 1, ""options"": [""ICS4U""]}]",[],"60 in ENG4U, MHF4U/MCV4U/MDM4U, 70 in ICS4U",,,"[{""course"": ""ENG4U"", ""min"": 60.0}, {""course"": ""ICS4U"", ""min"": 70.0}]",True,mid 70s,74.0,76.0,,,False
1281,Ontario Tech University,The Mitch and Leslie Frazer Faculty of Education,Educational Studies (BA),DST,False,ENG4U,"[{""n"": 1, ""options"": [""ENG4U""]}]",[],,,,[],False,low 70s,70.0,73.0,,,False
1282,Ontario Tech University,The Mitch and Leslie Frazer Faculty of Education,Educational Studies - Adult Learning with Technology (BA),DEP,False,ENG4U,"[{""n"": 1, ""options"": [""ENG4U""]}]",[],,,,[],False,low 70s,70.0,73.0,,,False
1283,Ontario Tech University,The Mitch and Leslie Frazer Faculty of Education,Educational Studies - Digital Techno­logies (BA),DEK,False,ENG4U,"[{""n"": 1, ""options"": [""ENG4U""]}]",[],,,,[],False,low 70s,70.0,73.0,,,False
1284,Ontario Tech University,The Mitch and Leslie Frazer Faculty of Education,Educational Studies - Early Childhood Studies (BA),DEO,False,ENG4U,"[{""n"": 1, ""options"": [""ENG4U""]}]",[],,,,[],False,low 70s,70.0,73.0,,,False
1285,Ontario Tech University,The Mitch and Leslie Frazer Faculty of Education,"Educational Studies - Equity, Diversity and Inclusion (BA)",DEJ,False,ENG4U,"[{""n"": 1, ""options"": [""ENG4U""]}]",[],,,,[],False,low 70s,70.0,73.0,,,False
1286,Ontario Tech University,The Mitch and Leslie Frazer Faculty of Education,Educational Studies - Special Education (BA),DES,False,ENG4U,"[{""n"": 1, ""options"": [""ENG4U""]}]",[],,,,[],False,low 70s,70.0,73.0,,,False
1287,Ontario Tech University,Faculty of Engineering and Applied Science,Pre-Engineering,DEZ,False,"ENG4U, MHF4U","[{""n"": 1, ""options"": [""ENG4U""]}, {""n"": 1, ""options"": [""MHF4U""]}]",[],60 in ENG4U and MHF4U,,,"[{""course"": ""ENG4U"", ""min"": 60.0}]",True,mid 70s,74.0,76.0,,,False
1288,Ontario Tech University,Faculty of Engineering and Applied Science,Automotive Engineering (BEng/​BEngM),DEA,False,"ENG4U, MHF4U, MCV4U, SCH4U, SPH4U","[{""n"": 1, ""options"": [""ENG4U""]}, {""n"": 1, ""options"": [""MHF4U""]}, {""n"": 1, ""options"": [""MCV4U""]}, {""n"": 1, ""options"": [""SCH4U""]}, {""n"": 1, ""options"": [""SPH4U""]}]",[],"60 in ENG4U and avg 70 in MHF4U, MCV4U, SCH4U, SPH4U (no grade below 60)",,,"[{""course"": ""ENG4U"", ""min"": 60.0}, {""course"": ""MHF4U"", ""min"": 70.0}]",True,mid 70s,74.0,76.0,,,False
1289,Ontario Tech University,Faculty of Engineering and Applied Science,Automotive Engineering (BEng/​BEngM) (Co-op),DCA,False,"ENG4U, MHF4U, MCV4U, SCH4U, SPH4U","[{""n"": 1, ""options"": [""ENG4U""]}, {""n"": 1, ""options"": [""MHF4U""]}, {""n"": 1, ""options"": [""MCV4U""]}, {""n"": 1, ""options"": [""SCH4U""]}, {""n"": 1, ""options"": [""SPH4U""]}]",[],"60 in ENG4U and avg 70 in MHF4U, MCV4U, SCH4U, SPH4U (no grade below 60)",,,"[{""course"": ""ENG4U"", ""min"": 60.0}, {""course"": ""MHF4U"", ""min"": 70.0}]",True,mid 70s,74.0,76.0,,,False
1290,Ontario Tech University,Faculty of Engineering and Applied Science,Compre­hensive Engineering,DEU,False,"ENG4U, MHF4U, MCV4U, SCH4U, SPH4U","[{""n"": 1, ""options"": [""ENG4U""]}, {""n"": 1, ""options"": [""MHF4U""]}, {""n"": 1, ""options"": [""MCV4U""]}, {""n"": 1, ""options"": [""SCH4U""]}, {""n"": 1, ""options"": [""SPH4U""]}]",[],"60 in ENG4U and avg 70 in MHF4U, MCV4U, SCH4U, SPH4U (no grade below 60)",,,"[{""course"": ""ENG4U"", ""min"": 60.0}, {""course"": ""MHF4U"", ""min"": 70.0}]",True,mid 70s,74.0,76.0,,,False
1291,Ontario Tech University,Faculty of Engineering and Applied Science,Electrical Engineering (BEng/​BEngM),DEE,False,"ENG4U, MHF4U, MCV4U, SCH4U, SPH4U","[{""n"": 1, ""options"": [""ENG4U""]}, {""n"": 1, ""options"": [""MHF4U""]}, {""n"": 1, ""options"": [""MCV4U""]}, {""n"": 1, ""options"": [""SCH4U""]}, {""n"": 1, ""options"": [""SPH4U""]}]",[],"60 in ENG4U and avg 70 in MHF4U, MCV4U, SCH4U, SPH4U (no grade below 60)",,,"[{""course"": ""ENG4U"", ""min"": 60.0}, {""course"": ""MHF4U"", ""min"": 70.0}]",True,mid 70s,74.0,76.0,,,False
1292,Ontario Tech University,Faculty of Engineering and Applied Science,Electrical Engineering (BEng/​BEngM) (Co-op),DCE,False,"ENG4U, MHF4U, MCV4U, SCH4U, SPH4U","[{""n"": 1, ""options"": [""ENG4U""]}, {""n"": 1, ""options"": [""MHF4U""]}, {""n"": 1, ""options"": [""MCV4U""]}, {""n"": 1, ""options"": [""SCH4U""]}, {""n"": 1, ""options"": [""SPH4U""]}]",[],"60 in ENG4U and avg 70 in MHF4U, MCV4U, SCH4U, SPH4U (no grade below 60)",,,"[{""course"": ""ENG4U"", ""min"": 60.0}, {""course"": ""MHF4U"", ""min"": 70.0}]",True,mid 70s,74.0,76.0,,,False
1293,Ontario Tech University,Faculty of Engineering and Applied Science,Energy Engineering (BEng/​BEngM),DER,False,"ENG4U, MHF4U, MCV4U, SCH4U, SPH4U","[{""n"": 1, ""options"": [""ENG4U""]}, {""n"": 1, ""options"": [""MHF4U""]}, {""n"": 1, ""options"": [""MCV4U""]}, {""n"": 1, ""options"": [""SCH4U""]}, {""n"": 1, ""options"": [""SPH4U""]}]",[],"60 in ENG4U and avg 70 in MHF4U, MCV4U, SCH4U, SPH4U (no grade below 60)",,,"[{""course"": ""ENG4U"", ""min"": 60.0}, {""course"": ""MHF4U"", ""min"": 70.0}]",True,mid 70s,74.0,76.0,,,False
1294,Ontario Tech University,Faculty of Engineering and Applied Science,Energy Engineering (BEng/​BEngM) (Co-op),DCX,False,"ENG4U, MHF4U, MCV4U, SCH4U, SPH4U","[{""n"": 1, ""options"": [""ENG4U""]}, {""n"": 1, ""options"": [""MHF4U""]}, {""n"": 1, ""options"": [""MCV4U""]}, {""n"": 1, ""options"": [""SCH4U""]}, {""n"": 1, ""options"": [""SPH4U""]}]",[],"60 in ENG4U and avg 70 in MHF4U, MCV4U, SCH4U, SPH4U (no grade below 60)",,,"[{""course"": ""ENG4U"", ""min"": 60.0}, {""course"": ""MHF4U"", ""min"": 70.0}]",True,mid 70s,74.0,76.0,,,False
1295,Ontario Tech University,Faculty of Engineering and Applied Science,Industrial Engineering (BEng/​BEngM),DEI,False,"ENG4U, MHF4U, MCV4U, SCH4U, SPH4U","[{""n"": 1, ""options"": [""ENG4U""]}, {""n"": 1, ""options"": [""MHF4U""]}, {""n"": 1, ""options"": [""MCV4U""]}, {""n"": 1, ""options"": [""SCH4U""]}, {""n"": 1, ""options"": [""SPH4U""]}]",[],"60 in ENG4U and avg 70 in MHF4U, MCV4U, SCH4U, SPH4U (no grade below 60)",,,"[{""course"": ""ENG4U"", ""min"": 60.0}, {""course"": ""MHF4U"", ""min"": 70.0}]",True,mid 70s,74.0,76.0,,,False
1296,Ontario Tech University,Faculty of Engineering and Applied Science,Industrial Engineering (BEng/​BEngM) (Co-op),DCR,False,"ENG4U, MHF4U, MCV4U, SCH4U, SPH4U","[{""n"": 1, ""options"": [""ENG4U""]}, {""n"": 1, ""options"": [""MHF4U""]}, {""n"": 1, ""options"": [""MCV4U""]}, {""n"": 1, ""options"": [""SCH4U""]}, {""n"": 1, ""options"": [""SPH4U""]}]",[],"60 in ENG4U and avg 70 in MHF4U, MCV4U, SCH4U, SPH4U (no grade below 60)",,,"[{""course"": ""ENG4U"", ""min"": 60.0}, {""course"": ""MHF4U"", ""min"": 70.0}]",True,mid 70s,74.0,76.0,,,False
1297,Ontario Tech University,Faculty of Engineering and Applied Science,Manufa­cturing Engineering (BEng/​BEngM),DEM,False,"ENG4U, MHF4U, MCV4U, SCH4U, SPH4U","[{""n"": 1, ""options"": [""ENG4U""]}, {""n"": 1, ""options"": [""MHF4U""]}, {""n"": 1, ""options"": [""MCV4U""]}, {""n"": 1, ""options"": [""SCH4U""]}, {""n"": 1, ""options"": [""SPH4U""]}]",[],"60 in ENG4U and avg 70 in MHF4U, MCV4U, SCH4U, SPH4U (no grade below 60)",,,"[{""course"": ""ENG4U"", ""min"": 60.0}, {""course"": ""MHF4U"", ""min"": 70.0}]",True,mid 70s,74.0,76.0,,,False
1298,Ontario Tech University,Faculty of Engineering and Applied Science,Manufa­cturing Engineering (BEng/​BEngM) (Co-op),DCU,False,"ENG4U, MHF4U, MCV4U, SCH4U, SPH4U","[{""n"": 1, ""options"": [""ENG4U""]}, {""n"": 1, ""options"": [""MHF4U""]}, {""n"": 1, ""options"": [""MCV4U""]}, {""n"": 1, ""options"": [""SCH4U""]}, {""n"": 1, ""options"": [""SPH4U""]}]",[],"60 in ENG4U and avg 70 in MHF4U, MCV4U, SCH4U, SPH4U (no grade below 60)",,,"[{""course"": ""ENG4U"", ""min"": 60.0}, {""course"": ""MHF4U"", ""min"": 70.0}]",True,mid 70s,74.0,76.0,,,False
1299,Ontario Tech University,Faculty of Engineering and Applied Science,Mechanical Engineering (BEng/​BEngM),DEC,False,"ENG4U, MHF4U, MCV4U, SCH4U, SPH4U","[{""n"": 1, ""options"": [""ENG4U""]}, {""n"": 1, ""options"": [""MHF4U""]}, {""n"": 1, ""options"": [""MCV4U""]}, {""n"": 1, ""options"": [""SCH4U""]}, {""n"": 1, ""options"": [""SPH4U""]}]",[],"60 in ENG4U and avg 70 in MHF4U, MCV4U, SCH4U, SPH4U (no grade below 60)",,,"[{""course"": ""ENG4U"", ""min"": 60.0}, {""course"": ""MHF4U"", ""min"": 70.0}]",True,mid 70s,74.0,76.0,,,False
1300,Ontario Tech University,Faculty of Engineering and Applied Science,Mechanical Engineering (BEng/​BEngM) (Co-op),DCN,False,"ENG4U, MHF4U, MCV4U, SCH4U, SPH4U","[{""n"": 1, ""options"": [""ENG4U""]}, {""n"": 1, ""options"": [""MHF4U""]}, {""n"": 1, ""options"": [""MCV4U""]}, {""n"": 1, ""options"": [""SCH4U""]}, {""n"": 1, ""options"": [""SPH4U""]}]",[],"60 in ENG4U and avg 70 in MHF4U, MCV4U, SCH4U, SPH4U (no grade below 60)",,,"[{""course"": ""ENG4U"", ""min"": 60.0}, {""course"": ""MHF4U"", ""min"": 70.0}]",True,mid 70s,74.0,76.0,,,False
1301,Ontario Tech University,Faculty of Engineering and Applied Science,Mechat­ronics Engineering (BEng/​BEngM),DEH,False,"ENG4U, MHF4U, MCV4U, SCH4U, SPH4U","[{""n"": 1, ""options"": [""ENG4U""]}, {""n"": 1, ""options"": [""MHF4U""]}, {""n"": 1, ""options"": [""MCV4U""]}, {""n"": 1, ""options"": [""SCH4U""]}, {""n"": 1, ""options"": [""SPH4U""]}]",[],"60 in ENG4U and avg 70 in MHF4U, MCV4U, SCH4U, SPH4U (no grade below 60)",,,"[{""course"": ""ENG4U"", ""min"": 60.0}, {""course"": ""MHF4U"", ""min"": 70.0}]",True,high 70s,77.0,79.0,,,False
1302,Ontario Tech University,Faculty of Engineering and Applied Science,Mechat­ronics Engineering (BEng/​BEngM) (Co-op),DCO,False,"ENG4U, MHF4U, MCV4U, SCH4U, SPH4U","[{""n"": 1, ""options"": [""ENG4U""]}, {""n"": 1, ""options"": [""MHF4U""]}, {""n"": 1, ""options"": [""MCV4U""]}, {""n"": 1, ""options"": [""SCH4U""]}, {""n"": 1, ""options"": [""SPH4U""]}]",[],"60 in ENG4U and avg 70 in MHF4U, MCV4U, SCH4U, SPH4U (no grade below 60)",,,"[{""course"": ""ENG4U"", ""min"": 60.0}, {""course"": ""MHF4U"", ""min"": 70.0}]",True,high 70s,77.0,79.0,,,False
1303,Ontario Tech University,Faculty of Engineering and Applied Science,Nuclear Engineering (BEng/​BEngM),DEN,False,"ENG4U, MHF4U, MCV4U, SCH4U, SPH4U","[{""n"": 1, ""options"": [""ENG4U""]}, {""n"": 1, ""options"": [""MHF4U""]}, {""n"": 1, ""options"": [""MCV4U""]}, {""n"": 1, ""options"": [""SCH4U""]}, {""n"": 1, ""options"": [""SPH4U""]}]",[],"60 in ENG4U and avg 70 in MHF4U, MCV4U, SCH4U, SPH4U (no grade below 60)",,,"[{""course"": ""ENG4U"", ""min"": 60.0}, {""course"": ""MHF4U"", ""min"": 70.0}]",True,low 70s,70.0,73.0,,,False
1304,Ontario Tech University,Faculty of Engineering and Applied Science,Nuclear Engineering (BEng/​BEngM) (Co-op),DNC,False,"ENG4U, MHF4U, MCV4U, SCH4U, SPH4U","[{""n"": 1, ""options"": [""ENG4U""]}, {""n"": 1, ""options"": [""MHF4U""]}, {""n"": 1, ""options"": [""MCV4U""]}, {""n"": 1, ""options"": [""SCH4U""]}, {""n"": 1, ""options"": [""SPH4U""]}]",[],"60 in ENG4U and avg 70 in MHF4U, MCV4U, SCH4U, SPH4U (no grade below 60)",,,"[{""course"": ""ENG4U"", ""min"": 60.0}, {""course"": ""MHF4U"", ""min"": 70.0}]",True,low 70s,70.0,73.0,,,False
1305,Ontario Tech University,Faculty of Engineering and Applied Science,Bruce Power Women in Nuclear Engineering Internship Program (BEng/​BEngM) (Co-op),DNW,False,"ENG4U, MHF4U, MCV4U, SCH4U, SPH4U","[{""n"": 1, ""options"": [""ENG4U""]}, {""n"": 1, ""options"": [""MHF4U""]}, {""n"": 1, ""options"": [""MCV4U""]}, {""n"": 1, ""options"": [""SCH4U""]}, {""n"": 1, ""options"": [""SPH4U""]}]",[],"60 in ENG4U and avg 70 in MHF4U, MCV4U, SCH4U, SPH4U (no grade below 60)",,,"[{""course"": ""ENG4U"", ""min"": 60.0}, {""course"": ""MHF4U"", ""min"": 70.0}]",True,mid 70s,74.0,76.0,,,False
1306,Ontario Tech University,Faculty of Engineering and Applied Science,Software Engineering (BEng/​BEngM),DEW,False,"ENG4U, MHF4U, MCV4U, SCH4U, SPH4U","[{""n"": 1, ""options"": [""ENG4U""]}, {""n"": 1, ""options"": [""MHF4U""]}, {""n"": 1, ""options"": [""MCV4U""]}, {""n"": 1, ""options"": [""SCH4U""]}, {""n"": 1, ""options"": [""SPH4U""]}]",[],"60 in ENG4U and avg 70 in MHF4U, MCV4U, SCH4U, SPH4U (no grade below 60)",,,"[{""course"": ""ENG4U"", ""min"": 60.0}, {""course"": ""MHF4U"", ""min"": 70.0}]",True,mid 70s,74.0,76.0,,,False
1307,Ontario Tech University,Faculty of Engineering and Applied Science,Software Engineering (BEng/​BEngM) (Co-op),DCW,False,"ENG4U, MHF4U, MCV4U, SCH4U, SPH4U","[{""n"": 1, ""options"": [""ENG4U""]}, {""n"": 1, ""options"": [""MHF4U""]}, {""n"": 1, ""options"": [""MCV4U""]}, {""n"": 1, ""options"": [""SCH4U""]}, {""n"": 1, ""options"": [""SPH4U""]}]",[],"60 in ENG4U and avg 70 in MHF4U, MCV4U, SCH4U, SPH4U (no grade below 60)",,,"[{""course"": ""ENG4U"", ""min"": 60.0}, {""course"": ""MHF4U"", ""min"": 70.0}]",True,mid 70s,74.0,76.0,,,False
1308,Ontario Tech University,Faculty of Health Sciences and Medicine,Health Admini­stration (BHA),DHD,False,"ENG4U, 1 of MHF4U/MCV4U/MDM4U","[{""n"": 1, ""options"": [""ENG4U""]}, {""n"": 1, ""options"": [""MHF4U"", ""MCV4U"", ""MDM4U""]}]",[],60 in ENG4U,,,"[{""course"": ""ENG4U"", ""min"": 60.0}]",True,mid 70s,74.0,76.0,,,False
1309,Ontario Tech University,Faculty of Health Sciences and Medicine,Health Sciences (BHSc),DHS,False,"ENG4U, 1 of MHF4U/MCV4U/MDM4U, SBI4U","[{""n"": 1, ""options"": [""ENG4U""]}, {""n"": 1, ""options"": [""MHF4U"", ""MCV4U"", ""MDM4U""]}, {""n"": 1, ""options"": [""SBI4U""]}]",[],60 in ENG4U,,,"[{""course"": ""ENG4U"", ""min"": 60.0}]",True,mid 70s,74.0,76.0,,,False
1310,Ontario Tech University,Faculty of Health Sciences and Medicine,Human Health Science (BHSc),DHH,False,"ENG4U, 1 of MHF4U/MCV4U/MDM4U, SBI4U","[{""n"": 1, ""options"": [""ENG4U""]}, {""n"": 1, ""options"": [""MHF4U"", ""MCV4U"", ""MDM4U""]}, {""n"": 1, ""options"": [""SBI4U""]}]",[],60 in ENG4U,,,"[{""course"": ""ENG4U"", ""min"": 60.0}]",True,mid 70s,74.0,76.0,,,False
1311,Ontario Tech University,Faculty of Health Sciences and Medicine,Kinesiology (BHSc),DKN,False,"ENG4U, 1 of MHF4U/MCV4U/MDM4U, SBI4U","[{""n"": 1, ""options"": [""ENG4U""]}, {""n"": 1, ""options"": [""MHF4U"", ""MCV4U"", ""MDM4U""]}, {""n"": 1, ""options"": [""SBI4U""]}]",[],60 in ENG4U,,,"[{""course"": ""ENG4U"", ""min"": 60.0}]",True,mid 70s,74.0,76.0,,,False
1312,Ontario Tech University,Faculty of Health Sciences and Medicine,Nursing (BScN),DHN,False,"ENG4U, 1 of MHF4U/MCV4U/MDM4U, SBI4U","[{""n"": 1, ""options"": [""ENG4U""]}, {""n"": 1, ""options"": [""MHF4U"", ""MCV4U"", ""MDM4U""]}, {""n"": 1, ""options"": [""SBI4U""]}]",[],"60 in ENG4U, min 65 in MHF4U/MCV4U/MDM4U",,,"[{""course"": ""ENG4U"", ""min"": 60.0}, {""course"": ""MHF4U"", ""min"": 65.0}, {""course"": ""MCV4U"", ""min"": 65.0}, {""course"": ""MDM4U"", ""min"": 65.0}]",True,mid to high 80s,84.0,89.0,,,False
1313,Ontario Tech University,Faculty of Health Sciences and Medicine,Public Health (BHSc),DHU,False,"ENG4U, 1 of MHF4U/MCV4U/MDM4U, SBI4U","[{""n"": 1, ""options"": [""ENG4U""]}, {""n"": 1, ""options"": [""MHF4U"", ""MCV4U"", ""MDM4U""]}, {""n"": 1, ""options"": [""SBI4U""]}]",[],60 in ENG4U,,,"[{""course"": ""ENG4U"", ""min"": 60.0}]",True,mid 70s,74.0,76.0,,,False
1314,Ontario Tech University,Faculty of Science,Applied Biotec­hnology (BSc/​BScM),DSF,False,"ENG4U, MHF4U, 2 of SBI4U/MCV4U/SCH4U/SPH4U","[{""n"": 1, ""options"": [""ENG4U""]}, {""n"": 1, ""options"": [""MHF4U""]}, {""n"": 2, ""options"": [""SBI4U"", ""MCV4U"", ""SCH4U"", ""SPH4U""]}]",[],combined min 70 avg in MHF4U and 2 of SBI4U/MCV4U/SCH4U/SPH4U,70.0,,[],True,low 70s,70.0,73.0,,,False
1315,Ontario Tech University,Faculty of Science,Applied Biotec­hnology (BSc/​BScM) (Co-op),DBN,False,"ENG4U, MHF4U, 2 of SBI4U/MCV4U/SCH4U/SPH4U","[{""n"": 1, ""options"": [""ENG4U""]}, {""n"": 1, ""options"": [""MHF4U""]}, {""n"": 2, ""options"": [""SBI4U"", ""MCV4U"", ""SCH4U"", ""SPH4U""]}]",[],combined min 70 avg in MHF4U and 2 of SBI4U/MCV4U/SCH4U/SPH4U,70.0,,[],True,low 70s,70.0,73.0,,,False
1316,Ontario Tech University,Faculty of Science,Astrop­hysics (BSc/​BScM),DTA,False,"ENG4U, MHF4U, 2 of SBI4U/MCV4U/SCH4U/SPH4U","[{""n"": 1, ""options"": [""ENG4U""]}, {""n"": 1, ""options"": [""MHF4U""]}, {""n"": 2, ""options"": [""SBI4U"", ""MCV4U"", ""SCH4U"", ""SPH4U""]}]",[],combined min 70 avg in MHF4U and 2 of SBI4U/MCV4U/SCH4U/SPH4U,70.0,,[],True,low 70s,70.0,73.0,,,False
1317,Ontario Tech University,Faculty of Science,Astrop­hysics (BSc/​BScM) (Co-op),DTC,False,"ENG4U, MHF4U, 2 of SBI4U/MCV4U/SCH4U/SPH4U","[{""n"": 1, ""options"": [""ENG4U""]}, {""n"": 1, ""options"": [""MHF4U""]}, {""n"": 2, ""options"": [""SBI4U"", ""MCV4U"", ""SCH4U"", ""SPH4U""]}]",[],combined min 70 avg in MHF4U and 2 of SBI4U/MCV4U/SCH4U/SPH4U,70.0,,[],True,low 70s,70.0,73.0,,,False
1318,Ontario Tech University,Faculty of Science,Biological Science (BSc/​BScM),DSB,False,"ENG4U, MHF4U, 2 of SBI4U/MCV4U/SCH4U/SPH4U","[{""n"": 1, ""options"": [""ENG4U""]}, {""n"": 1, ""options"": [""MHF4U""]}, {""n"": 2, ""options"": [""SBI4U"", ""MCV4U"", ""SCH4U"", ""SPH4U""]}]",[],combined min 70 avg in MHF4U and 2 of SBI4U/MCV4U/SCH4U/SPH4U,70.0,,[],True,low 70s,70.0,73.0,,,False
1319,Ontario Tech University,Faculty of Science,Biological Science (BSc/​BScM) (Co-op),DCB,False,"ENG4U, MHF4U, 2 of SBI4U/MCV4U/SCH4U/SPH4U","[{""n"": 1, ""options"": [""ENG4U""]}, {""n"": 1, ""options"": [""MHF4U""]}, {""n"": 2, ""options"": [""SBI4U"", ""MCV4U"", ""SCH4U"", ""SPH4U""]}]",[],combined min 70 avg in MHF4U and 2 of SBI4U/MCV4U/SCH4U/SPH4U,70.0,,[],True,low 70s,70.0,73.0,,,False
1320,Ontario Tech University,Faculty of Science,Biomedical Science (BSc/​BScM),DSU,False,"ENG4U, MHF4U, 2 of SBI4U/MCV4U/SCH4U/SPH4U","[{""n"": 1, ""options"": [""ENG4U""]}, {""n"": 1, ""options"": [""MHF4U""]}, {""n"": 2, ""options"": [""SBI4U"", ""MCV4U"", ""SCH4U"", ""SPH4U""]}]",[],combined min 70 avg in MHF4U and 2 of SBI4U/MCV4U/SCH4U/SPH4U,70.0,,[],True,low 70s,70.0,73.0,,,False
1321,Ontario Tech University,Faculty of Science,Biomedical Science (BSc/​BScM) (Co-op),DUC,False,"ENG4U, MHF4U, 2 of SBI4U/MCV4U/SCH4U/SPH4U","[{""n"": 1, ""options"": [""ENG4U""]}, {""n"": 1, ""options"": [""MHF4U""]}, {""n"": 2, ""options"": [""SBI4U"", ""MCV4U"", ""SCH4U"", ""SPH4U""]}]",[],combined min 70 avg in MHF4U and 2 of SBI4U/MCV4U/SCH4U/SPH4U,70.0,,[],True,low 70s,70.0,73.0,,,False
1322,Ontario Tech University,Faculty of Science,Chemical Biology (BSc/​BScM),DSH,False,"ENG4U, MHF4U, 2 of SBI4U/MCV4U/SCH4U/SPH4U","[{""n"": 1, ""options"": [""ENG4U""]}, {""n"": 1, ""options"": [""MHF4U""]}, {""n"": 2, ""options"": [""SBI4U"", ""MCV4U"", ""SCH4U"", ""SPH4U""]}]",[],combined min 70 avg in MHF4U and 2 of SBI4U/MCV4U/SCH4U/SPH4U,70.0,,[],True,low 70s,70.0,73.0,,,False
1323,Ontario Tech University,Faculty of Science,Chemical Biology (BSc/​BScM) (Co-op),DHC,False,"ENG4U, MHF4U, 2 of SBI4U/MCV4U/SCH4U/SPH4U","[{""n"": 1, ""options"": [""ENG4U""]}, {""n"": 1, ""options"": [""MHF4U""]}, {""n"": 2, ""options"": [""SBI4U"", ""MCV4U"", ""SCH4U"", ""SPH4U""]}]",[],combined min 70 avg in MHF4U and 2 of SBI4U/MCV4U/SCH4U/SPH4U,70.0,,[],True,low 70s,70.0,73.0,,,False
1324,Ontario Tech University,Faculty of Science,Chemistry (BSc/​BScM),DSY,False,"ENG4U, MHF4U, 2 of SBI4U/MCV4U/SCH4U/SPH4U","[{""n"": 1, ""options"": [""ENG4U""]}, {""n"": 1, ""options"": [""MHF4U""]}, {""n"": 2, ""options"": [""SBI4U"", ""MCV4U"", ""SCH4U"", ""SPH4U""]}]",[],combined min 70 avg in MHF4U and 2 of SBI4U/MCV4U/SCH4U/SPH4U,70.0,,[],True,low 70s,70.0,73.0,,,False
1325,Ontario Tech University,Faculty of Science,Chemistry (BSc/​BScM) (Co-op),DCY,False,"ENG4U, MHF4U, 2 of SBI4U/MCV4U/SCH4U/SPH4U","[{""n"": 1, ""options"": [""ENG4U""]}, {""n"": 1, ""options"": [""MHF4U""]}, {""n"": 2, ""options"": [""SBI4U"", ""MCV4U"", ""SCH4U"", ""SPH4U""]}]",[],combined min 70 avg in MHF4U and 2 of SBI4U/MCV4U/SCH4U/SPH4U,70.0,,[],True,low 70s,70.0,73.0,,,False
1326,Ontario Tech University,Faculty of Science,Computer Science (BSc/​BScM),DSD,False,"ENG4U, MHF4U, 1 of MCV4U/SPH4U/ICS4U","[{""n"": 1, ""options"": [""ENG4U""]}, {""n"": 1, ""options"": [""MHF4U""]}, {""n"": 1, ""options"": [""MCV4U"", ""SPH4U"", ""ICS4U""]}]",[],combined min 70 avg in MHF4U and 1 of MCV4U/SPH4U/ICS4U,70.0,,[],True,73,73.0,73.0,,,False
1327,Ontario Tech University,Faculty of Science,Computer Science (BSc/​BScM) (Co-op),DCD,False,"ENG4U, MHF4U, 1 of MCV4U/SPH4U/ICS4U","[{""n"": 1, ""options"": [""ENG4U""]}, {""n"": 1, ""options"": [""MHF4U""]}, {""n"": 1, ""options"": [""MCV4U"", ""SPH4U"", ""ICS4U""]}]",[],combined min 70 avg in MHF4U and 1 of MCV4U/SPH4U/ICS4U,70.0,,[],True,73,73.0,73.0,,,False
1328,Ontario Tech University,Faculty of Science,Data Science (BSc/​BScM),DSM,False,"ENG4U, MHF4U, 1 of MCV4U/SPH4U/ICS4U","[{""n"": 1, ""options"": [""ENG4U""]}, {""n"": 1, ""options"": [""MHF4U""]}, {""n"": 1, ""options"": [""MCV4U"", ""SPH4U"", ""ICS4U""]}]",[],combined min 70 avg in MHF4U and 1 of MCV4U/SPH4U/ICS4U,70.0,,[],True,73,73.0,73.0,,,False
1329,Ontario Tech University,Faculty of Science,Data Science (BSc/​BScM) (Co-op),DMO,False,"ENG4U, MHF4U, 1 of MCV4U/SPH4U/ICS4U","[{""n"": 1, ""options"": [""ENG4U""]}, {""n"": 1, ""options"": [""MHF4U""]}, {""n"": 1, ""options"": [""MCV4U"", ""SPH4U"", ""ICS4U""]}]",[],combined min 70 avg in MHF4U and 1 of MCV4U/SPH4U/ICS4U,70.0,,[],True,73,73.0,73.0,,,False
1330,Ontario Tech University,Faculty of Science,Digital Media (BSc/​BScM),DSO,False,"ENG4U, MHF4U, 1 of MCV4U/SPH4U/ICS4U","[{""n"": 1, ""options"": [""ENG4U""]}, {""n"": 1, ""options"": [""MHF4U""]}, {""n"": 1, ""options"": [""MCV4U"", ""SPH4U"", ""ICS4U""]}]",[],combined min 70 avg in MHF4U and 1 of MCV4U/SPH4U/ICS4U,70.0,,[],True,73,73.0,73.0,,,False
1331,Ontario Tech University,Faculty of Science,Digital Media (Bsc/​BScM) (Co-op),DOC,False,"ENG4U, MHF4U, 1 of MCV4U/SPH4U/ICS4U","[{""n"": 1, ""options"": [""ENG4U""]}, {""n"": 1, ""options"": [""MHF4U""]}, {""n"": 1, ""options"": [""MCV4U"", ""SPH4U"", ""ICS4U""]}]",[],combined min 70 avg in MHF4U and 1 of MCV4U/SPH4U/ICS4U,70.0,,[],True,73,73.0,73.0,,,False
1332,Ontario Tech University,Faculty of Science,Enviro­nmental Biology (BSc/​BScM),DSL,False,"ENG4U, MHF4U, 2 of SBI4U/MCV4U/SCH4U/SPH4U","[{""n"": 1, ""options"": [""ENG4U""]}, {""n"": 1, ""options"": [""MHF4U""]}, {""n"": 2, ""options"": [""SBI4U"", ""MCV4U"", ""SCH4U"", ""SPH4U""]}]",[],combined min 70 avg in MHF4U and 2 of SBI4U/MCV4U/SCH4U/SPH4U,70.0,,[],True,low 70s,70.0,73.0,,,False
1333,Ontario Tech University,Faculty of Science,Enviro­nmental Biology (BSc/​BScM) (Co-op),DLC,False,"ENG4U, MHF4U, 2 of SBI4U/MCV4U/SCH4U/SPH4U","[{""n"": 1, ""options"": [""ENG4U""]}, {""n"": 1, ""options"": [""MHF4U""]}, {""n"": 2, ""options"": [""SBI4U"", ""MCV4U"", ""SCH4U"", ""SPH4U""]}]",[],combined min 70 avg in MHF4U and 2 of SBI4U/MCV4U/SCH4U/SPH4U,70.0,,[],True,low 70s,70.0,73.0,,,False
1334,Ontario Tech University,Faculty of Science,Forensic Science (BSc/​BScM),DSN,False,"ENG4U, MHF4U, 2 of SBI4U/MCV4U/SCH4U/SPH4U","[{""n"": 1, ""options"": [""ENG4U""]}, {""n"": 1, ""options"": [""MHF4U""]}, {""n"": 2, ""options"": [""SBI4U"", ""MCV4U"", ""SCH4U"", ""SPH4U""]}]",[],combined min 70 avg in MHF4U and 2 of SBI4U/MCV4U/SCH4U/SPH4U,70.0,,[],True,low 70s,70.0,73.0,,,False
1335,Ontario Tech University,Faculty of Science,Integrated Mathematics and Computer Science (BSc/​BScM),DMC,False,"ENG4U, MHF4U, 2 of MCV4U/SPH4U/ICS4U","[{""n"": 1, ""options"": [""ENG4U""]}, {""n"": 1, ""options"": [""MHF4U""]}, {""n"": 2, ""options"": [""MCV4U"", ""SPH4U"", ""ICS4U""]}]",[],combined min 70 avg in MHF4U and 2 of MCV4U/SPH4U/ICS4U,70.0,,[],True,low 70s,70.0,73.0,,,False
1336,Ontario Tech University,Faculty of Science,Integrated Mathematics and Computer Science (BSc/​BScM) (Co-op),DIM,False,"ENG4U, MHF4U, 2 of MCV4U/SPH4U/ICS4U","[{""n"": 1, ""options"": [""ENG4U""]}, {""n"": 1, ""options"": [""MHF4U""]}, {""n"": 2, ""options"": [""MCV4U"", ""SPH4U"", ""ICS4U""]}]",[],combined min 70 avg in MHF4U and 2 of MCV4U/SPH4U/ICS4U,70.0,,[],True,low 70s,70.0,73.0,,,False
1337,Ontario Tech University,Faculty of Science,Marine Biology (BSc/​BScM),DMB,False,"ENG4U, MHF4U, 2 of SBI4U/MCV4U/SCH4U/SPH4U","[{""n"": 1, ""options"": [""ENG4U""]}, {""n"": 1, ""options"": [""MHF4U""]}, {""n"": 2, ""options"": [""SBI4U"", ""MCV4U"", ""SCH4U"", ""SPH4U""]}]",[],combined min 70 avg in MHF4U and 2 of SBI4U/MCV4U/SCH4U/SPH4U,70.0,,[],True,low 70s,70.0,73.0,,,False
1338,Ontario Tech University,Faculty of Science,Marine Biology (BSc/​BScM) (Co-op),DBL,False,"ENG4U, MHF4U, 2 of SBI4U/MCV4U/SCH4U/SPH4U","[{""n"": 1, ""options"": [""ENG4U""]}, {""n"": 1, ""options"": [""MHF4U""]}, {""n"": 2, ""options"": [""SBI4U"", ""MCV4U"", ""SCH4U"", ""SPH4U""]}]",[],combined min 70 avg in MHF4U and 2 of SBI4U/MCV4U/SCH4U/SPH4U,70.0,,[],True,low 70s,70.0,73.0,,,False
1339,Ontario Tech University,Faculty of Science,Mathematics for Science and Industry (BSc/​BScM),DSI,False,"ENG4U, MHF4U, 2 of SBI4U/MCV4U/SCH4U/SPH4U","[{""n"": 1, ""options"": [""ENG4U""]}, {""n"": 1, ""options"": [""MHF4U""]}, {""n"": 2, ""options"": [""SBI4U"", ""MCV4U"", ""SCH4U"", ""SPH4U""]}]",[],combined min 70 avg in MHF4U and 2 of SBI4U/MCV4U/SCH4U/SPH4U,70.0,,[],True,low 70s,70.0,73.0,,,False
1340,Ontario Tech University,Faculty of Science,Mathematics for Science and Industry (BSc/​BScM) (Co-op),DCI,False,"ENG4U, MHF4U, 2 of SBI4U/MCV4U/SCH4U/SPH4U","[{""n"": 1, ""options"": [""ENG4U""]}, {""n"": 1, ""options"": [""MHF4U""]}, {""n"": 2, ""options"": [""SBI4U"", ""MCV4U"", ""SCH4U"", ""SPH4U""]}]",[],combined min 70 avg in MHF4U and 2 of SBI4U/MCV4U/SCH4U/SPH4U,70.0,,[],True,low 70s,70.0,73.0,,,False
1341,Ontario Tech University,Faculty of Science,Nanophysics (BSc/​BScM),DSG,False,"ENG4U, MHF4U, 2 of SBI4U/MCV4U/SCH4U/SPH4U","[{""n"": 1, ""options"": [""ENG4U""]}, {""n"": 1, ""options"": [""MHF4U""]}, {""n"": 2, ""options"": [""SBI4U"", ""MCV4U"", ""SCH4U"", ""SPH4U""]}]",[],combined min 70 avg in MHF4U and 2 of SBI4U/MCV4U/SCH4U/SPH4U,70.0,,[],True,low 70s,70.0,73.0,,,False
1342,Ontario Tech University,Faculty of Science,Nanophysics (BSc/​BScM) (Co-op),DGC,False,"ENG4U, MHF4U, 2 of SBI4U/MCV4U/SCH4U/SPH4U","[{""n"": 1, ""options"": [""ENG4U""]}, {""n"": 1, ""options"": [""MHF4U""]}, {""n"": 2, ""options"": [""SBI4U"", ""MCV4U"", ""SCH4U"", ""SPH4U""]}]",[],combined min 70 avg in MHF4U and 2 of SBI4U/MCV4U/SCH4U/SPH4U,70.0,,[],True,low 70s,70.0,73.0,,,False
1343,Ontario Tech University,Faculty of Science,Neuros­cience (BSc/​BScM),DSZ,False,"ENG4U, MHF4U, 2 of SBI4U/MCV4U/SCH4U/SPH4U","[{""n"": 1, ""options"": [""ENG4U""]}, {""n"": 1, ""options"": [""MHF4U""]}, {""n"": 2, ""options"": [""SBI4U"", ""MCV4U"", ""SCH4U"", ""SPH4U""]}]",[],combined min 70 avg in MHF4U and 2 of SBI4U/MCV4U/SCH4U/SPH4U,70.0,,[],True,low 70s,70.0,73.0,,,False
1344,Ontario Tech University,Faculty of Science,Neuros­cience (BSc/​BScM) (Co-op),DZC,False,"ENG4U, MHF4U, 2 of SBI4U/MCV4U/SCH4U/SPH4U","[{""n"": 1, ""options"": [""ENG4U""]}, {""n"": 1, ""options"": [""MHF4U""]}, {""n"": 2, ""options"": [""SBI4U"", ""MCV4U"", ""SCH4U"", ""SPH4U""]}]",[],combined min 70 avg in MHF4U and 2 of SBI4U/MCV4U/SCH4U/SPH4U,70.0,,[],True,low 70s,70.0,73.0,,,False
1345,Ontario Tech University,Faculty of Science,Pharma­ceutical Chemistry (BSc/​BScM),DSW,False,"ENG4U, MHF4U, 2 of SBI4U/MCV4U/SCH4U/SPH4U","[{""n"": 1, ""options"": [""ENG4U""]}, {""n"": 1, ""options"": [""MHF4U""]}, {""n"": 2, ""options"": [""SBI4U"", ""MCV4U"", ""SCH4U"", ""SPH4U""]}]",[],combined min 70 avg in MHF4U and 2 of SBI4U/MCV4U/SCH4U/SPH4U,70.0,,[],True,low 70s,70.0,73.0,,,False
1346,Ontario Tech University,Faculty of Science,Pharma­ceutical Chemistry (BSc/​BScM) (Co-op),DWC,False,"ENG4U, MHF4U, 2 of SBI4U/MCV4U/SCH4U/SPH4U","[{""n"": 1, ""options"": [""ENG4U""]}, {""n"": 1, ""options"": [""MHF4U""]}, {""n"": 2, ""options"": [""SBI4U"", ""MCV4U"", ""SCH4U"", ""SPH4U""]}]",[],combined min 70 avg in MHF4U and 2 of SBI4U/MCV4U/SCH4U/SPH4U,70.0,,[],True,low 70s,70.0,73.0,,,False
1347,Ontario Tech University,Faculty of Science,Physics (BSc/​BScM),DSK,False,"ENG4U, MHF4U, 2 of SBI4U/MCV4U/SCH4U/SPH4U","[{""n"": 1, ""options"": [""ENG4U""]}, {""n"": 1, ""options"": [""MHF4U""]}, {""n"": 2, ""options"": [""SBI4U"", ""MCV4U"", ""SCH4U"", ""SPH4U""]}]",[],combined min 70 avg in MHF4U and 2 of SBI4U/MCV4U/SCH4U/SPH4U,70.0,,[],True,low 70s,70.0,73.0,,,False
1348,Ontario Tech University,Faculty of Science,Physics (BSc/​BScM) (Co-op),DPC,False,"ENG4U, MHF4U, 2 of SBI4U/MCV4U/SCH4U/SPH4U","[{""n"": 1, ""options"": [""ENG4U""]}, {""n"": 1, ""options"": [""MHF4U""]}, {""n"": 2, ""options"": [""SBI4U"", ""MCV4U"", ""SCH4U"", ""SPH4U""]}]",[],combined min 70 avg in MHF4U and 2 of SBI4U/MCV4U/SCH4U/SPH4U,70.0,,[],True,low 70s,70.0,73.0,,,False
1349,Ontario Tech University,Faculty of Science,Sustai­nability (BAS),DTS,False,"ENG4U (recommended: SBI4U, 1 of MHF4U/MDM4U)","[{""n"": 1, ""options"": [""ENG4U"", ""SBI4U"", ""MHF4U"", ""MDM4U""]}]",[],,,,[],False,mid 70s,74.0,76.0,,,False
1350,Ontario Tech University,Faculty of Social Science and Humanities,Alternative Dispute Resolution (BA),DAQ,False,ENG4U,"[{""n"": 1, ""options"": [""ENG4U""]}]",[],,,,[],False,low 70s,70.0,73.0,,,False
1351,Ontario Tech University,Faculty of Social Science and Humanities,Alternative Dispute Resolution (BA) (Co-op),DLQ,False,ENG4U,"[{""n"": 1, ""options"": [""ENG4U""]}]",[],,,,[],False,low 70s,70.0,73.0,,,False
1352,Ontario Tech University,Faculty of Social Science and Humanities,Business and Society (BA),DAF,False,ENG4U,"[{""n"": 1, ""options"": [""ENG4U""]}]",[],,,,[],False,low 70s,70.0,73.0,,,False
1353,Ontario Tech University,Faculty of Social Science and Humanities,Business and Society (BA) (Co-op),DLB,False,ENG4U,"[{""n"": 1, ""options"": [""ENG4U""]}]",[],,,,[],False,low 70s,70.0,73.0,,,False
1354,Ontario Tech University,Faculty of Social Science and Humanities,Commun­ication and Digital Media Studies (BA),DDC,False,ENG4U,"[{""n"": 1, ""options"": [""ENG4U""]}]",[],,,,[],False,low 70s,70.0,73.0,,,False
1355,Ontario Tech University,Faculty of Social Science and Humanities,Commun­ication and Digital Media Studies (BA) (Co-op),DDE,False,ENG4U,"[{""n"": 1, ""options"": [""ENG4U""]}]",[],,,,[],False,low 70s,70.0,73.0,,,False
1356,Ontario Tech University,Faculty of Social Science and Humanities,"Creativity, Digital Arts and Entert­ainment Industries (BA)",DAH,False,ENG4U,"[{""n"": 1, ""options"": [""ENG4U""]}]",[],,,,[],False,low 70s,70.0,73.0,,,False
1357,Ontario Tech University,Faculty of Social Science and Humanities,"Creativity, Digital Arts and Entert­ainment Industries (BA) (Co-op)",DLD,False,ENG4U,"[{""n"": 1, ""options"": [""ENG4U""]}]",[],,,,[],False,low 70s,70.0,73.0,,,False
1358,Ontario Tech University,Faculty of Social Science and Humanities,Criminal Justice (BA),DAU,False,ENG4U,"[{""n"": 1, ""options"": [""ENG4U""]}]",[],,,,[],False,low 70s,70.0,73.0,,,False
1359,Ontario Tech University,Faculty of Social Science and Humanities,Criminal Justice (BA) (Co-op),DLU,False,ENG4U,"[{""n"": 1, ""options"": [""ENG4U""]}]",[],,,,[],False,low 70s,70.0,73.0,,,False
1360,Ontario Tech University,Faculty of Social Science and Humanities,Criminology and Justice (BA),DAJ,False,ENG4U,"[{""n"": 1, ""options"": [""ENG4U""]}]",[],,,,[],False,low 70s,70.0,73.0,,,False
1361,Ontario Tech University,Faculty of Social Science and Humanities,Criminology and Justice (BA) (Co-op),DLE,False,ENG4U,"[{""n"": 1, ""options"": [""ENG4U""]}]",[],,,,[],False,low 70s,70.0,73.0,,,False
1362,Ontario Tech University,Faculty of Social Science and Humanities,Forensic Psychology (BA),DPS,False,"ENG4U (recommended: SBI4U, 1 of MHF4U/MCV4U/MDM4U)","[{""n"": 1, ""options"": [""ENG4U"", ""SBI4U"", ""MHF4U"", ""MCV4U"", ""MDM4U""]}]",[],,,,[],False,low 70s,70.0,73.0,,,False
1363,Ontario Tech University,Faculty of Social Science and Humanities,Global Studies (BA),DAK,False,ENG4U,"[{""n"": 1, ""options"": [""ENG4U""]}]",[],,,,[],False,low 70s,70.0,73.0,,,False
1364,Ontario Tech University,Faculty of Social Science and Humanities,Global Studies (BA) (Co-op),DLG,False,ENG4U,"[{""n"": 1, ""options"": [""ENG4U""]}]",[],,,,[],False,low 70s,70.0,73.0,,,False
1365,Ontario Tech University,Faculty of Social Science and Humanities,Human Rights and Advocacy (BA),DAR,False,ENG4U,"[{""n"": 1, ""options"": [""ENG4U""]}]",[],,,,[],False,low 70s,70.0,73.0,,,False
1366,Ontario Tech University,Faculty of Social Science and Humanities,Human Rights and Advocacy (BA (Co-op),DLR,False,ENG4U,"[{""n"": 1, ""options"": [""ENG4U""]}]",[],,,,[],False,low 70s,70.0,73.0,,,False
1367,Ontario Tech University,Faculty of Social Science and Humanities,Information Law (BA),DAX,,,[],[],,,,[],False,,,,,,False
1368,Ontario Tech University,Faculty of Social Science and Humanities,Information Law (BA) (Co-op),DLX,,,[],[],,,,[],False,,,,,,False
1369,Ontario Tech University,Faculty of Social Science and Humanities,Legal Studies (BA),DAL,False,ENG4U,"[{""n"": 1, ""options"": [""ENG4U""]}]",[],,,,[],False,low 70s,70.0,73.0,,,False
1370,Ontario Tech University,Faculty of Social Science and Humanities,Legal Studies (BA) (Co-op),DLF,False,ENG4U,"[{""n"": 1, ""options"": [""ENG4U""]}]",[],,,,[],False,low 70s,70.0,73.0,,,False
1371,Ontario Tech University,Faculty of Social Science and Humanities,Liberal Studies (BA),DLS,False,ENG4U,"[{""n"": 1, ""options"": [""ENG4U""]}]",[],,,,[],False,low 70s,70.0,73.0,,,False
1372,Ontario Tech University,Faculty of Social Science and Humanities,Liberal Studies (BA) (Co-op),DLH,False,ENG4U,"[{""n"": 1, ""options"": [""ENG4U""]}]",[],,,,[],False,low 70s,70.0,73.0,,,False
1373,Ontario Tech University,Faculty of Social Science and Humanities,Policing in Society (BA),DAM,False,ENG4U,"[{""n"": 1, ""options"": [""ENG4U""]}]",[],,,,[],False,low 70s,70.0,73.0,,,False
1374,Ontario Tech University,Faculty of Social Science and Humanities,Policing in Society (BA) (Co-op),DLM,False,ENG4U,"[{""n"": 1, ""options"": [""ENG4U""]}]",[],,,,[],False,low 70s,70.0,73.0,,,False
1375,Ontario Tech University,Faculty of Social Science and Humanities,Political Science (BA),DAO,False,ENG4U,"[{""n"": 1, ""options"": [""ENG4U""]}]",[],,,,[],False,low 70s,70.0,73.0,,,False
1376,Ontario Tech University,Faculty of Social Science and Humanities,Political Science (BA) (Co-op),DLI,False,ENG4U,"[{""n"": 1, ""options"": [""ENG4U""]}]",[],,,,[],False,low 70s,70.0,73.0,,,False
1377,Ontario Tech University,Faculty of Social Science and Humanities,Psychology (BA),DAA,False,"ENG4U (recommended: SBI4U, 1 of MHF4U/MCV4U/MDM4U)","[{""n"": 1, ""options"": [""ENG4U"", ""SBI4U"", ""MHF4U"", ""MCV4U"", ""MDM4U""]}]",[],,,,[],False,low 70s,70.0,73.0,,,False
1378,Ontario Tech University,Faculty of Social Science and Humanities,Psychology (BSc),DAI,False,"ENG4U, MHF4U, 2 of SBI4U/MCV4U/SCH4U/SPH4U","[{""n"": 1, ""options"": [""ENG4U""]}, {""n"": 1, ""options"": [""MHF4U""]}, {""n"": 2, ""options"": [""SBI4U"", ""MCV4U"", ""SCH4U"", ""SPH4U""]}]",[],,,,[],False,low 70s,70.0,73.0,,,False
1379,Ontario Tech University,Faculty of Social Science and Humanities,Psychology - Affective Science and Mental Health (BA),DPE,False,"ENG4U (recommended: SBI4U, 1 of MHF4U/MCV4U/MDM4U)","[{""n"": 1, ""options"": [""ENG4U"", ""SBI4U"", ""MHF4U"", ""MCV4U"", ""MDM4U""]}]",[],,,,[],False,low 70s,70.0,73.0,,,False
1380,Ontario Tech University,Faculty of Social Science and Humanities,Psychology - Affective Science and Mental Health (BSc),DPH,False,"ENG4U, MHF4U, 2 of SBI4U/MCV4U/SCH4U/SPH4U","[{""n"": 1, ""options"": [""ENG4U""]}, {""n"": 1, ""options"": [""MHF4U""]}, {""n"": 2, ""options"": [""SBI4U"", ""MCV4U"", ""SCH4U"", ""SPH4U""]}]",[],,,,[],False,low 70s,70.0,73.0,,,False
1381,Ontario Tech University,Faculty of Social Science and Humanities,Psychology - Cognitive and Brain Sciences (BA),DPF,False,"ENG4U (recommended: SBI4U, 1 of MHF4U/MCV4U/MDM4U)","[{""n"": 1, ""options"": [""ENG4U"", ""SBI4U"", ""MHF4U"", ""MCV4U"", ""MDM4U""]}]",[],,,,[],False,low 70s,70.0,73.0,,,False
1382,Ontario Tech University,Faculty of Social Science and Humanities,Psychology - Cognitive and Brain Sciences (BSc),DPI,False,"ENG4U, MHF4U, 2 of SBI4U/MCV4U/SCH4U/SPH4U","[{""n"": 1, ""options"": [""ENG4U""]}, {""n"": 1, ""options"": [""MHF4U""]}, {""n"": 2, ""options"": [""SBI4U"", ""MCV4U"", ""SCH4U"", ""SPH4U""]}]",[],,,,[],False,low 70s,70.0,73.0,,,False
1383,Ontario Tech University,Faculty of Social Science and Humanities,Psychology - Develo­pmental and Psycho­logical Science (BA),DPG,False,"ENG4U (recommended: SBI4U, 1 of MHF4U/MCV4U/MDM4U)","[{""n"": 1, ""options"": [""ENG4U"", ""SBI4U"", ""MHF4U"", ""MCV4U"", ""MDM4U""]}]",[],,,,[],False,low 70s,70.0,73.0,,,False
1384,Ontario Tech University,Faculty of Social Science and Humanities,Psychology - Develo­pmental and Psycho­logical Science (BSc),DPJ,False,"ENG4U, MHF4U, 2 of SBI4U/MCV4U/SCH4U/SPH4U","[{""n"": 1, ""options"": [""ENG4U""]}, {""n"": 1, ""options"": [""MHF4U""]}, {""n"": 2, ""options"": [""SBI4U"", ""MCV4U"", ""SCH4U"", ""SPH4U""]}]",[],,,,[],False,low 70s,70.0,73.0,,,False
1385,Ontario Tech University,Faculty of Social Science and Humanities,Public Policy (Diploma),DPP,,"NA
admission is listed to students who are currently enrolled in an undergraduate program at ontario tech uni or who have completed an undergraduate program",[],"[""NA\nadmission is listed to students who are currently enrolled in an undergraduate program at ontario tech uni or who have completed an undergraduate program""]",,,,[],False,,,,,,False
1386,Ontario Tech University,Faculty of Social Science and Humanities,"Science, Technology and Society (BA)",DAT,False,ENG4U,"[{""n"": 1, ""options"": [""ENG4U""]}]",[],,,,[],False,low 70s,70.0,73.0,,,False
1387,Ontario Tech University,Faculty of Social Science and Humanities,"Science, Technology and Society (BA) (Co-op)",DLT,False,ENG4U,"[{""n"": 1, ""options"": [""ENG4U""]}]",[],,,,[],False,low 70s,70.0,73.0,,,False
1388,Ontario Tech University,Faculty of Social Science and Humanities,"Sociology, Technology and Innovation (BA)",DAZ,False,ENG4U,"[{""n"": 1, ""options"": [""ENG4U""]}]",[],,,,[],False,low 70s,70.0,73.0,,,False
1389,Ontario Tech University,Faculty of Social Science and Humanities,"Strategic Commun­ications, Social Media & Society (BA)",DAN,False,ENG4U,"[{""n"": 1, ""options"": [""ENG4U""]}]",[],,,,[],False,low 70s,70.0,73.0,,,False
1390,Ontario Tech University,Faculty of Social Science and Humanities,"Strategic Commun­ications, Social Media & Society (BA) (Co-op)",DLJ,False,ENG4U,"[{""n"": 1, ""options"": [""ENG4U""]}]",[],,,,[],False,low 70s,70.0,73.0,,,False
1391,Ontario Tech University,Faculty of Social Science and Humanities,Victimology and Victim Studies (BA),DAV,False,ENG4U,"[{""n"": 1, ""options"": [""ENG4U""]}]",[],,,,[],False,low 70s,70.0,73.0,,,False
1392,Ontario Tech University,Faculty of Social Science and Humanities,Victimology and Victim Studies (BA) (Co-op),DLV,False,ENG4U,"[{""n"": 1, ""options"": [""ENG4U""]}]",[],,,,[],False,low 70s,70.0,73.0,,,False
1393,Ontario Tech University,Faculty of Social Science and Humanities,"Youth, Crime and Justice (BA)",DAW,False,ENG4U,"[{""n"": 1, ""options"": [""ENG4U""]}]",[],,,,[],False,low 70s,70.0,73.0,,,False
1394,Ontario Tech University,Faculty of Social Science and Humanities,"Youth, Crime and Justice (BA) (Co-op)",DLW,False,ENG4U,"[{""n"": 1, ""options"": [""ENG4U""]}]",[],,,,[],False,low 70s,70.0,73.0,,,False
1395,Trent University,Exploration Year,Undeclared Arts (Honours Arts),RCX,False,ENG4U,"[{""n"": 1, ""options"": [""ENG4U""]}]",[],min 60 in ENG4U,,,"[{""course"": ""ENG4U"", ""min"": 60.0}]",True,70,70.0,70.0,,,False
1396,Trent University,Exploration Year,Undeclared Science (Honours Science),RSX,False,ENG4U,"[{""n"": 1, ""options"": [""ENG4U""]}]",[],min 60 in ENG4U,,,"[{""course"": ""ENG4U"", ""min"": 60.0}]",True,70,70.0,70.0,,,False
1397,Trent University,Arts (B.A.),Ancient Greek & Roman Studies (Honours Arts),RAN,False,ENG4U,"[{""n"": 1, ""options"": [""ENG4U""]}]",[],min 60 in ENG4U,,,"[{""course"": ""ENG4U"", ""min"": 60.0}]",True,70,70.0,70.0,,,False
1398,Trent University,Arts (B.A.),Ancient Greek & Roman Studies (Honours Arts) - Co-op,RAO,False,ENG4U,"[{""n"": 1, ""options"": [""ENG4U""]}]",[],min 60 in ENG4U,,,"[{""course"": ""ENG4U"", ""min"": 60.0}]",True,80,80.0,80.0,,,False
1399,Trent University,Arts (B.A.),Anthro­pology (Honours Arts),RAA,False,ENG4U,"[{""n"": 1, ""options"": [""ENG4U""]}]",[],min 60 in ENG4U,,,"[{""course"": ""ENG4U"", ""min"": 60.0}]",True,70,70.0,70.0,,,False
1400,Trent University,Arts (B.A.),Anthro­pology (Honours Arts) - Co-op,RFX,False,ENG4U,"[{""n"": 1, ""options"": [""ENG4U""]}]",[],min 60 in ENG4U,,,"[{""course"": ""ENG4U"", ""min"": 60.0}]",True,80,80.0,80.0,,,False
1401,Trent University,Arts (B.A.),Archaeology (Honours Arts),RAB,False,ENG4U,"[{""n"": 1, ""options"": [""ENG4U""]}]",[],min 60 in ENG4U,,,"[{""course"": ""ENG4U"", ""min"": 60.0}]",True,70,70.0,70.0,,,False
1402,Trent University,Arts (B.A.),Archaeology (Honours Arts) - Co-op,RFV,False,ENG4U,"[{""n"": 1, ""options"": [""ENG4U""]}]",[],min 60 in ENG4U,,,"[{""course"": ""ENG4U"", ""min"": 60.0}]",True,80,80.0,80.0,,,False
1403,Trent University,Arts (B.A.),Canadian Studies (Honours Arts),RCA,False,ENG4U,"[{""n"": 1, ""options"": [""ENG4U""]}]",[],min 60 in ENG4U,,,"[{""course"": ""ENG4U"", ""min"": 60.0}]",True,70,70.0,70.0,,,False
1404,Trent University,Arts (B.A.),Canadian Studies (Honours Arts) - Co-op,RAX,False,ENG4U,"[{""n"": 1, ""options"": [""ENG4U""]}]",[],min 60 in ENG4U,,,"[{""course"": ""ENG4U"", ""min"": 60.0}]",True,80,80.0,80.0,,,False
1405,Trent University,Arts (B.A.),Criminology (Honours Arts),RAG,False,ENG4U,"[{""n"": 1, ""options"": [""ENG4U""]}]",[],min 60 in ENG4U,,,"[{""course"": ""ENG4U"", ""min"": 60.0}]",True,75,75.0,75.0,,,False
1406,Trent University,Arts (B.A.),Criminology (Honours Arts) - Co-op,RAT,False,ENG4U,"[{""n"": 1, ""options"": [""ENG4U""]}]",[],min 60 in ENG4U,,,"[{""course"": ""ENG4U"", ""min"": 60.0}]",True,80,80.0,80.0,,,False
1407,Trent University,Arts (B.A.),Cultural Studies (Honours Arts),RCS,False,ENG4U,"[{""n"": 1, ""options"": [""ENG4U""]}]",[],min 60 in ENG4U,,,"[{""course"": ""ENG4U"", ""min"": 60.0}]",True,70,70.0,70.0,,,False
1408,Trent University,Arts (B.A.),Cultural Studies (Honours Arts) - Co-op,RCO,False,ENG4U,"[{""n"": 1, ""options"": [""ENG4U""]}]",[],min 60 in ENG4U,,,"[{""course"": ""ENG4U"", ""min"": 60.0}]",True,80,80.0,80.0,,,False
1409,Trent University,Arts (B.A.),Economics (Honours Arts),REC,False,ENG4U,"[{""n"": 1, ""options"": [""ENG4U""]}]",[],min 60 in ENG4U,,,"[{""course"": ""ENG4U"", ""min"": 60.0}]",True,70,70.0,70.0,,,False
1410,Trent University,Arts (B.A.),Economics (Honours Arts) - Co-op,REP,False,ENG4U,"[{""n"": 1, ""options"": [""ENG4U""]}]",[],min 60 in ENG4U,,,"[{""course"": ""ENG4U"", ""min"": 60.0}]",True,80,80.0,80.0,,,False
1411,Trent University,Arts (B.A.),English Literature (Honours Arts),REN,False,ENG4U,"[{""n"": 1, ""options"": [""ENG4U""]}]",[],min 60 in ENG4U,,,"[{""course"": ""ENG4U"", ""min"": 60.0}]",True,70,70.0,70.0,,,False
1412,Trent University,Arts (B.A.),English Literature (Honours Arts) - Co-op,REL,False,ENG4U,"[{""n"": 1, ""options"": [""ENG4U""]}]",[],min 60 in ENG4U,,,"[{""course"": ""ENG4U"", ""min"": 60.0}]",True,80,80.0,80.0,,,False
1413,Trent University,Arts (B.A.),French & Francophone Studies (Honours Arts),RFR,False,ENG4U,"[{""n"": 1, ""options"": [""ENG4U""]}]",[],min 60 in ENG4U,,,"[{""course"": ""ENG4U"", ""min"": 60.0}]",True,70,70.0,70.0,,,False
1414,Trent University,Arts (B.A.),French & Francophone Studies (Honours Arts) - Co-op,RFO,False,ENG4U,"[{""n"": 1, ""options"": [""ENG4U""]}]",[],min 60 in ENG4U,,,"[{""course"": ""ENG4U"", ""min"": 60.0}]",True,80,80.0,80.0,,,False
1415,Trent University,Arts (B.A.),Gender & Social Justice (Honours Arts),RWS,False,ENG4U,"[{""n"": 1, ""options"": [""ENG4U""]}]",[],min 60 in ENG4U,,,"[{""course"": ""ENG4U"", ""min"": 60.0}]",True,70,70.0,70.0,,,False
1416,Trent University,Arts (B.A.),Gender & Social Justice (Honours Arts) - Co-op,RWC,False,ENG4U,"[{""n"": 1, ""options"": [""ENG4U""]}]",[],min 60 in ENG4U,,,"[{""course"": ""ENG4U"", ""min"": 60.0}]",True,80,80.0,80.0,,,False
1417,Trent University,Arts (B.A.),Global Development Studies (Honours Arts),RID,False,ENG4U,"[{""n"": 1, ""options"": [""ENG4U""]}]",[],min 60 in ENG4U,,,"[{""course"": ""ENG4U"", ""min"": 60.0}]",True,70,70.0,70.0,,,False
1418,Trent University,Arts (B.A.),Global Development Studies (Honours Arts) - Co-op,RIV,False,ENG4U,"[{""n"": 1, ""options"": [""ENG4U""]}]",[],min 60 in ENG4U,,,"[{""course"": ""ENG4U"", ""min"": 60.0}]",True,80,80.0,80.0,,,False
1419,Trent University,Arts (B.A.),History (Honours Arts),RHI,False,ENG4U,"[{""n"": 1, ""options"": [""ENG4U""]}]",[],min 60 in ENG4U,,,"[{""course"": ""ENG4U"", ""min"": 60.0}]",True,70,70.0,70.0,,,False
1420,Trent University,Arts (B.A.),History (Honours Arts) - Co-op,RHC,False,ENG4U,"[{""n"": 1, ""options"": [""ENG4U""]}]",[],min 60 in ENG4U,,,"[{""course"": ""ENG4U"", ""min"": 60.0}]",True,80,80.0,80.0,,,False
1421,Trent University,Arts (B.A.),Human Rights & Global Justice (Honours Arts),RHA,False,ENG4U,"[{""n"": 1, ""options"": [""ENG4U""]}]",[],min 60 in ENG4U,,,"[{""course"": ""ENG4U"", ""min"": 60.0}]",True,70,70.0,70.0,,,False
1422,Trent University,Arts (B.A.),Human Rights & Global Justice (Honours Arts) - Co-op,RHB,False,ENG4U,"[{""n"": 1, ""options"": [""ENG4U""]}]",[],min 60 in ENG4U,,,"[{""course"": ""ENG4U"", ""min"": 60.0}]",True,80,80.0,80.0,,,False
1423,Trent University,Arts (B.A.),Indigenous Studies (Honours Arts),RIN,False,ENG4U,"[{""n"": 1, ""options"": [""ENG4U""]}]",[],min 60 in ENG4U,,,"[{""course"": ""ENG4U"", ""min"": 60.0}]",True,70,70.0,70.0,,,False
1424,Trent University,Arts (B.A.),Indigenous Studies (Honours Arts) - Co-op,RIC,False,ENG4U,"[{""n"": 1, ""options"": [""ENG4U""]}]",[],min 60 in ENG4U,,,"[{""course"": ""ENG4U"", ""min"": 60.0}]",True,80,80.0,80.0,,,False
1425,Trent University,Arts (B.A.),Intern­ational Political Economy (Honours Arts),RPE,False,ENG4U,"[{""n"": 1, ""options"": [""ENG4U""]}]",[],min 60 in ENG4U,,,"[{""course"": ""ENG4U"", ""min"": 60.0}]",True,70,70.0,70.0,,,False
1426,Trent University,Arts (B.A.),Media Studies (Honours Arts),RAM,False,ENG4U,"[{""n"": 1, ""options"": [""ENG4U""]}]",[],min 60 in ENG4U,,,"[{""course"": ""ENG4U"", ""min"": 60.0}]",True,70,70.0,70.0,,,False
1427,Trent University,Arts (B.A.),Media Studies (Honours Arts) - Co-op,RMH,False,ENG4U,"[{""n"": 1, ""options"": [""ENG4U""]}]",[],min 60 in ENG4U,,,"[{""course"": ""ENG4U"", ""min"": 60.0}]",True,80,80.0,80.0,,,False
1428,Trent University,Arts (B.A.),Philosophy (Honours Arts),RPH,False,ENG4U,"[{""n"": 1, ""options"": [""ENG4U""]}]",[],min 60 in ENG4U,,,"[{""course"": ""ENG4U"", ""min"": 60.0}]",True,70,70.0,70.0,,,False
1429,Trent University,Arts (B.A.),Philosophy (Honours Arts) - Co-op,RPI,False,ENG4U,"[{""n"": 1, ""options"": [""ENG4U""]}]",[],min 60 in ENG4U,,,"[{""course"": ""ENG4U"", ""min"": 60.0}]",True,80,80.0,80.0,,,False
1430,Trent University,Arts (B.A.),Political Studies (Honours Arts),RPO,False,ENG4U,"[{""n"": 1, ""options"": [""ENG4U""]}]",[],min 60 in ENG4U,,,"[{""course"": ""ENG4U"", ""min"": 60.0}]",True,70,70.0,70.0,,,False
1431,Trent University,Arts (B.A.),Political Studies (Honours Arts) - Co-op,RPU,False,,[],[],,,,[],False,80,80.0,80.0,,,False
1432,Trent University,Arts (B.A.),Psychology (Honours Arts),RCP,False,ENG4U,"[{""n"": 1, ""options"": [""ENG4U""]}]",[],min 60 in ENG4U,,,"[{""course"": ""ENG4U"", ""min"": 60.0}]",True,70,70.0,70.0,,,False
1433,Trent University,Arts (B.A.),Psychology (Honours Arts) - Co-op,RYP,False,,[],[],,,,[],False,80,80.0,80.0,,,False
1434,Trent University,Arts (B.A.),Sociology (Honours Arts),RSO,False,ENG4U,"[{""n"": 1, ""options"": [""ENG4U""]}]",[],min 60 in ENG4U,,,"[{""course"": ""ENG4U"", ""min"": 60.0}]",True,70,70.0,70.0,,,False
1435,Trent University,Arts (B.A.),Sociology (Honours Arts) - Co-op,RSB,False,ENG4U,"[{""n"": 1, ""options"": [""ENG4U""]}]",[],min 60 in ENG4U,,,"[{""course"": ""ENG4U"", ""min"": 60.0}]",True,80,80.0,80.0,,,False
1436,Trent University,Arts (B.A.),Computing Systems & Media Studies (Honours Arts),RQ,False,ENG4U,"[{""n"": 1, ""options"": [""ENG4U""]}]",[],min 60 in ENG4U,,,"[{""course"": ""ENG4U"", ""min"": 60.0}]",True,70,70.0,70.0,,,False
1437,Trent University,Bachelor of Arts & Science (B.A.S.),Bachelor of Arts & Science,RAC,False,ENG4U,"[{""n"": 1, ""options"": [""ENG4U""]}]",[],min 60 in ENG4U,,,"[{""course"": ""ENG4U"", ""min"": 60.0}]",True,75,75.0,75.0,,,False
1438,Trent University,Bachelor of Arts & Science (B.A.S.),Bachelor of Arts & Science - Co-op,RAU,False,ENG4U,"[{""n"": 1, ""options"": [""ENG4U""]}]",[],min 60 in ENG4U,,,"[{""course"": ""ENG4U"", ""min"": 60.0}]",True,80,80.0,80.0,,,False
1439,Trent University,Business,Accounting & Economics (Honours Arts),RKE,False,ENG4U,"[{""n"": 1, ""options"": [""ENG4U""]}]",[],min 60 in ENG4U,,,"[{""course"": ""ENG4U"", ""min"": 60.0}]",True,70,70.0,70.0,,,False
1440,Trent University,Business,Accounting & Economics (Honours Arts) - Co-op,RKF,False,ENG4U,"[{""n"": 1, ""options"": [""ENG4U""]}]",[],min 60 in ENG4U,,,"[{""course"": ""ENG4U"", ""min"": 60.0}]",True,80,80.0,80.0,,,False
1441,Trent University,Business,BBA and Masters of Management Fast Track Program,RKG,False,ENG4U,"[{""n"": 1, ""options"": [""ENG4U""]}]",[],min 60 in ENG4U,,,"[{""course"": ""ENG4U"", ""min"": 60.0}]",True,80,80.0,80.0,,,False
1442,Trent University,Business,Business Admini­stration (BBA),RD,False,"ENG4U, 1 of MHF4U/MCV4U/MDM4U","[{""n"": 1, ""options"": [""ENG4U""]}, {""n"": 1, ""options"": [""MHF4U"", ""MCV4U"", ""MDM4U""]}]",[],min 60 in ENG4U,,,"[{""course"": ""ENG4U"", ""min"": 60.0}]",True,70,70.0,70.0,,,False
1443,Trent University,Business,Business Admini­stration (BBA) - Co-op,RDL,False,"ENG4U, 1 of MHF4U/MCV4U/MDM4U","[{""n"": 1, ""options"": [""ENG4U""]}, {""n"": 1, ""options"": [""MHF4U"", ""MCV4U"", ""MDM4U""]}]",[],min 60 in ENG4U,,,"[{""course"": ""ENG4U"", ""min"": 60.0}]",True,80,80.0,80.0,,,False
1444,Trent University,Business,Business Admini­stration (BBA) - Accounting,RDA,False,"ENG4U, 1 of MHF4U/MCV4U/MDM4U","[{""n"": 1, ""options"": [""ENG4U""]}, {""n"": 1, ""options"": [""MHF4U"", ""MCV4U"", ""MDM4U""]}]",[],min 60 in ENG4U,,,"[{""course"": ""ENG4U"", ""min"": 60.0}]",True,70,70.0,70.0,,,False
1445,Trent University,Business,Business Admini­stration (BBA) - Accounting - Co-op,RDM,False,"ENG4U, 1 of MHF4U/MCV4U/MDM4U","[{""n"": 1, ""options"": [""ENG4U""]}, {""n"": 1, ""options"": [""MHF4U"", ""MCV4U"", ""MDM4U""]}]",[],min 60 in ENG4U,,,"[{""course"": ""ENG4U"", ""min"": 60.0}]",True,80,80.0,80.0,,,False
1446,Trent University,Business,Business & Arts (Honours Arts),RAD,False,ENG4U,"[{""n"": 1, ""options"": [""ENG4U""]}]",[],min 60 in ENG4U,,,"[{""course"": ""ENG4U"", ""min"": 60.0}]",True,70,70.0,70.0,,,False
1447,Trent University,Business,Business & Science (Honours Science),RSD,False,ENG4U,"[{""n"": 1, ""options"": [""ENG4U""]}]",[],min 60 in ENG4U,,,"[{""course"": ""ENG4U"", ""min"": 60.0}]",True,70,70.0,70.0,,,False
1448,Trent University,Business,Business & Computing Systems (Honours Arts),RJO,False,ENG4U,"[{""n"": 1, ""options"": [""ENG4U""]}]",[],min 60 in ENG4U,,,"[{""course"": ""ENG4U"", ""min"": 60.0}]",True,70,70.0,70.0,,,False
1449,Trent University,Business,Business & Cultural Studies (Honours Arts),RJC,False,ENG4U,"[{""n"": 1, ""options"": [""ENG4U""]}]",[],min 60 in ENG4U,,,"[{""course"": ""ENG4U"", ""min"": 60.0}]",True,70,70.0,70.0,,,False
1450,Trent University,Business,Business & Economics (Honours Arts),RJB,False,ENG4U,"[{""n"": 1, ""options"": [""ENG4U""]}]",[],min 60 in ENG4U,,,"[{""course"": ""ENG4U"", ""min"": 60.0}]",True,70,70.0,70.0,,,False
1451,Trent University,Business,Business & English (Honours Arts),RJD,False,ENG4U,"[{""n"": 1, ""options"": [""ENG4U""]}]",[],min 60 in ENG4U,,,"[{""course"": ""ENG4U"", ""min"": 60.0}]",True,70,70.0,70.0,,,False
1452,Trent University,Business,Business & Enviro­nmental Studies (Honours Arts),RJU,False,ENG4U,"[{""n"": 1, ""options"": [""ENG4U""]}]",[],min 60 in ENG4U,,,"[{""course"": ""ENG4U"", ""min"": 60.0}]",True,70,70.0,70.0,,,False
1453,Trent University,Business,Business & Information Systems (Honours Arts),RJP,False,ENG4U,"[{""n"": 1, ""options"": [""ENG4U""]}]",[],min 60 in ENG4U,,,"[{""course"": ""ENG4U"", ""min"": 60.0}]",True,70,70.0,70.0,,,False
1454,Trent University,Business,Business & Media Studies (Honours Arts),RJJ,False,ENG4U,"[{""n"": 1, ""options"": [""ENG4U""]}]",[],min 60 in ENG4U,,,"[{""course"": ""ENG4U"", ""min"": 60.0}]",True,70,70.0,70.0,,,False
1455,Trent University,Business,Business & Psychology (Honours Arts),RJS,False,ENG4U,"[{""n"": 1, ""options"": [""ENG4U""]}]",[],min 60 in ENG4U,,,"[{""course"": ""ENG4U"", ""min"": 60.0}]",True,70,70.0,70.0,,,False
1456,Trent University,Education,Indigenous Bachelor of Education (Concurrent),RTI,False,"ENG4U, must self-identify as indigenous","[{""n"": 1, ""options"": [""ENG4U""]}]","[""must self-identify as indigenous""]",min 60 in ENG4U,,,"[{""course"": ""ENG4U"", ""min"": 60.0}]",True,70,70.0,70.0,,,False
1457,Trent University,Education,Teacher Education Stream - Arts (Honours),RTA,False,ENG4U,"[{""n"": 1, ""options"": [""ENG4U""]}]",[],min 60 in ENG4U,,,"[{""course"": ""ENG4U"", ""min"": 60.0}]",True,75,75.0,75.0,,,False
1458,Trent University,Education,Teacher Education Stream - Science (Honours),RTS,False,"ENG4U, 1 of MHF4U/MCV4U/MDM4U","[{""n"": 1, ""options"": [""ENG4U""]}, {""n"": 1, ""options"": [""MHF4U"", ""MCV4U"", ""MDM4U""]}]",[],min 60 in ENG4U,,,"[{""course"": ""ENG4U"", ""min"": 60.0}]",True,75,75.0,75.0,,,False
1459,Trent University,Environment,Enviro­nmental & Resource Studies (Honours Arts),RAV,False,ENG4U,"[{""n"": 1, ""options"": [""ENG4U""]}]",[],min 60 in ENG4U,,,"[{""course"": ""ENG4U"", ""min"": 60.0}]",True,70,70.0,70.0,,,False
1460,Trent University,Environment,Enviro­nmental & Resource Science (Honours Science),RSV,False,"ENG4U, SBI4U, SCH4U, 1 of MHF4U/MCV4U/MDM4U","[{""n"": 1, ""options"": [""ENG4U""]}, {""n"": 1, ""options"": [""SBI4U""]}, {""n"": 1, ""options"": [""SCH4U""]}, {""n"": 1, ""options"": [""MHF4U"", ""MCV4U"", ""MDM4U""]}]",[],min 60 in ENG4U,,,"[{""course"": ""ENG4U"", ""min"": 60.0}]",True,70,70.0,70.0,,,False
1461,Trent University,Environment,Enviro­nmental Chemistry (Honours Science),RVC,False,"ENG4U, SCH4U, 1 of MHF4U/MCV4U","[{""n"": 1, ""options"": [""ENG4U""]}, {""n"": 1, ""options"": [""SCH4U""]}, {""n"": 1, ""options"": [""MHF4U"", ""MCV4U""]}]",[],min 60 in ENG4U,,,"[{""course"": ""ENG4U"", ""min"": 60.0}]",True,70,70.0,70.0,,,False
1462,Trent University,Environment,Enviro­nmental Geoscience (Honours Science),REG,False,"ENG4U, 1 of MHF4U/MCV4U/MDM4U","[{""n"": 1, ""options"": [""ENG4U""]}, {""n"": 1, ""options"": [""MHF4U"", ""MCV4U"", ""MDM4U""]}]",[],min 60 in ENG4U,,,"[{""course"": ""ENG4U"", ""min"": 60.0}]",True,75,75.0,75.0,,,False
1463,Trent University,Environment,Enviro­nmental Science/​Studies (Honours),RES,False,ENG4U,"[{""n"": 1, ""options"": [""ENG4U""]}]",[],min 60 in ENG4U,,,"[{""course"": ""ENG4U"", ""min"": 60.0}]",True,75,75.0,75.0,,,False
1464,Trent University,Environment,Geography (Honours Arts),RGG,False,ENG4U,"[{""n"": 1, ""options"": [""ENG4U""]}]",[],min 60 in ENG4U,,,"[{""course"": ""ENG4U"", ""min"": 60.0}]",True,70,70.0,70.0,,,False
1465,Trent University,Environment,Geography (Honours Science),RGS,False,"ENG4U, 1 of MHF4U/MCV4U/MDM4U","[{""n"": 1, ""options"": [""ENG4U""]}, {""n"": 1, ""options"": [""MHF4U"", ""MCV4U"", ""MDM4U""]}]",[],min 60 in ENG4U,,,"[{""course"": ""ENG4U"", ""min"": 60.0}]",True,70,70.0,70.0,,,False
1466,Trent University,Environment,Indigenous Enviro­nmental Science (Honours Science),RCI,False,"ENG4U, 1 of MHF4U/MCV4U/MDM4U","[{""n"": 1, ""options"": [""ENG4U""]}, {""n"": 1, ""options"": [""MHF4U"", ""MCV4U"", ""MDM4U""]}]",[],min 60 in ENG4U,,,"[{""course"": ""ENG4U"", ""min"": 60.0}]",True,70,70.0,70.0,,,False
1467,Trent University,Environment,Indigenous Enviro­nmental Studies (Honours Arts),RAI,False,ENG4U,"[{""n"": 1, ""options"": [""ENG4U""]}]",[],min 60 in ENG4U,,,"[{""course"": ""ENG4U"", ""min"": 60.0}]",True,70,70.0,70.0,,,False
1468,Trent University,Environment,Indigenous Enviro­nmental Studies (Honours Arts) - Co-op,RIE,False,ENG4U,"[{""n"": 1, ""options"": [""ENG4U""]}]",[],min 60 in ENG4U,,,"[{""course"": ""ENG4U"", ""min"": 60.0}]",True,80,80.0,80.0,,,False
1469,Trent University,Environment,Sustainable Agriculture & Food Systems (Honours Arts),RAH,False,ENG4U,"[{""n"": 1, ""options"": [""ENG4U""]}]",[],min 60 in ENG4U,,,"[{""course"": ""ENG4U"", ""min"": 60.0}]",True,70,70.0,70.0,,,False
1470,Trent University,Environment,Sustainable Agriculture & Food Systems (Honours Science),RAS,False,"ENG4U, SBI4U, 1 of MHF4U/MCV4U/MDM4U","[{""n"": 1, ""options"": [""ENG4U""]}, {""n"": 1, ""options"": [""SBI4U""]}, {""n"": 1, ""options"": [""MHF4U"", ""MCV4U"", ""MDM4U""]}]",[],min 60 in ENG4U,,,"[{""course"": ""ENG4U"", ""min"": 60.0}]",True,70,70.0,70.0,,,False
1471,Trent University,Environment,Water Sciences (Honours Science),RWA,False,"ENG4U, 1 of MHF4U/MCV4U/MDM4U","[{""n"": 1, ""options"": [""ENG4U""]}, {""n"": 1, ""options"": [""MHF4U"", ""MCV4U"", ""MDM4U""]}]",[],min 60 in ENG4U,,,"[{""course"": ""ENG4U"", ""min"": 60.0}]",True,70,70.0,70.0,,,False
1472,Trent University,Forensics,Anthro­pology & Forensics (Honours Arts),RBA,,,[],[],,,,[],False,,,,,,False
1473,Trent University,Forensics,Anthro­pology & Forensics (Honours Science),RBB,,,[],[],,,,[],False,,,,,,False
1474,Trent University,Forensics,Computer Science & Forensics,RZN,False,ENG4U,"[{""n"": 1, ""options"": [""ENG4U""]}]",[],min 60 in ENG4U,,,"[{""course"": ""ENG4U"", ""min"": 60.0}]",True,70,70.0,70.0,,,False
1475,Trent University,Forensics,Forensic Biology (B.Sc.),RUF,False,"ENG4U, SBI4U, SCH4U, 1 of MCV4U/MHF4U","[{""n"": 1, ""options"": [""ENG4U""]}, {""n"": 1, ""options"": [""SBI4U""]}, {""n"": 1, ""options"": [""SCH4U""]}, {""n"": 1, ""options"": [""MCV4U"", ""MHF4U""]}]",[],min 60 in ENG4U,,,"[{""course"": ""ENG4U"", ""min"": 60.0}]",True,75,75.0,75.0,,,False
1476,Trent University,Forensics,Forensic Chemistry (B.Sc.),RUH,False,"ENG4U, SBI4U, SCH4U, 1 of MCV4U/MHF4U","[{""n"": 1, ""options"": [""ENG4U""]}, {""n"": 1, ""options"": [""SBI4U""]}, {""n"": 1, ""options"": [""SCH4U""]}, {""n"": 1, ""options"": [""MCV4U"", ""MHF4U""]}]",[],min 60 in ENG4U,,,"[{""course"": ""ENG4U"", ""min"": 60.0}]",True,75,75.0,75.0,,,False
1477,Trent University,Forensics,Forensic Science (B.Sc.F.S.),RU,False,"ENG4U, SBI4U, SCH4U, 1 of MCV4U/MHF4U","[{""n"": 1, ""options"": [""ENG4U""]}, {""n"": 1, ""options"": [""SBI4U""]}, {""n"": 1, ""options"": [""SCH4U""]}, {""n"": 1, ""options"": [""MCV4U"", ""MHF4U""]}]",[],min 60 in ENG4U,,,"[{""course"": ""ENG4U"", ""min"": 60.0}]",True,75,75.0,75.0,,,False
1478,Trent University,Forensics,Forensics & Arts (Honours Arts),RCU,False,ENG4U,"[{""n"": 1, ""options"": [""ENG4U""]}]",[],min 60 in ENG4U,,,"[{""course"": ""ENG4U"", ""min"": 60.0}]",True,70,70.0,70.0,,,False
1479,Trent University,Forensics,Forensics & Science (Honours Science),RSU,False,ENG4U,"[{""n"": 1, ""options"": [""ENG4U""]}]",[],min 60 in ENG4U,,,"[{""course"": ""ENG4U"", ""min"": 60.0}]",True,70,70.0,70.0,,,False
1480,Trent University,Forensics,Psychology & Forensics (Honours Arts),RUA,False,ENG4U,"[{""n"": 1, ""options"": [""ENG4U""]}]",[],min 60 in ENG4U,,,"[{""course"": ""ENG4U"", ""min"": 60.0}]",True,70,70.0,70.0,,,False
1481,Trent University,Forensics,Psychology & Forensics (Honours Science),RUC,False,ENG4U,"[{""n"": 1, ""options"": [""ENG4U""]}]",[],min 60 in ENG4U,,,"[{""course"": ""ENG4U"", ""min"": 60.0}]",True,70,70.0,70.0,,,False
1482,Trent University,Health Programs / Medical Pathways,Bachelor of Arts and Science - Medical: Trent/​Swansea Dual Degree,RMD,False,ENG4U,"[{""n"": 1, ""options"": [""ENG4U""]}]",[],,,,[],False,80,80.0,80.0,,,False
1483,Trent University,Health Programs / Medical Pathways,Biomedical Science (Honours Science),RBS,False,"ENG4U, 1 of SBI4U/SCH4U/MHF4U/MCV4U, 1 of SPH4U/SES4U","[{""n"": 1, ""options"": [""ENG4U""]}, {""n"": 1, ""options"": [""SBI4U"", ""SCH4U"", ""MHF4U"", ""MCV4U""]}, {""n"": 1, ""options"": [""SPH4U"", ""SES4U""]}]",[],min 60 in ENG4U,,,"[{""course"": ""ENG4U"", ""min"": 60.0}]",True,75,75.0,75.0,,,False
1484,Trent University,Health Programs / Medical Pathways,Health & Behaviour (Honours Science),RHH,False,ENG4U,"[{""n"": 1, ""options"": [""ENG4U""]}]",[],min 60 in ENG4U,,,"[{""course"": ""ENG4U"", ""min"": 60.0}]",True,75,75.0,75.0,,,False
1485,Trent University,Health Programs / Medical Pathways,Health Sciences (Biology B.Sc.) Specia­lization,RZE,False,"ENG4U, SBI4U, SCH4U","[{""n"": 1, ""options"": [""ENG4U""]}, {""n"": 1, ""options"": [""SBI4U""]}, {""n"": 1, ""options"": [""SCH4U""]}]",[],min 60 in ENG4U,,,"[{""course"": ""ENG4U"", ""min"": 60.0}]",True,70,70.0,70.0,,,False
1486,Trent University,Health Programs / Medical Pathways,Kinesiology,RK,False,"ENG4U, SBI4U, 1 of SCH4U/SPH4U, 1 of MHF4U/MCV4U/MDM4U","[{""n"": 1, ""options"": [""ENG4U""]}, {""n"": 1, ""options"": [""SBI4U""]}, {""n"": 1, ""options"": [""SCH4U"", ""SPH4U""]}, {""n"": 1, ""options"": [""MHF4U"", ""MCV4U"", ""MDM4U""]}]",[],min 60 in ENG4U,,,"[{""course"": ""ENG4U"", ""min"": 60.0}]",True,75,75.0,75.0,,,False
1487,Trent University,Health Programs / Medical Pathways,Kinesiology - Co-op,RKD,False,"ENG4U, SBI4U, 1 of SCH4U/SPH4U, 1 of MHF4U/MCV4U/MDM4U","[{""n"": 1, ""options"": [""ENG4U""]}, {""n"": 1, ""options"": [""SBI4U""]}, {""n"": 1, ""options"": [""SCH4U"", ""SPH4U""]}, {""n"": 1, ""options"": [""MHF4U"", ""MCV4U"", ""MDM4U""]}]",[],min 60 in ENG4U,,,"[{""course"": ""ENG4U"", ""min"": 60.0}]",True,80,80.0,80.0,,,False
1488,Trent University,Health Programs / Medical Pathways,Medical Profes­sional Stream,RKA,False,ENG4U,"[{""n"": 1, ""options"": [""ENG4U""]}]",[],min 60 in ENG4U,,,"[{""course"": ""ENG4U"", ""min"": 60.0}]",True,80,80.0,80.0,,,False
1489,Trent University,Law Dual Degrees,Law (LL.B.) Business Admini­stration (B.B.A.): Trent/​Swansea Dual degree,RND,False,ENG4U,"[{""n"": 1, ""options"": [""ENG4U""]}]",[],min 60 in ENG4U,,,"[{""course"": ""ENG4U"", ""min"": 60.0}]",True,80,80.0,80.0,,,False
1490,Trent University,Law Dual Degrees,Law (LL.B.) Canadian Studies (B.A.): Trent/​Swansea Dual degree,RNR,False,ENG4U,"[{""n"": 1, ""options"": [""ENG4U""]}]",[],min 60 in ENG4U,,,"[{""course"": ""ENG4U"", ""min"": 60.0}]",True,80,80.0,80.0,,,False
1491,Trent University,Law Dual Degrees,Law (LL.B.) Criminology (B.A.): Trent/​Swansea Dual degree,RN,False,ENG4U,"[{""n"": 1, ""options"": [""ENG4U""]}]",[],min 60 in ENG4U,,,"[{""course"": ""ENG4U"", ""min"": 60.0}]",True,80,80.0,80.0,,,False
1492,Trent University,Law Dual Degrees,Law (LL.B.) Cultural Studies (B.A.): Trent/​Swansea Dual degree,RNJ,False,ENG4U,"[{""n"": 1, ""options"": [""ENG4U""]}]",[],min 60 in ENG4U,,,"[{""course"": ""ENG4U"", ""min"": 60.0}]",True,80,80.0,80.0,,,False
1493,Trent University,Law Dual Degrees,Law (LL.B.) Economics (B.A.): Trent/​Swansea Dual degree,RNM,False,ENG4U,"[{""n"": 1, ""options"": [""ENG4U""]}]",[],min 60 in ENG4U,,,"[{""course"": ""ENG4U"", ""min"": 60.0}]",True,80,80.0,80.0,,,False
1494,Trent University,Law Dual Degrees,Law (LL.B.) English Literature (B.A.): Trent/​Swansea Dual degree,RNS,False,ENG4U,"[{""n"": 1, ""options"": [""ENG4U""]}]",[],min 60 in ENG4U,,,"[{""course"": ""ENG4U"", ""min"": 60.0}]",True,80,80.0,80.0,,,False
1495,Trent University,Law Dual Degrees,Law (LL.B.) Enviro­nmental & Resource Studies (B.A.): Trent/​Swansea Dual degree,RNT,False,ENG4U,"[{""n"": 1, ""options"": [""ENG4U""]}]",[],min 60 in ENG4U,,,"[{""course"": ""ENG4U"", ""min"": 60.0}]",True,80,80.0,80.0,,,False
1496,Trent University,Law Dual Degrees,Law (LL.B.) Gender & Social Justice (B.A.): Trent/​Swansea Dual degree,RNU,False,ENG4U,"[{""n"": 1, ""options"": [""ENG4U""]}]",[],min 60 in ENG4U,,,"[{""course"": ""ENG4U"", ""min"": 60.0}]",True,80,80.0,80.0,,,False
1497,Trent University,Law Dual Degrees,Law (LL.B.) Geography (B.A.): Trent/​Swansea Dual degree,RNG,False,,[],[],,,,[],False,80,80.0,80.0,,,False
1498,Trent University,Law Dual Degrees,Law (LL.B.) Global Development Studies (B.A.): Trent/​Swansea Dual degree,RNW,False,ENG4U,"[{""n"": 1, ""options"": [""ENG4U""]}]",[],min 60 in ENG4U,,,"[{""course"": ""ENG4U"", ""min"": 60.0}]",True,80,80.0,80.0,,,False
1499,Trent University,Law Dual Degrees,Law (LL.B.) History (B.A.): Trent/​Swansea Dual degree,RNV,False,ENG4U,"[{""n"": 1, ""options"": [""ENG4U""]}]",[],min 60 in ENG4U,,,"[{""course"": ""ENG4U"", ""min"": 60.0}]",True,80,80.0,80.0,,,False
1500,Trent University,Law Dual Degrees,Law (LL.B.) Human Rights & Global Justice (B.A.): Trent/​Swansea Dual Degree,RMZ,False,ENG4U,"[{""n"": 1, ""options"": [""ENG4U""]}]",[],min 60 in ENG4U,,,"[{""course"": ""ENG4U"", ""min"": 60.0}]",True,80,80.0,80.0,,,False
1501,Trent University,Law Dual Degrees,Law (LL.B.) Indigenous Studies (B.A.): Trent/​Swansea Dual degree,RNI,False,ENG4U,"[{""n"": 1, ""options"": [""ENG4U""]}]",[],min 60 in ENG4U,,,"[{""course"": ""ENG4U"", ""min"": 60.0}]",True,80,80.0,80.0,,,False
1502,Trent University,Law Dual Degrees,Law (LL.B.) Media Studies (B.A.): Trent/​Swansea Dual degree,RNL,False,ENG4U,"[{""n"": 1, ""options"": [""ENG4U""]}]",[],min 60 in ENG4U,,,"[{""course"": ""ENG4U"", ""min"": 60.0}]",True,80,80.0,80.0,,,False
1503,Trent University,Law Dual Degrees,Law (LL.B.) Philosophy (B.A.): Trent/​Swansea Dual degree,RNZ,False,ENG4U,"[{""n"": 1, ""options"": [""ENG4U""]}]",[],min 60 in ENG4U,,,"[{""course"": ""ENG4U"", ""min"": 60.0}]",True,80,80.0,80.0,,,False
1504,Trent University,Law Dual Degrees,Law (LL.B.) Political Studies (B.A.): Trent/​Swansea Dual degree,RNX,False,ENG4U,"[{""n"": 1, ""options"": [""ENG4U""]}]",[],min 60 in ENG4U,,,"[{""course"": ""ENG4U"", ""min"": 60.0}]",True,80,80.0,80.0,,,False
1505,Trent University,Law Dual Degrees,Law (LL.B.) Sociology (B.A.): Trent/​Swansea Dual degree,RNY,False,ENG4U,"[{""n"": 1, ""options"": [""ENG4U""]}]",[],min 60 in ENG4U,,,"[{""course"": ""ENG4U"", ""min"": 60.0}]",True,80,80.0,80.0,,,False
1506,Trent University,Nursing,Nursing - Compressed Stream (B.Sc.N.),RFN,False,"ENG4U, SBI4U, SCH4U, 1 of MHF4U/MCV4U/MDM4U","[{""n"": 1, ""options"": [""ENG4U""]}, {""n"": 1, ""options"": [""SBI4U""]}, {""n"": 1, ""options"": [""SCH4U""]}, {""n"": 1, ""options"": [""MHF4U"", ""MCV4U"", ""MDM4U""]}]",[],"min 70 in ENG4U, SBI4U, SCH4U, and 1 of MHF4U/MCV4U/MDM4U",,,"[{""course"": ""ENG4U"", ""min"": 70.0}]",True,75,75.0,75.0,,,False
1507,Trent University,Nursing,Nursing - Collab­orative Stream (B.Sc.N.),RCN,False,"ENG4U, SBI4U, SCH4U, 1 of MHF4U/MCV4U/MDM4U","[{""n"": 1, ""options"": [""ENG4U""]}, {""n"": 1, ""options"": [""SBI4U""]}, {""n"": 1, ""options"": [""SCH4U""]}, {""n"": 1, ""options"": [""MHF4U"", ""MCV4U"", ""MDM4U""]}]",[],"min 70 in ENG4U, SBI4U, SCH4U, and 1 of MHF4U/MCV4U/MDM4U",,,"[{""course"": ""ENG4U"", ""min"": 70.0}]",True,75,75.0,75.0,,,False
1508,Trent University,Science (B.Sc.),Anthro­pology (Honours Science),RSA,False,ENG4U (recommended: MHF4U/MCV4U/MDM4U),"[{""n"": 1, ""options"": [""ENG4U"", ""MHF4U"", ""MCV4U"", ""MDM4U""]}]",[],min 60 in ENG4U,,,"[{""course"": ""ENG4U"", ""min"": 60.0}]",True,70,70.0,70.0,,,False
1509,Trent University,Science (B.Sc.),Anthro­pology (Honours Science) - Co-op,RFY,False,ENG4U (recommended: MHF4U/MCV4U/MDM4U),"[{""n"": 1, ""options"": [""ENG4U"", ""MHF4U"", ""MCV4U"", ""MDM4U""]}]",[],min 60 in ENG4U,,,"[{""course"": ""ENG4U"", ""min"": 60.0}]",True,80,80.0,80.0,,,False
1510,Trent University,Science (B.Sc.),Archaeology (Honours Science),RAF,False,ENG4U (recommended: MHF4U/MCV4U/MDM4U),"[{""n"": 1, ""options"": [""ENG4U"", ""MHF4U"", ""MCV4U"", ""MDM4U""]}]",[],min 60 in ENG4U,,,"[{""course"": ""ENG4U"", ""min"": 60.0}]",True,70,70.0,70.0,,,False
1511,Trent University,Science (B.Sc.),Archaeology (Honours Science) - Co-op,RFS,False,ENG4U (recommended: MHF4U/MCV4U/MDM4U),"[{""n"": 1, ""options"": [""ENG4U"", ""MHF4U"", ""MCV4U"", ""MDM4U""]}]",[],min 60 in ENG4U,,,"[{""course"": ""ENG4U"", ""min"": 60.0}]",True,80,80.0,80.0,,,False
1512,Trent University,Science (B.Sc.),Bioche­mistry & Molecular Biology (Honours Science),RBM,False,"ENG4U, SBI4U, SCH4U","[{""n"": 1, ""options"": [""ENG4U""]}, {""n"": 1, ""options"": [""SBI4U""]}, {""n"": 1, ""options"": [""SCH4U""]}]",[],min 60 in ENG4U,,,"[{""course"": ""ENG4U"", ""min"": 60.0}]",True,70,70.0,70.0,,,False
1513,Trent University,Science (B.Sc.),Biology (Honours Science),RBI,False,"ENG4U, SBI4U, SCH4U (recommended: MHF4U/MCV4U/MDM4U)","[{""n"": 1, ""options"": [""ENG4U""]}, {""n"": 1, ""options"": [""SBI4U""]}, {""n"": 1, ""options"": [""SCH4U"", ""MHF4U"", ""MCV4U"", ""MDM4U""]}]",[],min 60 in ENG4U,,,"[{""course"": ""ENG4U"", ""min"": 60.0}]",True,70,70.0,70.0,,,False
1514,Trent University,Science (B.Sc.),Chemical Engineering: Trent/​Swansea Dual Degree,RCE,False,"ENG4U, SCH4U, SPH4U, 1 of MCV4U/MHF4U","[{""n"": 1, ""options"": [""ENG4U""]}, {""n"": 1, ""options"": [""SCH4U""]}, {""n"": 1, ""options"": [""SPH4U""]}, {""n"": 1, ""options"": [""MCV4U"", ""MHF4U""]}]",[],,,,[],False,80,80.0,80.0,,,False
1515,Trent University,Science (B.Sc.),Chemical Physics (Honours Science),RHY,False,"ENG4U, SCH4U, 1 of MHF4U/MCV4U (recommended: SPH4U)","[{""n"": 1, ""options"": [""ENG4U""]}, {""n"": 1, ""options"": [""SCH4U""]}, {""n"": 1, ""options"": [""MHF4U"", ""MCV4U"", ""SPH4U""]}]",[],min 60 in ENG4U,,,"[{""course"": ""ENG4U"", ""min"": 60.0}]",True,70,70.0,70.0,,,False
1516,Trent University,Science (B.Sc.),Chemistry (Honours Science),RCH,False,"ENG4U, SCH4U, MHF4U, MCV4U","[{""n"": 1, ""options"": [""ENG4U""]}, {""n"": 1, ""options"": [""SCH4U""]}, {""n"": 1, ""options"": [""MHF4U""]}, {""n"": 1, ""options"": [""MCV4U""]}]",[],min 60 in ENG4U,,,"[{""course"": ""ENG4U"", ""min"": 60.0}]",True,70,70.0,70.0,,,False
1517,Trent University,Science (B.Sc.),Chemistry (Honours Science) - Co-op,RYK,False,"ENG4U, SCH4U, MHF4U, MCV4U","[{""n"": 1, ""options"": [""ENG4U""]}, {""n"": 1, ""options"": [""SCH4U""]}, {""n"": 1, ""options"": [""MHF4U""]}, {""n"": 1, ""options"": [""MCV4U""]}]",[],min 60 in ENG4U,,,"[{""course"": ""ENG4U"", ""min"": 60.0}]",True,80,80.0,80.0,,,False
1518,Trent University,Science (B.Sc.),Computer Science (Honours Science),RSC,False,ENG4U (recommended: MHF4U/MCV4U/MDM4U),"[{""n"": 1, ""options"": [""ENG4U"", ""MHF4U"", ""MCV4U"", ""MDM4U""]}]",[],min 60 in ENG4U,,,"[{""course"": ""ENG4U"", ""min"": 60.0}]",True,70,70.0,70.0,,,False
1519,Trent University,Science (B.Sc.),Computer Science (Honours Science) - Co-op,RZK,False,ENG4U (recommended: MHF4U/MCV4U/MDM4U),"[{""n"": 1, ""options"": [""ENG4U"", ""MHF4U"", ""MCV4U"", ""MDM4U""]}]",[],min 60 in ENG4U,,,"[{""course"": ""ENG4U"", ""min"": 60.0}]",True,80,80.0,80.0,,,False
1520,Trent University,Science (B.Sc.),Conser­vation Biology (Honours Science),RZL,False,"ENG4U, 1 of MHF4U/MCV4U, SCH4U, SBI4U","[{""n"": 1, ""options"": [""ENG4U""]}, {""n"": 1, ""options"": [""MHF4U"", ""MCV4U""]}, {""n"": 1, ""options"": [""SCH4U""]}, {""n"": 1, ""options"": [""SBI4U""]}]",[],min 60 in ENG4U,,,"[{""course"": ""ENG4U"", ""min"": 60.0}]",True,75,75.0,75.0,,,False
1521,Trent University,Science (B.Sc.),Conser­vation Biology (Honours Science) - Co-op,RZM,False,"ENG4U, 1 of MHF4U/MCV4U, SCH4U, SBI4U","[{""n"": 1, ""options"": [""ENG4U""]}, {""n"": 1, ""options"": [""MHF4U"", ""MCV4U""]}, {""n"": 1, ""options"": [""SCH4U""]}, {""n"": 1, ""options"": [""SBI4U""]}]",[],min 60 in ENG4U,,,"[{""course"": ""ENG4U"", ""min"": 60.0}]",True,75,75.0,75.0,,,False
1522,Trent University,Science (B.Sc.),Data Science (Honours Science),RDT,False,"ENG4U, MHF4U, 1 of MDM4U/MCV4U","[{""n"": 1, ""options"": [""ENG4U""]}, {""n"": 1, ""options"": [""MHF4U""]}, {""n"": 1, ""options"": [""MDM4U"", ""MCV4U""]}]",[],min 60 in ENG4U,,,"[{""course"": ""ENG4U"", ""min"": 60.0}]",True,75,75.0,75.0,,,False
1523,Trent University,Science (B.Sc.),Economics (Honours Science),RBY,False,ENG4U (recommended: MHF4U/MCV4U/MDM4U),"[{""n"": 1, ""options"": [""ENG4U"", ""MHF4U"", ""MCV4U"", ""MDM4U""]}]",[],min 60 in ENG4U,,,"[{""course"": ""ENG4U"", ""min"": 60.0}]",True,70,70.0,70.0,,,False
1524,Trent University,Science (B.Sc.),Economics (Honours Science) - Co-op,RBZ,False,ENG4U (recommended: MHF4U/MCV4U/MDM4U),"[{""n"": 1, ""options"": [""ENG4U"", ""MHF4U"", ""MCV4U"", ""MDM4U""]}]",[],min 60 in ENG4U,,,"[{""course"": ""ENG4U"", ""min"": 60.0}]",True,80,80.0,80.0,,,False
1525,Trent University,Science (B.Sc.),Financial Science (Honours Science) - Co-op,RLH,False,"ENG4U, 1 of MCV4U/MHF4U","[{""n"": 1, ""options"": [""ENG4U""]}, {""n"": 1, ""options"": [""MCV4U"", ""MHF4U""]}]",[],,,,[],False,80,80.0,80.0,,,False
1526,Trent University,Science (B.Sc.),Forensic Anthro­pology (Honours Science),RBH,False,"ENG4U, SBI4U, 1 of MHF4U/MCV4U/MDM4U","[{""n"": 1, ""options"": [""ENG4U""]}, {""n"": 1, ""options"": [""SBI4U""]}, {""n"": 1, ""options"": [""MHF4U"", ""MCV4U"", ""MDM4U""]}]",[],,,,[],False,75,75.0,75.0,,,False
1527,Trent University,Science (B.Sc.),Mathem­atical Economics (Honours Science),RME,False,"ENG4U, 1 of MHF4U/MCV4U","[{""n"": 1, ""options"": [""ENG4U""]}, {""n"": 1, ""options"": [""MHF4U"", ""MCV4U""]}]",[],min 60 in ENG4U,,,"[{""course"": ""ENG4U"", ""min"": 60.0}]",True,70,70.0,70.0,,,False
1528,Trent University,Science (B.Sc.),Mathem­atical Physics (Honours Science),RMP,False,"ENG4U, 1 of MHF4U/MCV4U (recommended: SPH4U)","[{""n"": 1, ""options"": [""ENG4U""]}, {""n"": 1, ""options"": [""MHF4U"", ""MCV4U"", ""SPH4U""]}]",[],min 60 in ENG4U,,,"[{""course"": ""ENG4U"", ""min"": 60.0}]",True,70,70.0,70.0,,,False
1529,Trent University,Science (B.Sc.),Mathematics (Honours Science),RMA,False,"ENG4U, 1 of MHF4U/MCV4U","[{""n"": 1, ""options"": [""ENG4U""]}, {""n"": 1, ""options"": [""MHF4U"", ""MCV4U""]}]",[],min 60 in ENG4U,,,"[{""course"": ""ENG4U"", ""min"": 60.0}]",True,70,70.0,70.0,,,False
1530,Trent University,Science (B.Sc.),Physics (Honours Science),RPY,False,"ENG4U, 1 of MHF4U/MCV4U (recommended: SPH4U)","[{""n"": 1, ""options"": [""ENG4U""]}, {""n"": 1, ""options"": [""MHF4U"", ""MCV4U"", ""SPH4U""]}]",[],min 60 in ENG4U,,,"[{""course"": ""ENG4U"", ""min"": 60.0}]",True,70,70.0,70.0,,,False
1531,Trent University,Science (B.Sc.),Psychology (Honours Science),RPS,False,ENG4U (recommended: MHF4U/MCV4U/MDM4U),"[{""n"": 1, ""options"": [""ENG4U"", ""MHF4U"", ""MCV4U"", ""MDM4U""]}]",[],min 60 in ENG4U,,,"[{""course"": ""ENG4U"", ""min"": 60.0}]",True,70,70.0,70.0,,,False
1532,Trent University,Science (B.Sc.),Psychology (Honours Science) - Co-op,RYS,False,ENG4U (recommended: MHF4U/MCV4U/MDM4U),"[{""n"": 1, ""options"": [""ENG4U"", ""MHF4U"", ""MCV4U"", ""MDM4U""]}]",[],min 60 in ENG4U,,,"[{""course"": ""ENG4U"", ""min"": 60.0}]",True,80,80.0,80.0,,,False
1533,Trent University,Science (B.Sc.),Software Engineering (Honours Science) - Co-op,RZC,False,ENG4U (recommended: MHF4U/MCV4U/MDM4U),"[{""n"": 1, ""options"": [""ENG4U"", ""MHF4U"", ""MCV4U"", ""MDM4U""]}]",[],min 60 in ENG4U,,,"[{""course"": ""ENG4U"", ""min"": 60.0}]",True,80,80.0,80.0,,,False
1534,Trent University,Social Work,Social Work (BSW),RSW,False,ENG4U,"[{""n"": 1, ""options"": [""ENG4U""]}]",[],min 60 in ENG4U,,,"[{""course"": ""ENG4U"", ""min"": 60.0}]",True,70,70.0,70.0,,,False
1535,Trent University,Diploma Programs,Circumpolar Studies Diploma - Online Program,RCJ,False,ENG4U,"[{""n"": 1, ""options"": [""ENG4U""]}]",[],min 60 in ENG4U,,,"[{""course"": ""ENG4U"", ""min"": 60.0}]",True,70,70.0,70.0,,,False
1536,Trent University,Diploma Programs,Foundations of Indigenous Learning - Peterb­orough Campus,RG,,"NA
open to students of indigenous ancestry who have the equivalent of ontario grade 12 or qualify as mature students",[],"[""NA\nopen to students of indigenous ancestry who have the equivalent of ontario grade 12 or qualify as mature students""]",,,,[],False,,,,,,False
1537,Trent University,Diploma Programs,Indigenous Enviro­nmental Studies - Peterb­orough Campus,RM,,"NA
open to students of indigenous ancestry who have the equivalent of ontario grade 12 or qualify as mature students",[],"[""NA\nopen to students of indigenous ancestry who have the equivalent of ontario grade 12 or qualify as mature students""]",,,,[],False,,,,,,False
1538,Trent University (Durham GTA),Exploration Year,Undeclared Arts (Honours Arts),ROY,False,ENG4U,"[{""n"": 1, ""options"": [""ENG4U""]}]",[],min 60 in ENG4U,,,"[{""course"": ""ENG4U"", ""min"": 60.0}]",True,70,70.0,70.0,,,False
1539,Trent University (Durham GTA),Exploration Year,Undeclared Science (Honours Science),ROX,False,ENG4U,"[{""n"": 1, ""options"": [""ENG4U""]}]",[],min 60 in ENG4U,,,"[{""course"": ""ENG4U"", ""min"": 60.0}]",True,70,70.0,70.0,,,False
1540,Trent University (Durham GTA),Arts,Anthro­pology (Honours Arts),ROA,False,ENG4U,"[{""n"": 1, ""options"": [""ENG4U""]}]",[],min 60 in ENG4U,,,"[{""course"": ""ENG4U"", ""min"": 60.0}]",True,70,70.0,70.0,,,False
1541,Trent University (Durham GTA),Arts,Artificial Intell­igence (Honours Arts),RIJ,False,ENG4U,"[{""n"": 1, ""options"": [""ENG4U""]}]",[],min 60 in ENG4U,,,"[{""course"": ""ENG4U"", ""min"": 60.0}]",True,70,70.0,70.0,,,False
1542,Trent University (Durham GTA),Arts,Artificial Intell­igence (Honours Arts) - Co-op,RIO,False,ENG4U,"[{""n"": 1, ""options"": [""ENG4U""]}]",[],min 60 in ENG4U,,,"[{""course"": ""ENG4U"", ""min"": 60.0}]",True,80,80.0,80.0,,,False
1543,Trent University (Durham GTA),Arts,Child & Youth Studies (Honours Arts),ROV,False,ENG4U,"[{""n"": 1, ""options"": [""ENG4U""]}]",[],min 60 in ENG4U,,,"[{""course"": ""ENG4U"", ""min"": 60.0}]",True,70,70.0,70.0,,,False
1544,Trent University (Durham GTA),Arts,Commun­ications (Honours Arts),ROC,False,ENG4U,"[{""n"": 1, ""options"": [""ENG4U""]}]",[],min 60 in ENG4U,,,"[{""course"": ""ENG4U"", ""min"": 60.0}]",True,70,70.0,70.0,,,False
1545,Trent University (Durham GTA),Arts,Commun­ications (Honours Arts) - Co-op,ROL,False,ENG4U,"[{""n"": 1, ""options"": [""ENG4U""]}]",[],min 60 in ENG4U,,,"[{""course"": ""ENG4U"", ""min"": 60.0}]",True,80,80.0,80.0,,,False
1546,Trent University (Durham GTA),Arts,Criminology (Honours Arts),RAP,False,ENG4U,"[{""n"": 1, ""options"": [""ENG4U""]}]",[],min 60 in ENG4U,,,"[{""course"": ""ENG4U"", ""min"": 60.0}]",True,75,75.0,75.0,,,False
1547,Trent University (Durham GTA),Arts,Criminology (Honours Arts) - Co-op,RAY,False,ENG4U,"[{""n"": 1, ""options"": [""ENG4U""]}]",[],min 60 in ENG4U,,,"[{""course"": ""ENG4U"", ""min"": 60.0}]",True,80,80.0,80.0,,,False
1548,Trent University (Durham GTA),Arts,English Literature (Honours Arts),ROE,False,ENG4U,"[{""n"": 1, ""options"": [""ENG4U""]}]",[],min 60 in ENG4U,,,"[{""course"": ""ENG4U"", ""min"": 60.0}]",True,70,70.0,70.0,,,False
1549,Trent University (Durham GTA),Arts,English Literature (Honours Arts) - Co-op,RIK,False,ENG4U,"[{""n"": 1, ""options"": [""ENG4U""]}]",[],min 60 in ENG4U,,,"[{""course"": ""ENG4U"", ""min"": 60.0}]",True,80,80.0,80.0,,,False
1550,Trent University (Durham GTA),Arts,Gender & Social Justice (General Arts),RGW,False,ENG4U,"[{""n"": 1, ""options"": [""ENG4U""]}]",[],min 60 in ENG4U,,,"[{""course"": ""ENG4U"", ""min"": 60.0}]",True,70,70.0,70.0,,,False
1551,Trent University (Durham GTA),Arts,Journalism /​ Media Studies Joint-Program (Trent University & Durham College),RCL,False,ENG4U,"[{""n"": 1, ""options"": [""ENG4U""]}]",[],min 60 in ENG4U,,,"[{""course"": ""ENG4U"", ""min"": 60.0}]",True,70,70.0,70.0,,,False
1552,Trent University (Durham GTA),Arts,Logistics & Supply Chain Management,RAE,False,"ENG4U, 1 of MHF4U/MCV4U/MDM4U","[{""n"": 1, ""options"": [""ENG4U""]}, {""n"": 1, ""options"": [""MHF4U"", ""MCV4U"", ""MDM4U""]}]",[],min 60 in ENG4U,,,"[{""course"": ""ENG4U"", ""min"": 60.0}]",True,75,75.0,75.0,,,False
1553,Trent University (Durham GTA),Arts,Media Studies (Honours Arts),ROM,False,ENG4U,"[{""n"": 1, ""options"": [""ENG4U""]}]",[],min 60 in ENG4U,,,"[{""course"": ""ENG4U"", ""min"": 60.0}]",True,70,70.0,70.0,,,False
1554,Trent University (Durham GTA),Arts,Philosophy (Honours Arts),RBG,False,ENG4U,"[{""n"": 1, ""options"": [""ENG4U""]}]",[],min 60 in ENG4U,,,"[{""course"": ""ENG4U"", ""min"": 60.0}]",True,70,70.0,70.0,,,False
1555,Trent University (Durham GTA),Arts,Policing & Community Well-Being,RPC,False,ENG4U,"[{""n"": 1, ""options"": [""ENG4U""]}]",[],min 60 in ENG4U,,,"[{""course"": ""ENG4U"", ""min"": 60.0}]",True,75,75.0,75.0,,,False
1556,Trent University (Durham GTA),Arts,Psychology (Honours Arts),ROP,False,ENG4U (recommended: MHF4U/MCV4U/MDM4U),"[{""n"": 1, ""options"": [""ENG4U"", ""MHF4U"", ""MCV4U"", ""MDM4U""]}]",[],min 60 in ENG4U,,,"[{""course"": ""ENG4U"", ""min"": 60.0}]",True,70,70.0,70.0,,,False
1557,Trent University (Durham GTA),Arts,Sociology (Honours Arts),ROS,False,ENG4U,"[{""n"": 1, ""options"": [""ENG4U""]}]",[],min 60 in ENG4U,,,"[{""course"": ""ENG4U"", ""min"": 60.0}]",True,70,70.0,70.0,,,False
1558,Trent University (Durham GTA),Arts,Sociology (Honours Arts) - Co-op,ROW,False,ENG4U,"[{""n"": 1, ""options"": [""ENG4U""]}]",[],min 60 in ENG4U,,,"[{""course"": ""ENG4U"", ""min"": 60.0}]",True,80,80.0,80.0,,,False
1559,Trent University (Durham GTA),Arts,Child & Youth Studies and Psychology (Honours Arts),ROI,False,ENG4U,"[{""n"": 1, ""options"": [""ENG4U""]}]",[],min 60 in ENG4U,,,"[{""course"": ""ENG4U"", ""min"": 60.0}]",True,70,70.0,70.0,,,False
1560,Trent University (Durham GTA),Arts,Child & Youth Studies and Sociology (Honours Arts),ROK,False,ENG4U,"[{""n"": 1, ""options"": [""ENG4U""]}]",[],min 60 in ENG4U,,,"[{""course"": ""ENG4U"", ""min"": 60.0}]",True,70,70.0,70.0,,,False
1561,Trent University (Durham GTA),Arts,English Literature & Media Studies (Honours Arts),RFE,False,ENG4U,"[{""n"": 1, ""options"": [""ENG4U""]}]",[],min 60 in ENG4U,,,"[{""course"": ""ENG4U"", ""min"": 60.0}]",True,70,70.0,70.0,,,False
1562,Trent University (Durham GTA),Arts,Psychology & Media Studies (Honours Arts),RFK,False,ENG4U,"[{""n"": 1, ""options"": [""ENG4U""]}]",[],min 60 in ENG4U,,,"[{""course"": ""ENG4U"", ""min"": 60.0}]",True,70,70.0,70.0,,,False
1563,Trent University (Durham GTA),Arts,Psychology & Sociology (Honours Arts),RFM,False,ENG4U (recommended: MHF4U/MCV4U/MDM4U),"[{""n"": 1, ""options"": [""ENG4U"", ""MHF4U"", ""MCV4U"", ""MDM4U""]}]",[],min 60 in ENG4U,,,"[{""course"": ""ENG4U"", ""min"": 60.0}]",True,70,70.0,70.0,,,False
1564,Trent University (Durham GTA),Arts,Psychology & Anthro­pology (Honours Arts),RF,False,ENG4U,"[{""n"": 1, ""options"": [""ENG4U""]}]",[],min 60 in ENG4U,,,"[{""course"": ""ENG4U"", ""min"": 60.0}]",True,70,70.0,70.0,,,False
1565,Trent University (Durham GTA),Arts,Sociology & Anthro­pology (Honours Arts),RFA,False,ENG4U,"[{""n"": 1, ""options"": [""ENG4U""]}]",[],min 60 in ENG4U,,,"[{""course"": ""ENG4U"", ""min"": 60.0}]",True,70,70.0,70.0,,,False
1566,Trent University (Durham GTA),Business,BBA and Masters of Management Fast Track Program,RKH,False,1 of MHF4U/MCV4U/MDM4U,"[{""n"": 1, ""options"": [""MHF4U"", ""MCV4U"", ""MDM4U""]}]",[],,,,[],False,80,80.0,80.0,,,False
1567,Trent University (Durham GTA),Business,Business Admini­stration (BBA),RDO,False,ENG4U,"[{""n"": 1, ""options"": [""ENG4U""]}]",[],min 60 in ENG4U,,,"[{""course"": ""ENG4U"", ""min"": 60.0}]",True,70,70.0,70.0,,,False
1568,Trent University (Durham GTA),Business,Business Admini­stration (BBA) - Co-op,RDU,False,ENG4U,"[{""n"": 1, ""options"": [""ENG4U""]}]",[],min 60 in ENG4U,,,"[{""course"": ""ENG4U"", ""min"": 60.0}]",True,80,80.0,80.0,,,False
1569,Trent University (Durham GTA),Business,Business Admini­stration (BBA) - Accounting,RLC,False,"ENG4U, 1 of MHF4U/MCV4U/MDM4U","[{""n"": 1, ""options"": [""ENG4U""]}, {""n"": 1, ""options"": [""MHF4U"", ""MCV4U"", ""MDM4U""]}]",[],min 60 in ENG4U,,,"[{""course"": ""ENG4U"", ""min"": 60.0}]",True,70,70.0,70.0,,,False
1570,Trent University (Durham GTA),Business,Business Admini­stration (BBA) - Accounting - Co-op,RDN,False,"ENG4U, 1 of MHF4U/MCV4U/MDM4U","[{""n"": 1, ""options"": [""ENG4U""]}, {""n"": 1, ""options"": [""MHF4U"", ""MCV4U"", ""MDM4U""]}]",[],min 60 in ENG4U,,,"[{""course"": ""ENG4U"", ""min"": 60.0}]",True,80,80.0,80.0,,,False
1571,Trent University (Durham GTA),Business,Arts & Business (Honours Arts),ROB,False,ENG4U (recommended: MHF4U/MCV4U/MCB4U),"[{""n"": 1, ""options"": [""ENG4U"", ""MHF4U"", ""MCV4U"", ""MCB4U""]}]",[],min 60 in ENG4U,,,"[{""course"": ""ENG4U"", ""min"": 60.0}]",True,70,70.0,70.0,,,False
1572,Trent University (Durham GTA),Business,Science & Business (Honours Science),ROO,False,ENG4U (recommended: MHF4U/MCV4U),"[{""n"": 1, ""options"": [""ENG4U"", ""MHF4U"", ""MCV4U""]}]",[],min 60 in ENG4U,,,"[{""course"": ""ENG4U"", ""min"": 60.0}]",True,70,70.0,70.0,,,False
1573,Trent University (Durham GTA),Business,Business & Psychology (Honours Arts),RXC,False,ENG4U (recommended: MHF4U/MCV4U/MDM4U),"[{""n"": 1, ""options"": [""ENG4U"", ""MHF4U"", ""MCV4U"", ""MDM4U""]}]",[],min 60 in ENG4U,,,"[{""course"": ""ENG4U"", ""min"": 60.0}]",True,70,70.0,70.0,,,False
1574,Trent University (Durham GTA),Education,Teacher Education Stream - Arts (Honours),ROQ,False,ENG4U,"[{""n"": 1, ""options"": [""ENG4U""]}]",[],min 60 in ENG4U,,,"[{""course"": ""ENG4U"", ""min"": 60.0}]",True,75,75.0,75.0,,,False
1575,Trent University (Durham GTA),Education,Teacher Education Stream - Science (Honours),ROZ,False,"ENG4U, 1 of MHF4U/MCV4U/MDM4U","[{""n"": 1, ""options"": [""ENG4U""]}, {""n"": 1, ""options"": [""MHF4U"", ""MCV4U"", ""MDM4U""]}]",[],min 60 in ENG4U,,,"[{""course"": ""ENG4U"", ""min"": 60.0}]",True,75,75.0,75.0,,,False
1576,Trent University (Durham GTA),Law Dual Degrees,Law (LL.B.) Business Admini­stration (B.B.A.): Trent/​Swansea Dual degree,RNC,False,ENG4U,"[{""n"": 1, ""options"": [""ENG4U""]}]",[],min 60 in ENG4U,,,"[{""course"": ""ENG4U"", ""min"": 60.0}]",True,80,80.0,80.0,,,False
1577,Trent University (Durham GTA),Law Dual Degrees,Law (LL.B.) Commun­ications (B.A.): Trent/​Swansea Dual degree,RNE,False,,[],[],,,,[],False,80,80.0,80.0,,,False
1578,Trent University (Durham GTA),Law Dual Degrees,Law (LL.B.) Criminology (B.A.): Trent/​Swansea Dual degree,RNH,False,ENG4U,"[{""n"": 1, ""options"": [""ENG4U""]}]",[],min 60 in ENG4U,,,"[{""course"": ""ENG4U"", ""min"": 60.0}]",True,80,80.0,80.0,,,False
1579,Trent University (Durham GTA),Law Dual Degrees,Law (LL.B.) English Literature (B.A.): Trent/​Swansea Dual degree,RNN,False,ENG4U,"[{""n"": 1, ""options"": [""ENG4U""]}]",[],min 60 in ENG4U,,,"[{""course"": ""ENG4U"", ""min"": 60.0}]",True,80,80.0,80.0,,,False
1580,Trent University (Durham GTA),Law Dual Degrees,Law (LL.B.) Media Studies (B.A.): Trent/​Swansea Dual degree,RNK,False,ENG4U,"[{""n"": 1, ""options"": [""ENG4U""]}]",[],min 60 in ENG4U,,,"[{""course"": ""ENG4U"", ""min"": 60.0}]",True,80,80.0,80.0,,,False
1581,Trent University (Durham GTA),Law Dual Degrees,Law (LL.B.) Philosophy (B.A.): Trent/​Swansea Dual Degree,RNP,False,ENG4U,"[{""n"": 1, ""options"": [""ENG4U""]}]",[],min 60 in ENG4U,,,"[{""course"": ""ENG4U"", ""min"": 60.0}]",True,80,80.0,80.0,,,False
1582,Trent University (Durham GTA),Law Dual Degrees,Law (LL.B.) Sociology (B.A.): Trent/​Swansea Dual Degree,RNQ,False,ENG4U,"[{""n"": 1, ""options"": [""ENG4U""]}]",[],min 60 in ENG4U,,,"[{""course"": ""ENG4U"", ""min"": 60.0}]",True,80,80.0,80.0,,,False
1583,Trent University (Durham GTA),Science,Artificial Intell­igence (Honours Science),RMG,False,"ENG4U, MHF4U","[{""n"": 1, ""options"": [""ENG4U""]}, {""n"": 1, ""options"": [""MHF4U""]}]",[],min 60 in ENG4U,,,"[{""course"": ""ENG4U"", ""min"": 60.0}]",True,70,70.0,70.0,,,False
1584,Trent University (Durham GTA),Science,Artificial Intell­igence (Honours Science) - Co-op,RMK,False,"ENG4U, MHF4U","[{""n"": 1, ""options"": [""ENG4U""]}, {""n"": 1, ""options"": [""MHF4U""]}]",[],min 60 in ENG4U,,,"[{""course"": ""ENG4U"", ""min"": 60.0}]",True,80,80.0,80.0,,,False
1585,Trent University (Durham GTA),Science,Computer Science (Honours Science),RCM,False,ENG4U (recommended: MHF4U/MCV4U/MDM4U),"[{""n"": 1, ""options"": [""ENG4U"", ""MHF4U"", ""MCV4U"", ""MDM4U""]}]",[],,,,[],False,70,70.0,70.0,,,False
1586,Trent University (Durham GTA),Science,Psychology (Honours Science),ROG,False,ENG4U (recommended: MHF4U/MCV4U/MDM4U),"[{""n"": 1, ""options"": [""ENG4U"", ""MHF4U"", ""MCV4U"", ""MDM4U""]}]",[],min 60 in ENG4U,,,"[{""course"": ""ENG4U"", ""min"": 60.0}]",True,70,70.0,70.0,,,False
1587,Trent University (Durham GTA),Social Work,Social Work (BSW),ROJ,False,ENG4U,"[{""n"": 1, ""options"": [""ENG4U""]}]",[],min 60 in ENG4U,,,"[{""course"": ""ENG4U"", ""min"": 60.0}]",True,70,70.0,70.0,,,False
1588,University of Windsor,Social Work,Actuarial Science,NMA,False,"ENG4U, MHF4U, MCV4U","[{""n"": 1, ""options"": [""ENG4U""]}, {""n"": 1, ""options"": [""MHF4U""]}, {""n"": 1, ""options"": [""MCV4U""]}]",[],"min 70 in ENG4U, MHF4U, MCV4U",,,"[{""course"": ""ENG4U"", ""min"": 70.0}]",True,87,87.0,87.0,,,False
1589,University of Windsor,Social Work,Commercial Aviation Leadership,NQA,False,"ENG4U, 1 of MHF4U/MCV4U/MDM4U/SPH4U","[{""n"": 1, ""options"": [""ENG4U""]}, {""n"": 1, ""options"": [""MHF4U"", ""MCV4U"", ""MDM4U"", ""SPH4U""]}]",[],min 60 in ENG4U,,,"[{""course"": ""ENG4U"", ""min"": 60.0}]",True,79,79.0,79.0,,,False
1590,University of Windsor,Social Work,"Behaviour, Cognition & Neuros­cience",NSX,False,"ENG4U, MHF4U, SCH4U, SBI4U","[{""n"": 1, ""options"": [""ENG4U""]}, {""n"": 1, ""options"": [""MHF4U""]}, {""n"": 1, ""options"": [""SCH4U""]}, {""n"": 1, ""options"": [""SBI4U""]}]",[],,,,[],False,88,88.0,88.0,,,False
1591,University of Windsor,Social Work,Bioche­mistry,NSY,False,"ENG4U, MHF4U, SCH4U, SBI4U","[{""n"": 1, ""options"": [""ENG4U""]}, {""n"": 1, ""options"": [""MHF4U""]}, {""n"": 1, ""options"": [""SCH4U""]}, {""n"": 1, ""options"": [""SBI4U""]}]",[],min 70 in all math & science course,,70.0,[],True,88,88.0,88.0,,,False
1592,University of Windsor,Social Work,Integrative Biology,NSB,False,"ENG4U, SBI4U, SCH4U, MHF4U","[{""n"": 1, ""options"": [""ENG4U""]}, {""n"": 1, ""options"": [""SBI4U""]}, {""n"": 1, ""options"": [""SCH4U""]}, {""n"": 1, ""options"": [""MHF4U""]}]",[],,,,[],False,,,,,,False
1593,University of Windsor,Social Work,Biomedical Sciences,NSD,False,"ENG4U, MHF4U, SCH4U, SBI4U","[{""n"": 1, ""options"": [""ENG4U""]}, {""n"": 1, ""options"": [""MHF4U""]}, {""n"": 1, ""options"": [""SCH4U""]}, {""n"": 1, ""options"": [""SBI4U""]}]",[],min 70 in all math & science course,,70.0,[],True,,,,,,False
1594,University of Windsor,Social Work,Business Admini­stration,NC,False,"ENG4U, 1 of MHF4U/MCV4U/MDM4U","[{""n"": 1, ""options"": [""ENG4U""]}, {""n"": 1, ""options"": [""MHF4U"", ""MCV4U"", ""MDM4U""]}]",[],min 70 in grade 12 math courses,,,[],False,84.7,84.7,84.7,,,False
1595,University of Windsor,Social Work,Certificate in Applied Information Technology,NKO,False,"ENG4U, 1 of MHF4U/MCV4U/MDM4U","[{""n"": 1, ""options"": [""ENG4U""]}, {""n"": 1, ""options"": [""MHF4U"", ""MCV4U"", ""MDM4U""]}]",[],min 70 in 1 of MDM4U/MHF4U/MCV4U,,,[],False,,,,,,False
1596,University of Windsor,Social Work,Certificate in Law and Politics,NKQ,False,ENG4U,"[{""n"": 1, ""options"": [""ENG4U""]}]",[],min 60 in ENG4U,,,"[{""course"": ""ENG4U"", ""min"": 60.0}]",True,,,,,,False
1597,University of Windsor,Social Work,Certificate in North American Studies,NKR,False,ENG4U,"[{""n"": 1, ""options"": [""ENG4U""]}]",[],min 60 in ENG4U,,,"[{""course"": ""ENG4U"", ""min"": 60.0}]",True,,,,,,False
1598,University of Windsor,Social Work,Certificate in Public Admini­stration,NKS,False,ENG4U,"[{""n"": 1, ""options"": [""ENG4U""]}]",[],min 60 in ENG4U,,,"[{""course"": ""ENG4U"", ""min"": 60.0}]",True,,,,,,False
1599,University of Windsor,Social Work,Certificate in Second Language Education,NKT,False,ENG4U,"[{""n"": 1, ""options"": [""ENG4U""]}]",[],min 60 in ENG4U,,,"[{""course"": ""ENG4U"", ""min"": 60.0}]",True,,,,,,False
1600,University of Windsor,Social Work,Certificate in Women's and Gender Studies,NKU,False,ENG4U,"[{""n"": 1, ""options"": [""ENG4U""]}]",[],min 60 in ENG4U,,,"[{""course"": ""ENG4U"", ""min"": 60.0}]",True,,,,,,False
1601,University of Windsor,Social Work,Certificate in Work and Employment Issues,NKV,False,ENG4U,"[{""n"": 1, ""options"": [""ENG4U""]}]",[],min 60 in ENG4U,,,"[{""course"": ""ENG4U"", ""min"": 60.0}]",True,,,,,,False
1602,University of Windsor,Social Work,Chemistry,NSC,False,"ENG4U, SCH4U, MHF4U, 1 of SPH4U/SBI4U","[{""n"": 1, ""options"": [""ENG4U""]}, {""n"": 1, ""options"": [""SCH4U""]}, {""n"": 1, ""options"": [""MHF4U""]}, {""n"": 1, ""options"": [""SPH4U"", ""SBI4U""]}]",[],70 avg in all required science and math courses,70.0,70.0,[],True,87,87.0,87.0,,,False
1603,University of Windsor,Social Work,Civil Engineering,NEB,False,"ENG4U, SCH4U, SPH4U, MHF4U","[{""n"": 1, ""options"": [""ENG4U""]}, {""n"": 1, ""options"": [""SCH4U""]}, {""n"": 1, ""options"": [""SPH4U""]}, {""n"": 1, ""options"": [""MHF4U""]}]",[],74 avg in all required science and math courses except SBI4U),74.0,74.0,[],True,86,86.0,86.0,,,False
1604,University of Windsor,Social Work,"Commun­ication, Media and Film",NKM,False,ENG4U,"[{""n"": 1, ""options"": [""ENG4U""]}]",[],avg 60 in ENG4U,,,"[{""course"": ""ENG4U"", ""min"": 60.0}]",True,70,70.0,70.0,,,False
1605,University of Windsor,Social Work,"Commun­ication, Media and Film with Co-operative Education",NAC,False,ENG4U,"[{""n"": 1, ""options"": [""ENG4U""]}]",[],min 70 in ENG,,,[],False,80,80.0,80.0,,,False
1606,University of Windsor,Social Work,Computer Science,NT,False,"ENG4U, MHF4U","[{""n"": 1, ""options"": [""ENG4U""]}, {""n"": 1, ""options"": [""MHF4U""]}]",[],min 70 in all grade 12U science and math courses taken,,70.0,[],True,86,86.0,86.0,,,False
1607,University of Windsor,Social Work,Criminology,NCR,False,ENG4U,"[{""n"": 1, ""options"": [""ENG4U""]}]",[],min 60 in ENG4U,,,"[{""course"": ""ENG4U"", ""min"": 60.0}]",True,77,77.0,77.0,,,False
1608,University of Windsor,Social Work,Disability Studies,NAD,False,ENG4U,"[{""n"": 1, ""options"": [""ENG4U""]}]",[],min 60 in ENG4U,,,"[{""course"": ""ENG4U"", ""min"": 60.0}]",True,82,82.0,82.0,,,False
1609,University of Windsor,Social Work,Drama,NDS,False,ENG4U,"[{""n"": 1, ""options"": [""ENG4U""]}]",[],min 60 in ENG4U,,,"[{""course"": ""ENG4U"", ""min"": 60.0}]",True,,,,,,False
1610,University of Windsor,Social Work,Drama with Co-operative Education,NDT,False,ENG4U,"[{""n"": 1, ""options"": [""ENG4U""]}]",[],min 70 in ENG4U,,,"[{""course"": ""ENG4U"", ""min"": 70.0}]",True,,,,,,False
1611,University of Windsor,Social Work,Enviro­nmental Science and Enviro­nmental Studies,NLS,False,"ENG4U, SCH4U, MHF4U, SBI4U (recommended: MCV4U)","[{""n"": 1, ""options"": [""ENG4U""]}, {""n"": 1, ""options"": [""SCH4U""]}, {""n"": 1, ""options"": [""MHF4U""]}, {""n"": 1, ""options"": [""SBI4U""]}, {""n"": 1, ""options"": [""MCV4U""]}]",[],min 60 in ENG4U,,,"[{""course"": ""ENG4U"", ""min"": 60.0}]",True,88,88.0,88.0,,,False
1612,University of Windsor,Social Work,Economics,NH,False,"ENG4U (recommended: MHF4U, MCV4U, MDM4U)","[{""n"": 1, ""options"": [""ENG4U""]}, {""n"": 1, ""options"": [""MHF4U""]}, {""n"": 1, ""options"": [""MCV4U""]}, {""n"": 1, ""options"": [""MDM4U""]}]",[],min 60 in ENG4U,,,"[{""course"": ""ENG4U"", ""min"": 60.0}]",True,82,82.0,82.0,,,False
1613,University of Windsor,Social Work,Electrical Engineering,NEN,False,"MHF4U, SCH4U, SPH4U, ENG4U","[{""n"": 1, ""options"": [""MHF4U""]}, {""n"": 1, ""options"": [""SCH4U""]}, {""n"": 1, ""options"": [""SPH4U""]}, {""n"": 1, ""options"": [""ENG4U""]}]",[],74 avg in all required science and math courses except SBI4U),74.0,74.0,[],True,87,87.0,87.0,,,False
1614,University of Windsor,Social Work,Engineering Technology,NKL,False,,[],[],,,,[],False,86,86.0,86.0,,,False
1615,University of Windsor,Social Work,English,NAW,False,ENG4U,"[{""n"": 1, ""options"": [""ENG4U""]}]",[],min 60 in ENG4U,,,"[{""course"": ""ENG4U"", ""min"": 60.0}]",True,70,70.0,70.0,,,False
1616,University of Windsor,Social Work,English with Co-operative Education,NAE,False,ENG4U,"[{""n"": 1, ""options"": [""ENG4U""]}]",[],min 70 in ENG4U,,,"[{""course"": ""ENG4U"", ""min"": 70.0}]",True,80,80.0,80.0,,,False
1617,University of Windsor,Social Work,Enviro­nmental Engineering,NEK,False,"MHF4U, SCH4U, SPH4U, ENG4U","[{""n"": 1, ""options"": [""MHF4U""]}, {""n"": 1, ""options"": [""SCH4U""]}, {""n"": 1, ""options"": [""SPH4U""]}, {""n"": 1, ""options"": [""ENG4U""]}]",[],74 avg in all required science and math courses except SBI4U),74.0,74.0,[],True,87,87.0,87.0,,,False
1618,University of Windsor,Social Work,Family and Social Relations,NQR,False,ENG4U,"[{""n"": 1, ""options"": [""ENG4U""]}]",[],min 60 in ENG4U,,,"[{""course"": ""ENG4U"", ""min"": 60.0}]",True,70,70.0,70.0,,,False
1619,University of Windsor,Social Work,Film Production BFA,NFC,False,ENG4U,"[{""n"": 1, ""options"": [""ENG4U""]}]",[],min 60 in ENG4U,,,"[{""course"": ""ENG4U"", ""min"": 60.0}]",True,70,70.0,70.0,,,False
1620,University of Windsor,Social Work,Forensic Science,NFS,False,"BA: ENG4U, MHF4U, SBI4U
BS: ENG4U, MHF4U, SBI4U, SCH4U","[{""n"": 1, ""options"": [""ENG4U""]}, {""n"": 1, ""options"": [""MHF4U""]}, {""n"": 1, ""options"": [""SBI4U""]}, {""n"": 1, ""options"": [""ENG4U""]}, {""n"": 1, ""options"": [""MHF4U""]}, {""n"": 1, ""options"": [""SBI4U""]}, {""n"": 1, ""options"": [""SCH4U""]}]",[],BA: min 60 in ENG4U,,,"[{""course"": ""ENG4U"", ""min"": 60.0}]",True,85,85.0,85.0,,,False
1621,University of Windsor,Social Work,French,NKA,False,"ENG4U, 1 of FSF4U/FEF4U/FIF4U","[{""n"": 1, ""options"": [""ENG4U""]}, {""n"": 1, ""options"": [""FSF4U"", ""FEF4U"", ""FIF4U""]}]",[],min 60 in ENG4U,,,"[{""course"": ""ENG4U"", ""min"": 60.0}]",True,80,80.0,80.0,,,False
1622,University of Windsor,Social Work,French with Co-operative Education,NKY,False,"ENG4U, 1 of FSF4U/FEF4U/FIF4U","[{""n"": 1, ""options"": [""ENG4U""]}, {""n"": 1, ""options"": [""FSF4U"", ""FEF4U"", ""FIF4U""]}]",[],min 70 in ENG4U,,,"[{""course"": ""ENG4U"", ""min"": 70.0}]",True,80,80.0,80.0,,,False
1623,University of Windsor,Social Work,General Engineering,NE,False,"MHF4U, SCH4U, SPH4U, ENG4U","[{""n"": 1, ""options"": [""MHF4U""]}, {""n"": 1, ""options"": [""SCH4U""]}, {""n"": 1, ""options"": [""SPH4U""]}, {""n"": 1, ""options"": [""ENG4U""]}]",[],74 avg in all required science and math courses except SBI4U),74.0,74.0,[],True,88,88.0,88.0,,,False
1624,University of Windsor,Social Work,General Science,NS,False,"MHF4U, 2 of SCH4U/SBI4U/SPH4U","[{""n"": 1, ""options"": [""MHF4U""]}, {""n"": 2, ""options"": [""SCH4U"", ""SBI4U"", ""SPH4U""]}]",[],70 avg in all required science and math courses,70.0,70.0,[],True,84,84.0,84.0,,,False
1625,University of Windsor,Social Work,Greek and Roman Studies,NKB,False,ENG4U,"[{""n"": 1, ""options"": [""ENG4U""]}]",[],min 60 in ENG4U,,,"[{""course"": ""ENG4U"", ""min"": 60.0}]",True,70,70.0,70.0,,,False
1626,University of Windsor,Social Work,History,NKC,False,ENG4U,"[{""n"": 1, ""options"": [""ENG4U""]}]",[],min 60 in ENG4U,,,"[{""course"": ""ENG4U"", ""min"": 60.0}]",True,84.5,84.5,84.5,,,False
1627,University of Windsor,Social Work,History with Co-operative Education,NAA,False,ENG4U,"[{""n"": 1, ""options"": [""ENG4U""]}]",[],min 70 in ENG4U,,,"[{""course"": ""ENG4U"", ""min"": 70.0}]",True,84.5,84.5,84.5,,,False
1628,University of Windsor,Social Work,Human Kinetics,NP,False,"BS: ENG4U, 1 of SBI4U/SCH4U/SPH4U
BSML: ENG4U, 1 of MHF4U/MCV4U/MDM4U","[{""n"": 1, ""options"": [""ENG4U""]}, {""n"": 1, ""options"": [""SBI4U"", ""SCH4U"", ""SPH4U"", ""ENG4U""]}, {""n"": 1, ""options"": [""MHF4U"", ""MCV4U"", ""MDM4U""]}]",[],"BS: 70 in ENG4U, 70 in 1 of SBI4U/SCH4U/SPH4U
BSML: 70 in ENG4U",,,"[{""course"": ""ENG4U"", ""min"": 70.0}, {""course"": ""ENG4U"", ""min"": 70.0}]",True,,,,,,False
1629,University of Windsor,Social Work,Industrial Engineering,NEH,False,"MHF4U, SCH4U, SPH4U, ENG4U","[{""n"": 1, ""options"": [""MHF4U""]}, {""n"": 1, ""options"": [""SCH4U""]}, {""n"": 1, ""options"": [""SPH4U""]}, {""n"": 1, ""options"": [""ENG4U""]}]",[],74 avg in all required science and math courses except SBI4U),74.0,74.0,[],True,87,87.0,87.0,,,False
1630,University of Windsor,Social Work,Interd­isciplinary Arts and Sciences,NAS,False,"ENG4U, MHF4U, 2 of SBI4U/SCH4U/SPH4U","[{""n"": 1, ""options"": [""ENG4U""]}, {""n"": 1, ""options"": [""MHF4U""]}, {""n"": 2, ""options"": [""SBI4U"", ""SCH4U"", ""SPH4U""]}]",[],min 60 in ENG4U,,,"[{""course"": ""ENG4U"", ""min"": 60.0}]",True,91,91.0,91.0,,,False
1631,University of Windsor,Social Work,Intern­ational Relations and Development Studies,NJI,False,ENG4U,"[{""n"": 1, ""options"": [""ENG4U""]}]",[],min 60 in ENG4U,,,"[{""course"": ""ENG4U"", ""min"": 60.0}]",True,83,83.0,83.0,,,False
1632,University of Windsor,Social Work,Liberal Arts and Profes­sional Studies,NKD,False,ENG4U,"[{""n"": 1, ""options"": [""ENG4U""]}]",[],min 60 in ENG4U,,,"[{""course"": ""ENG4U"", ""min"": 60.0}]",True,76,76.0,76.0,,,False
1633,University of Windsor,Social Work,Mathematics,NMH,False,"ENG4U, MHF4U, MCV4U","[{""n"": 1, ""options"": [""ENG4U""]}, {""n"": 1, ""options"": [""MHF4U""]}, {""n"": 1, ""options"": [""MCV4U""]}]",[],min 70 in MHF4U and MCV4U,,,"[{""course"": ""MHF4U"", ""min"": 70.0}]",True,,,,,,False
1634,University of Windsor,Social Work,Mechanical Engineering,NEJ,False,"MHF4U, SCH4U, SPH4U, ENG4U","[{""n"": 1, ""options"": [""MHF4U""]}, {""n"": 1, ""options"": [""SCH4U""]}, {""n"": 1, ""options"": [""SPH4U""]}, {""n"": 1, ""options"": [""ENG4U""]}]",[],74 avg in all required science and math courses except SBI4U),74.0,74.0,[],True,87,87.0,87.0,,,False
1635,University of Windsor,Social Work,Mechatronic Systems Engineering,NEF,False,"MHF4U, SCH4U, SPH4U, ENG4U","[{""n"": 1, ""options"": [""MHF4U""]}, {""n"": 1, ""options"": [""SCH4U""]}, {""n"": 1, ""options"": [""SPH4U""]}, {""n"": 1, ""options"": [""ENG4U""]}]",[],74 avg in all required science and math courses except SBI4U),74.0,74.0,[],True,74,74.0,74.0,,,False
1636,University of Windsor,Social Work,Modern Languages,NKE,False,ENG4U,"[{""n"": 1, ""options"": [""ENG4U""]}]",[],min 60 in ENG4U,,,"[{""course"": ""ENG4U"", ""min"": 60.0}]",True,70,70.0,70.0,,,False
1637,University of Windsor,Social Work,Modern Languages and Second-Language Education (Spanish Stream) with Co-operative Education,NKZ,False,ENG4U,"[{""n"": 1, ""options"": [""ENG4U""]}]",[],min 70 in ENG4U,,,"[{""course"": ""ENG4U"", ""min"": 70.0}]",True,70,70.0,70.0,,,False
1638,University of Windsor,Social Work,Music,NM,True,"ENG4U, audition required for BMus program","[{""n"": 1, ""options"": [""ENG4U""]}]","[""audition required for BMus program""]",min 60 in ENG4U,,,"[{""course"": ""ENG4U"", ""min"": 60.0}]",True,70,70.0,70.0,,,False
1639,University of Windsor,Social Work,Philosophy,NKF,False,ENG4U,"[{""n"": 1, ""options"": [""ENG4U""]}]",[],min 60 in ENG4U,,,"[{""course"": ""ENG4U"", ""min"": 60.0}]",True,70,70.0,70.0,,,False
1640,University of Windsor,Social Work,Philosophy with Co-operative Education,NAP,False,ENG4U,"[{""n"": 1, ""options"": [""ENG4U""]}]",[],min 70 in ENG4U,,,"[{""course"": ""ENG4U"", ""min"": 70.0}]",True,80,80.0,80.0,,,False
1641,University of Windsor,Social Work,Physics,NSP,False,"MHF4U, SPH4U, ENG4U","[{""n"": 1, ""options"": [""MHF4U""]}, {""n"": 1, ""options"": [""SPH4U""]}, {""n"": 1, ""options"": [""ENG4U""]}]",[],70 avg in all required science and math courses,70.0,70.0,[],True,88,88.0,88.0,,,False
1642,University of Windsor,Social Work,Political Science,NKG,False,ENG4U,"[{""n"": 1, ""options"": [""ENG4U""]}]",[],min 60 in ENG4U,,,"[{""course"": ""ENG4U"", ""min"": 60.0}]",True,77,77.0,77.0,,,False
1643,University of Windsor,Social Work,Political Science with Co-operative Education,NAB,False,ENG4U,"[{""n"": 1, ""options"": [""ENG4U""]}]",[],min 70 in ENG4U,,,"[{""course"": ""ENG4U"", ""min"": 70.0}]",True,80,80.0,80.0,,,False
1644,University of Windsor,Social Work,Pre-Social Work,NWA,False,ENG4U,"[{""n"": 1, ""options"": [""ENG4U""]}]",[],min 60 in ENG4U,,,"[{""course"": ""ENG4U"", ""min"": 60.0}]",True,70,70.0,70.0,,,False
1645,University of Windsor,Social Work,Psychology,NKH,False,ENG4U,"[{""n"": 1, ""options"": [""ENG4U""]}]",[],min 60 in ENG4U,,,"[{""course"": ""ENG4U"", ""min"": 60.0}]",True,79,79.0,79.0,,,False
1646,University of Windsor,Social Work,Psychology with Co-operative Education,NAF,False,ENG4U,"[{""n"": 1, ""options"": [""ENG4U""]}]",[],min 70 in ENG4U,,,"[{""course"": ""ENG4U"", ""min"": 70.0}]",True,80,80.0,80.0,,,False
1647,University of Windsor,Social Work,Social Work Profes­sional Years,NW,,,[],[],,,,[],False,,,,,,False
1648,University of Windsor,Social Work,Sociology,NKI,False,ENG4U,"[{""n"": 1, ""options"": [""ENG4U""]}]",[],min 60 in ENG4U,,,"[{""course"": ""ENG4U"", ""min"": 60.0}]",True,80,80.0,80.0,,,False
1649,University of Windsor,Social Work,Undeclared Major,NKN,False,ENG4U,"[{""n"": 1, ""options"": [""ENG4U""]}]",[],min 60 in ENG4U,,,"[{""course"": ""ENG4U"", ""min"": 60.0}]",True,70,70.0,70.0,,,False
1650,University of Windsor,Social Work,Visual Arts,NF,False,ENG4U,"[{""n"": 1, ""options"": [""ENG4U""]}]",[],min 60 in ENG4U,,,"[{""course"": ""ENG4U"", ""min"": 60.0}]",True,83,83.0,83.0,,,False
1651,University of Windsor,Social Work,Women's and Gender Studies,NKJ,False,ENG4U,"[{""n"": 1, ""options"": [""ENG4U""]}]",[],min 60 in ENG4U,,,"[{""course"": ""ENG4U"", ""min"": 60.0}]",True,81,81.0,81.0,,,False
1652,Université de l’Ontario français,Social Work,Admini­stration des affaires,ZE,False,"FRA4U, 2 of MHF4U, MCV4U, MDM4U","[{""n"": 1, ""options"": [""FRA4U""]}, {""n"": 1, ""options"": [""MHF4U""]}, {""n"": 1, ""options"": [""MCV4U""]}, {""n"": 1, ""options"": [""MDM4U""]}]",[],70 on average,70.0,,[],True,,,,,,False
1653,Université de l’Ontario français,Social Work,Baccalauréat en santé mentale,ZF,False,FRA4U,"[{""n"": 1, ""options"": [""FRA4U""]}]",[],70 on average,70.0,,[],True,,,,,,False
1654,Université de l’Ontario français,Social Work,Cultures numériques,ZA,False,FRA4U,"[{""n"": 1, ""options"": [""FRA4U""]}]",[],70 on average,70.0,,[],True,,,,,,False
1655,Université de l’Ontario français,Social Work,Économie et innovation sociale,ZB,False,FRA4U,"[{""n"": 1, ""options"": [""FRA4U""]}]",[],70 on average,70.0,,[],True,,,,,,False
1656,Université de l’Ontario français,Social Work,Enviro­nnements urbains,ZC,False,FRA4U,"[{""n"": 1, ""options"": [""FRA4U""]}]",[],70 on average,70.0,,[],True,,,,,,False
1657,Université de l’Ontario français,Social Work,Pluralité humaine,ZD,False,FRA4U,"[{""n"": 1, ""options"": [""FRA4U""]}]",[],70 on average,70.0,,[],True,,,,,,False
1658,Western University (Main Campus),Social Work,Ivey AEO,AEO,True,"ENG4U, 2 of MHF4U/MDM4U/MCV4U","[{""n"": 1, ""options"": [""ENG4U""]}, {""n"": 2, ""options"": [""MHF4U"", ""MDM4U"", ""MCV4U""]}]",[],70 in all prerequisite courses,,70.0,[],True,low to mid 90s,90.0,96.0,,,False
1659,Western University (Main Campus),Social Work,Scholar's Electives,,,,[],[],,,,[],False,,,,,,False
1660,Western University (Main Campus),Social Work,Arts and Humanities,EA,True,ENG4U,"[{""n"": 1, ""options"": [""ENG4U""]}]",[],70 in all prerequisite courses,,70.0,[],True,Low 80s,80.0,83.0,,,False
1661,Western University (Main Campus),Social Work,Computer Science,ECS,False,"ENG4U, MCV4U, MHF4U, 1 of MDM4U/SBI4U/SCH4U/SPH4U/SES4U/ICS4U","[{""n"": 1, ""options"": [""ENG4U""]}, {""n"": 1, ""options"": [""MCV4U""]}, {""n"": 1, ""options"": [""MHF4U""]}, {""n"": 1, ""options"": [""MDM4U"", ""SBI4U"", ""SCH4U"", ""SPH4U"", ""SES4U"", ""ICS4U""]}]",[],70 in all prerequisite courses,,70.0,[],True,mid to high 80s,84.0,89.0,,,False
1662,Western University (Main Campus),Social Work,Engineering,EE,True,"ENG4U, MHF4U, MCV4U, SCH4U, SPH4U","[{""n"": 1, ""options"": [""ENG4U""]}, {""n"": 1, ""options"": [""MHF4U""]}, {""n"": 1, ""options"": [""MCV4U""]}, {""n"": 1, ""options"": [""SCH4U""]}, {""n"": 1, ""options"": [""SPH4U""]}]",[],70 in all prerequisite courses,,70.0,[],True,mid to high 80s,84.0,89.0,,,False
1663,Western University (Main Campus),Social Work,Family Studies and Human Development,EFS,False,ENG4U,"[{""n"": 1, ""options"": [""ENG4U""]}]",[],70 in all prerequisite courses,,70.0,[],True,Low 80s,80.0,83.0,,,False
1664,Western University (Main Campus),Social Work,Fine Arts - Studio (portfolio required),EAV,True,ENG4U,"[{""n"": 1, ""options"": [""ENG4U""]}]",[],70 in all prerequisite courses,,70.0,[],True,Low 80s,80.0,83.0,,,False
1665,Western University (Main Campus),Social Work,Foods & Nutrition,EH,False,"ENG4U, SBI4U, SCH4U, 1 of MCF3M/MCR3U","[{""n"": 1, ""options"": [""ENG4U""]}, {""n"": 1, ""options"": [""SBI4U""]}, {""n"": 1, ""options"": [""SCH4U""]}, {""n"": 1, ""options"": [""MCF3M"", ""MCR3U""]}]",[],70 in all prerequisite courses,,70.0,[],True,low to mid 80s,80.0,86.0,,,False
1666,Western University (Main Campus),Social Work,Health Sciences,EW,False,"ENG4U, SBI4U, 1 of MHF4U/MCV4U/MDM4U","[{""n"": 1, ""options"": [""ENG4U""]}, {""n"": 1, ""options"": [""SBI4U""]}, {""n"": 1, ""options"": [""MHF4U"", ""MCV4U"", ""MDM4U""]}]",[],70 in all prerequisite courses,,70.0,[],True,high 80s to low 90s,87.0,93.0,,,False
1667,Western University (Main Campus),Social Work,Kinesiology,EP,False,"ENG4U, SBI4U","[{""n"": 1, ""options"": [""ENG4U""]}, {""n"": 1, ""options"": [""SBI4U""]}]",[],70 in all prerequisite courses,,70.0,[],True,high 80s,87.0,89.0,,,False
1668,Western University (Main Campus),Social Work,Management & Organi­zational Studies,ED,False,"ENG4U, 2 of MHF4U/MCV4U/MDM4U","[{""n"": 1, ""options"": [""ENG4U""]}, {""n"": 2, ""options"": [""MHF4U"", ""MCV4U"", ""MDM4U""]}]",[],70 in all prerequisite courses,,70.0,[],True,mid 80s,84.0,86.0,,,False
1669,Western University (Main Campus),Social Work,Management & Organi­zational Studies - Commercial Aviation Management (Main campus only),EDN,True,"ENG4U, 2 of MHF4U/MCV4U/MDM4U","[{""n"": 1, ""options"": [""ENG4U""]}, {""n"": 2, ""options"": [""MHF4U"", ""MCV4U"", ""MDM4U""]}]",[],70 in all prerequisite courses,,70.0,[],True,low 80s,80.0,83.0,,,False
1670,Western University (Main Campus),Social Work,Media and Commun­ication Studies (MACS),EI,False,ENG4U,"[{""n"": 1, ""options"": [""ENG4U""]}]",[],70 in all prerequisite courses,,70.0,[],True,low 80s,80.0,83.0,,,False
1671,Western University (Main Campus),Social Work,Medical Sciences (BMSc & BSc),ESM,False,"ENG4U, MCV4U, SBI4U, SPH4U","[{""n"": 1, ""options"": [""ENG4U""]}, {""n"": 1, ""options"": [""MCV4U""]}, {""n"": 1, ""options"": [""SBI4U""]}, {""n"": 1, ""options"": [""SPH4U""]}]",[],70 in all prerequisite courses,,70.0,[],True,mid to high 80s,84.0,89.0,,,False
1672,Western University (Main Campus),Social Work,Bachelor of Music (BMus),EM,True,ENG4U,"[{""n"": 1, ""options"": [""ENG4U""]}]",[],70 in all prerequisite courses,,70.0,[],True,Low 80s,80.0,83.0,,,False
1673,Western University (Main Campus),Social Work,Bachelor of Arts (Music & Popular Music Studies),EMA,True,ENG4U,"[{""n"": 1, ""options"": [""ENG4U""]}]",[],70 in all prerequisite courses,,70.0,[],True,Low 80s,80.0,83.0,,,False
1674,Western University (Main Campus),Social Work,Music Admini­strative Studies,EMS,True,"ENG4U, 1 of MHF4U/MCV4U/MDM4U","[{""n"": 1, ""options"": [""ENG4U""]}, {""n"": 1, ""options"": [""MHF4U"", ""MCV4U"", ""MDM4U""]}]",[],70 in all prerequisite courses,,70.0,[],True,mid 80s,84.0,86.0,,,False
1675,Western University (Main Campus),Social Work,Nursing BScN (Fanshawe site),ENF,True,"ENG4U, SBI4U, SCH4U, 1 of MCF3M/MCR3U","[{""n"": 1, ""options"": [""ENG4U""]}, {""n"": 1, ""options"": [""SBI4U""]}, {""n"": 1, ""options"": [""SCH4U""]}, {""n"": 1, ""options"": [""MCF3M"", ""MCR3U""]}]",[],70 in all prerequisite courses,,70.0,[],True,mid to high 80s,84.0,89.0,,,False
1676,Western University (Main Campus),Social Work,Nursing BScN (Western site),ENW,True,"ENG4U, SBI4U, SCH4U, 1 of MCF3M/MCR3U","[{""n"": 1, ""options"": [""ENG4U""]}, {""n"": 1, ""options"": [""SBI4U""]}, {""n"": 1, ""options"": [""SCH4U""]}, {""n"": 1, ""options"": [""MCF3M"", ""MCR3U""]}]",[],70 in all prerequisite courses,,70.0,[],True,mid to high 80s,84.0,89.0,,,False
1677,Western University (Main Campus),Social Work,Science,ES,True,"ENG4U, MCV4U, MHF4U, 2 of MHF4U/MDM4U/SBI4U/SCH4U/SPH4U/SES4U/ICS4U","[{""n"": 1, ""options"": [""ENG4U""]}, {""n"": 1, ""options"": [""MCV4U""]}, {""n"": 1, ""options"": [""MHF4U""]}, {""n"": 2, ""options"": [""MHF4U"", ""MDM4U"", ""SBI4U"", ""SCH4U"", ""SPH4U"", ""SES4U"", ""ICS4U""]}]",[],70 in all prerequisite courses,,70.0,[],True,low to mid 80s,80.0,86.0,,,False
1678,Western University (Main Campus),Social Work,Social Science,EO,False,ENG4U,"[{""n"": 1, ""options"": [""ENG4U""]}]",[],70 in all prerequisite courses,,70.0,[],True,low to mid 80s,80.0,86.0,,,False
1679,Western University (Affiliated University Colleges),Huron University College,Arts,EHA,False,ENG4U,"[{""n"": 1, ""options"": [""ENG4U""]}]",[],,,,[],False,,,,,,False
1680,Western University (Affiliated University Colleges),Huron University College,Management & Organi­zational Studies,EHD,False,"ENG4U, 2 of MHF4U/MCV4U/MDM4U","[{""n"": 1, ""options"": [""ENG4U""]}, {""n"": 2, ""options"": [""MHF4U"", ""MCV4U"", ""MDM4U""]}]",[],,,,[],False,,,,,,False
1681,Western University (Affiliated University Colleges),Huron University College,Social Science,EHO,False,ENG4U,"[{""n"": 1, ""options"": [""ENG4U""]}]",[],,,,[],False,,,,,,False
1682,Western University (Affiliated University Colleges),King's University College,Arts,EKA,True,ENG4U,"[{""n"": 1, ""options"": [""ENG4U""]}]",[],,,,[],False,80,80.0,80.0,,,False
1683,Western University (Affiliated University Colleges),King's University College,Childhood & Youth Studies,EKC,False,ENG4U,"[{""n"": 1, ""options"": [""ENG4U""]}]",[],,,,[],False,80,80.0,80.0,,,False
1684,Western University (Affiliated University Colleges),King's University College,Disability Studies,EKB,False,ENG4U,"[{""n"": 1, ""options"": [""ENG4U""]}]",[],,,,[],False,80,80.0,80.0,,,False
1685,Western University (Affiliated University Colleges),King's University College,Finance and Wealth Management,EKF,False,"ENG4U, MCV4U","[{""n"": 1, ""options"": [""ENG4U""]}, {""n"": 1, ""options"": [""MCV4U""]}]",[],60% in MCV4U,,,"[{""course"": ""MCV4U"", ""min"": 60.0}]",True,80,80.0,80.0,,,False
1686,Western University (Affiliated University Colleges),King's University College,Human Rights Studies,EKH,False,ENG4U,"[{""n"": 1, ""options"": [""ENG4U""]}]",[],,,,[],False,80,80.0,80.0,,,False
1687,Western University (Affiliated University Colleges),King's University College,Management & Organi­zational Studies,EKD,False,ENG4U (recommended: MCV4U),"[{""n"": 1, ""options"": [""ENG4U""]}, {""n"": 1, ""options"": [""MCV4U""]}]",[],,,,[],False,80,80.0,80.0,,,False
1688,Western University (Affiliated University Colleges),King's University College,Social Justice & Peace Studies,EKJ,False,ENG4U,"[{""n"": 1, ""options"": [""ENG4U""]}]",[],,,,[],False,80,80.0,80.0,,,False
1689,Western University (Affiliated University Colleges),King's University College,Social Science,EKO,False,"ENG4U (recommended: MCV4U, MDM4U)","[{""n"": 1, ""options"": [""ENG4U""]}, {""n"": 1, ""options"": [""MCV4U""]}, {""n"": 1, ""options"": [""MDM4U""]}]",[],,,,[],False,80,80.0,80.0,,,False
1690,Western University (Affiliated University Colleges),King's University College,Thanatology,EKT,False,ENG4U,"[{""n"": 1, ""options"": [""ENG4U""]}]",[],,,,[],False,80,80.0,80.0,,,False
