university,n_programs,physical_disabilities_supported,mental_disabilities_supported,physical_accommodations,mental_accommodations,documentation_requirements,documentation_submission,registration_process,counselling_services,peer_support,support_24_7,support_24_7_contact,osap_eligibility,bursaries
University of Toronto St.George,23,"Mobility impairments: e.g., wheelchair or scooter users, difficulty climbing stairs Dexterity/functional limitations: challenges with writing or using a keyboard due to arthritis, repetitive strain injuries, broken limbs, etc. Chronic conditions affecting mobility: such as multiple sclerosis, cerebral palsy, Parkinson’s disease Low vision / partial sight / blindness Hearing loss or Deafness, including needing ASL or captioning support Chronic health issues that may necessitate flexible deadlines or missing classes (e.g., cancer, severe asthma) Short-term impairments like convalescing from surgery, concussion, or orthopedic injuries (e.g., broken arm)Mobility impairments: e.g., wheelchair or scooter users, difficulty climbing stairs Dexterity/functional limitations: challenges with writing or using a keyboard due to arthritis, repetitive strain injuries, broken limbs, etc. Chronic conditions affecting mobility: such as multiple sclerosis, cerebral palsy, Parkinson’s disease Low vision / partial sight / blindness Hearing loss or Deafness, including needing ASL or captioning support Chronic health issues that may necessitate flexible deadlines or missing classes (e.g., cancer, severe asthma) Short-term impairments like convalescing from surgery, concussion, or orthopedic injuries (e.g., broken arm)","- anxiety
- depression
- schizophrenia
- eating disorders
- Attention Deficit and Hyperactivity Disorder (ADHD)
- Autism Spectrum Disorders.","Exam accommodations: private room, assistive tech

Lecture support: ASL interpretation, real-time captioning

Alternative formats: Braille, accessible PDFs, large print

Accessible buildings: ramps, elevators, automatic doors

Assistive technology: screen readers, voice-to-text, ergonomic tools

Accessible parking & transit: on-campus support for mobility needs

Advocacy & community: Students for Barrier-Free Access (SBA)","Exam accommodations: extra time, private room, assistive tech

Lecture support: note-taking, ASL interpretation, real-time captioning

Alternative formats: accessible PDFs, large print

Academic support: personalized advising, study/workshop help

Assistive technology: screen readers, voice-to-text, ergonomic tools

Mental health: free counselling sessions, peer support groups

Transition programs: support for high school to university shift

Advocacy & community: Students for Barrier-Free Access (SBA)",Certificate of Disability,"1. Complete online form.
2. Upload documentations at the end of the form.","1. Activate UTORid and Uoft email 
2. Obtain Certificate of Disbility Form from health care practitioner who is familiar with your disability, whose scope of practice includes your disability and who is licensed to make a diagnosis. 
3. Complete Student Intake Form 
4. After you submit a complete Student Intake Package, you will be contacted to schedule an appointment with an accessibility advisor. The accessibility advisor will review your Student Intake Package and discuss any barriers or difficulties you have been experiencing in your academic progress to develop effective accommodations. Make sure your UTORid is active and you have a UTmail+ account before your appointment.","University of Toronto offers:
Same-day counselling 
On-location counselling
Wellness counselling for Black, Indigenous and/or Persons of Colour (BIPOC) students 
Short-term intensive counselling",1,1,"• Campus Security (24/7): 416‑978‑2222
Good2Talk (24/7 mental health): 1‑866‑925‑5454","Be an Ontario resident who is a Canadian citizen, permanent resident of Canada, or a protected person (international students are not eligible for OSAP) 
Be registered in an OSAP approved program 
Be enrolled in an eligible course load 
Have previous OSAP loans in good standing, with no defaults or restrictions 
Maintain satisfactory academic progress throughout your studies 
Demonstrate financial need 
Have not exceed the lifetime limit of student loan funding","Bursary for Students with Disabilities (BSWD) & Canada Student Grant for Services & Equipment (CSG-DSE)
Students for Barrier-Free Access (SBA) Student Scholarship
TD Graduate Scholarship for People with Disabilities
Campus accessibility bursaries listed by SBA (e.g., Allan Angus Rodgers Wheelchair Athletes’ Fund, Anita Garbarino Girard Award)"
University of Toronto Mississauga,12,"1. Mobility Impairments
- Wheelchair/scooter users
- Difficulty with stairs, long walking distances
- Conditions like cerebral palsy, muscular dystrophy, or limb loss
Support Includes:
- Accessible classrooms/buildings
- Alternative transportation access
- Adjustable classroom furniture
- Reduced course load or modified scheduling
2. Dexterity Impairments
- Arthritis
- Repetitive strain injuries (RSI)
- Arm/hand injuries (e.g., broken limbs)
Support Includes:
- Ergonomic keyboards and writing aids
- Note-taking assistance
- Option to type exams instead of handwrite
3. Vision Impairments
- Partial sight / low vision
- Legal blindness / total blindness
Support Includes:
- Screen readers and magnification software
- Large-print or Braille materials
- Orientation and mobility assistance
- Accessible electronic documents
4. Hearing Impairments
- Partial hearing loss
- Profound deafness
Support Includes:
- Real-time captioning (CART)
- ASL interpretation
- FM systems or amplified listening devices
- Captioned videos and lectures
5. Chronic Physical Health Conditions
- Multiple sclerosis
- Cancer (during or after treatment)
- Severe asthma
- Chronic fatigue syndrome
- Cardiovascular conditions
Support Includes:
- Flexible attendance
- Deadline extensions
- Rest breaks during class or exams
- Medical withdrawal or retroactive drop options
6. Temporary Physical Disabilities
- Post-surgery recovery
- Concussion
- Sprains, fractures, or mobility loss
Support Includes:
- Temporary exam accommodations
- Modified classroom seating
- Access to note-taking services
- Use of mobility devices
UTM-Specific Support Services
- Student Accessibility Services (SAS): Central office for registering and managing accommodations.
- Adaptive Technology Centre: Located in the Hazel McCallion Academic Learning Centre; provides assisti
- Student Services Hub: Intake location for all disability-related documentation and support coordination","- anxiety
- depression
- schizophrenia
- eating disorders
- Attention Deficit and Hyperactivity Disorder (ADHD)
- Autism Spectrum Disorders.","Exam accommodations: quiet rooms, alternate formats

Lecture support: ASL, captioning upon request

Assistive tech: screen readers, adaptive software at library tech centre

Accessible campus: ramps, elevators, automatic doors, accessible parking

Academic advising: 1-on-1 support for accommodation planning

Student Services Hub: centralized accessibility coordination

Transition support: help with accessibility during university transition","Exam accommodations: extra time, alternate formats

Lecture support: note-taking, captioning upon request

Assistive tech: screen readers, adaptive software

Academic advising: 1-on-1 support for accommodation planning

Mental health accommodations: support for anxiety, depression, etc.

Student Services Hub: accessibility, wellness, and advising support

Transition support: help with high school-to-university adjustment",Certificate of Disability,"1. Complete online form.
2. Upload documentations at the end of the form.","1. Activate UTORid and Uoft email 
2. Obtain Certificate of Disbility Form from health care practitioner who is familiar with your disability, whose scope of practice includes your disability and who is licensed to make a diagnosis. 
3. Complete Student Intake Form 
4. After you submit a complete Student Intake Package, you will be contacted to schedule an appointment with an accessibility advisor. The accessibility advisor will review your Student Intake Package and discuss any barriers or difficulties you have been experiencing in your academic progress to develop effective accommodations. Make sure your UTORid is active and you have a UTmail+ account before your appointment.","University of Toronto offers:
Same-day counselling 
On-location counselling
Wellness counselling for Black, Indigenous and/or Persons of Colour (BIPOC) students 
Short-term intensive counselling",1,1,"• Campus Security (24/7): 416‑978‑2222
Good2Talk (24/7 mental health): 1‑866‑925‑5454","Be an Ontario resident who is a Canadian citizen, permanent resident of Canada, or a protected person (international students are not eligible for OSAP) 
Be registered in an OSAP approved program 
Be enrolled in an eligible course load 
Have previous OSAP loans in good standing, with no defaults or restrictions 
Maintain satisfactory academic progress throughout your studies 
Demonstrate financial need 
Have not exceed the lifetime limit of student loan funding","Bursary for Students with Disabilities (BSWD) & Canada Student Grant for Services & Equipment (CSG-DSE)
Students for Barrier-Free Access (SBA) Student Scholarship
TD Graduate Scholarship for People with Disabilities
Campus accessibility bursaries listed by SBA (e.g., Allan Angus Rodgers Wheelchair Athletes’ Fund, Anita Garbarino Girard Award)"
University of Toronto Scarborough,17,"1. Mobility Impairments
- Wheelchair/scooter users
- Difficulty with stairs, long walking distances
- Conditions like cerebral palsy, muscular dystrophy, or limb loss
Support Includes:
- Accessible classrooms/buildings
- Alternative transportation access
- Adjustable classroom furniture
- Reduced course load or modified scheduling
2. Dexterity Impairments
- Arthritis
- Repetitive strain injuries (RSI)
- Arm/hand injuries (e.g., broken limbs)
Support Includes:
- Ergonomic keyboards and writing aids
- Note-taking assistance
- Option to type exams instead of handwrite
3. Vision Impairments
- Partial sight / low vision
- Legal blindness / total blindness
Support Includes:
- Screen readers and magnification software
- Large-print or Braille materials
- Orientation and mobility assistance
- Accessible electronic documents
4. Hearing Impairments
- Partial hearing loss
- Profound deafness
Support Includes:
- Real-time captioning (CART)
- ASL interpretation
- FM systems or amplified listening devices
- Captioned videos and lectures
5. Chronic Physical Health Conditions
- Multiple sclerosis
- Cancer (during or after treatment)
- Severe asthma
- Chronic fatigue syndrome
- Cardiovascular conditions
Support Includes:
- Flexible attendance
- Deadline extensions
- Rest breaks during class or exams
- Medical withdrawal or retroactive drop options
6. Temporary Physical Disabilities
- Post-surgery recovery
- Concussion
- Sprains, fractures, or mobility loss
Support Includes:
- Temporary exam accommodations
- Modified classroom seating
- Access to note-taking services
- Use of mobility devices
UTM-Specific Support Services
- Student Accessibility Services (SAS): Central office for registering and managing accommodations.
- Adaptive Technology Centre: Located in the Hazel McCallion Academic Learning Centre; provides assisti
- Student Services Hub: Intake location for all disability-related documentation and support coordination","- anxiety
- depression
- schizophrenia
- eating disorders
- Attention Deficit and Hyperactivity Disorder (ADHD)
- Autism Spectrum Disorders.","Exam accommodations: quiet rooms, alternate formats

Lecture support: ASL, captioning upon request

Assistive tech: screen readers, adaptive software at library tech centre

Accessible campus: ramps, elevators, automatic doors, accessible parking

Academic advising: 1-on-1 support for accommodation planning

Student Services Hub: centralized accessibility coordination

Transition support: help with accessibility during university transition","Extra time for tests/exams

Deadline extensions

Peer note-taking

Assistive tech (screen readers, speech-to-text)

Accessible formats (PDFs, audio)

Support for mental health, ADHD, etc.

Accommodation letters via myAIMS

Online support available",Certificate of Disability,"1. Complete online form.
2. Upload documentations at the end of the form.","1. Activate UTORid and Uoft email 
2. Obtain Certificate of Disbility Form from health care practitioner who is familiar with your disability, whose scope of practice includes your disability and who is licensed to make a diagnosis. 
3. Complete Student Intake Form 
4. After you submit a complete Student Intake Package, you will be contacted to schedule an appointment with an accessibility advisor. The accessibility advisor will review your Student Intake Package and discuss any barriers or difficulties you have been experiencing in your academic progress to develop effective accommodations. Make sure your UTORid is active and you have a UTmail+ account before your appointment.","University of Toronto offers:
Same-day counselling 
On-location counselling
Wellness counselling for Black, Indigenous and/or Persons of Colour (BIPOC) students 
Short-term intensive counselling",1,1,"• Campus Security (24/7): 416‑978‑2222
Good2Talk (24/7 mental health): 1‑866‑925‑5454","Be an Ontario resident who is a Canadian citizen, permanent resident of Canada, or a protected person (international students are not eligible for OSAP) 
Be registered in an OSAP approved program 
Be enrolled in an eligible course load 
Have previous OSAP loans in good standing, with no defaults or restrictions 
Maintain satisfactory academic progress throughout your studies 
Demonstrate financial need 
Have not exceed the lifetime limit of student loan funding","Bursary for Students with Disabilities (BSWD) & Canada Student Grant for Services & Equipment (CSG-DSE)
Students for Barrier-Free Access (SBA) Student Scholarship
TD Graduate Scholarship for People with Disabilities
Campus accessibility bursaries listed by SBA (e.g., Allan Angus Rodgers Wheelchair Athletes’ Fund, Anita Garbarino Girard Award)"
University of Waterloo,53,"1. Mobility Impairments
 • Examples: Wheelchair or scooter users; difficulty walking long distances or navigating stairs; conditions like limb loss or muscular dystrophy
Accommodations include:
 • Accessible entrances, buildings, and classrooms
 • Reserved seating and accessible housing
 • Alternative format for exams in the Tim Nolan Testing Centre ￼ ￼

2. Dexterity Impairments
 • Examples: Arthritis, repetitive strain injuries (RSI), short-term hand/arm injuries
Accommodations include:
 • Assistive devices (ergonomic keyboards/mice)
 • Option to type exams instead of handwriting
 • Note-taking support ￼ ￼

3. Vision Impairments
 • Examples: Low vision, partial or legal blindness
Accommodations include:
 • Alternate formats (large-print, digital text)
 • Assistive technology (screen magnifiers/readers)
 • Support for accessible documents and orientation ￼

4. Hearing Impairments
 • Examples: Partial hearing loss to deafness
Accommodations include:
 • Captioning (real-time or human-transcribed)
 • FM listening systems or other audio amplification
 • Notetaking assistance ￼ ￼

5. Chronic Physical Health Conditions
 • Examples: Multiple sclerosis, cancer treatment, severe asthma, chronic fatigue, cardiovascular conditions
Accommodations include:
 • Deadline extensions, flexible attendance
 • Rest breaks during classes or exams
 • Option for medical leave or withdrawal ￼ ￼

6. Temporary Physical Disabilities
 • Examples: Post-surgery recovery, concussions, fractures, sprains
Accommodations include:
 • Temporary exam accommodations
 • Modified seating or classroom access
 • Access to mobility aids and note-taking services","- mood disorders
- Neurodiversity
- Trauma and its effects
- Learning Disabilities
- anxiety disorders","Extra time and breaks for tests/exams

Alternate exam locations

Lecture materials in accessible formats

Assistive tech (screen readers, speech-to-text)

Accessible housing and campus navigation support

Individualized accommodation plans each term

Disability-related bursaries and medical leave options","Extra time and breaks for tests/exams

Alternate exam locations

Lecture materials in accessible formats

Assistive tech (screen readers, speech-to-text)

Note-taking and peer support services

Academic strategy and tech workshops

Support for mental health and chronic conditions

Individualized accommodation plans each term

Disability-related bursaries and medical leave options","- Brain Injury: Acquired Brain Injury Disability Verification Form
- ADHD: ADHD Disability Verification Form
- Hearing Disability: Hearing Disability Verification Form
- Learning Disability: Learning Disability Documentation Requirements
- Medical Disability: Medical Disability Verification Form
- Mental Health Disability: Mental Health Disability Verification Form
- Physical and/or Mobility Disability: Physical and/or Mobility Disability Verification Form
- Visual Disability: Visual Disability Verification Form
- Functional Limitation: Functional Limitation Verification Form
- Medical Cannabis Request: Medical Cannabis Request Verification Form
- Service Animal: Service Animal Verification Request Form
- Service Animal Health: Verification of Animal’s Health Form","Option 1:
1. Submit documentation via AIM.
2. Submit additional documentation request form.
3. Upload documentation to the additional documentation request form.

Option 2:
1. Submit documentation via: in-person (Needles Hall North, Room 1401), Sendit, email (access@uwaterloo.ca), fax (519-746-2401)","Step 1: Complete the AccessAbility Services' online application to begin the registration process (this will take approximately 5-10 minutes to complete). If you have a University of Waterloo Verification Form or alternate documentation in your possession, upload it with your application. It's okay if you don’t have documentation. Apply if you believe you need accommodations 

Step 2: Monitor your Waterloo email for next steps. We will email you within approximately 14 days (2 weeks) to schedule your registration appointment once we've reviewed your application. Please note that our response time may vary during peak times. Incoming students: you will begin to receive emails from us in mid-June when your Waterloo email is active.

Step 3: Meet your Accommodation Consultant. During your appointment, you and your Accommodation Consultant will finalize your accommodation plan and they will show you how to sign into the AccessAbility Services online system to request and manage your accommodations.","University of Waterloo offers:
Brief counselling
Single session counselling 
Crisis appointments",1,1,"• Campus Police (24/7): 519‑888‑4911
Empower Me (24/7 mental health): 1‑855‑853‑0565","be a Canadian citizen, permanent resident or have protected person status; international students are ineligible.
have Ontario residency, that is, have lived in Ontario for at least 12 consecutive months without attending full-time postsecondary school.
be neither in default on a previous OSAP student loan nor on OSAP restriction.
maintain satisfactory academic progress while receiving OSAP aid.
have demonstrated financial need as calculated by the government. Gross family income as well as student resources and assets are taken into consideration.","Ross & Doris Dixon Bursary
Special Achievement Bursary
BSWD / CSG-DSE"
McMaster University,49,"1. Mobility Impairments
 • Examples: Wheelchair or scooter users; difficulty walking long distances or navigating stairs; conditions like limb loss or muscular dystrophy
Accommodations include:
 • Accessible entrances, buildings, and classrooms
 • Reserved seating and accessible housing
 • Alternative format for exams in the Tim Nolan Testing Centre ￼ ￼

2. Dexterity Impairments
 • Examples: Arthritis, repetitive strain injuries (RSI), short-term hand/arm injuries
Accommodations include:
 • Assistive devices (ergonomic keyboards/mice)
 • Option to type exams instead of handwriting
 • Note-taking support ￼ ￼

3. Vision Impairments
 • Examples: Low vision, partial or legal blindness
Accommodations include:
 • Alternate formats (large-print, digital text)
 • Assistive technology (screen magnifiers/readers)
 • Support for accessible documents and orientation ￼

4. Hearing Impairments
 • Examples: Partial hearing loss to deafness
Accommodations include:
 • Captioning (real-time or human-transcribed)
 • FM listening systems or other audio amplification
 • Notetaking assistance ￼ ￼

5. Chronic Physical Health Conditions
 • Examples: Multiple sclerosis, cancer treatment, severe asthma, chronic fatigue, cardiovascular conditions
Accommodations include:
 • Deadline extensions, flexible attendance
 • Rest breaks during classes or exams
 • Option for medical leave or withdrawal ￼ ￼

6. Temporary Physical Disabilities
 • Examples: Post-surgery recovery, concussions, fractures, sprains
Accommodations include:
 • Temporary exam accommodations
 • Modified seating or classroom access
 • Access to mobility aids and note-taking services","- anxiety
- depression
- bipolar disorder
- schizophrenia
- obsessive-compulsive disorder (OCD)
- eating disorders
- attention-deficit/hyperactivity disorders (ADD/ADHD)","Quiet, accessible exam spaces

Alternate formats: audio, large print, accessible PDF

Assistive tech & adaptive software tools

Note-taking support (manual or digital)

Accessible housing, campus navigation & testing centre

Individual accommodation plans via MySAS portal

Mental health, chronic illness & disability bursaries

Faculty receives accommodation letters","Extended time & scheduled breaks for tests/exams

Quiet, accessible exam spaces

Alternate formats: audio, large print, accessible PDF

Assistive tech & adaptive software tools

Note-taking support (manual or digital)

Individual accommodation plans via MySAS portal

Academic coaching & learning strategy workshops

Transition support program for new students

Mental health, chronic illness & disability bursaries

Faculty receives accommodation letters","- SAS Medical Documentation
- Learning disabilities and autism spectrum disorders: Full psycho-educational assessment, memory assessment (if memory aids are required); Within the last five years (older documentation considered on a case-by-case basis).
- ADD/ADHD: Psycho-educational assessment, medical report (outlining history and areas of weakness, strength), memory assessment (if memory aids are required); Within the last five years (older documentation considered on a case-by-case basis).
- Mental health disability: Student Accessibility Services form, mental health assessment, doctor’s letter, memory assessment (if memory aids are required); Within the last five years (older documentation considered on a case-by-case basis).
- Acquired brain injury (ABI): Neuropsychological assessment; Within the last five years (older documentation considered on a case-by-case basis).
- Blind or visually impaired: Doctor’s letter, Canadian National Institute for the Blind (CNIB) registration number (if legally blind); CNIB registration date (if legally blind) or within the last five years (older documentation considered on a case-by-case basis).
- Deaf or hard of hearing: Full audiology report, doctor’s letter; Within the last five years (older documentation considered on a case-by-case basis).
- Central auditory processing disorder: Audiology report; Within the last five years (older documentation considered on a case-by-case basis).
- Chronic medical condition or physical disability: Student Accessibility Services form, mental health assessment, doctor’s letter; Within the last five years (older documentation considered on a case-by-case basis).","1. Log into Mysas Portal.
2. Navigate to Accommodation.
3. Access Documents.
4. Upload Documents.","Step 1. Complete the Intake Form - ( Log in to MySAS Portal - Click “Accommodation” in the menu on the left - Click “Intake Request” in the menu. Then, select “Form.” - Complete the intake form. Make sure to fill out all the required fields - Before submitting, go back to make sure that your information is accurate. Also, check that all the required fields are complete - Save and submit your request - Next, we’ll email you to upload your documentation - Please upload your documentation within 12 calendar days)

Step 2. Upload your documentation - (Log in to MySAS Portal - Click “Accommodation” in the menu on the left - Click “Documents” in the menu - Upload your documentation or assessment of functional impairment (AFI) - Click save and submit your request)

Step 3. Book an intake appointment - (Log in to MySAS Portal - Click “Appointment” in the menu on the left - Request a new appointment by completing the form - Choose “Intake” from the list of appointment types - Review and select a time. We recommend checking your calendar and timetable first. Appointments can be virtual or in person. Note: All appointments take place Monday to Friday, 8:30 a.m. to 3:30 p.m. - Confirm your appointment.)

Step 4. Meet your program coordinator - (Log in to MySAS Portal - Click “Appointment” in the menu on the left - View your appointment details in the “Approved Appointments” section on the right)

Step 5. Receive your accommodation plan - (Log in to MySAS Portal - Click “Appointment” in the menu on the left - Click “Accommodation Letter/Emails” in the menu - Review your letter of accommodation)","McMaster University offers: 
Short-term counselling (Indigo Path)
Same-day single session appointments (Orange Path)",1,1,"• Campus Security (24/7): 905‑522‑4135
Student Assistance Program (Aspiria, 24/7 mental health): 1‑877‑234‑5327","Apply for OSAP if Ontario is the last Canadian province that you have resided in for at least 12 consecutive months without being a full-time college or university student, and you meet all other eligibility criteria.Apply for OSAP if Ontario is the last Canadian province that you have resided in for at least 12 consecutive months without being a full-time college or university student, and you meet all other eligibility criteria.
OSAP for Full-Time Students and OSAP for Part-Time Students are separate programs and require separate applications. So if you receive full-time OSAP one term and drop to part-time studies the next term, you’ll need to do a new application for part-time OSAP.
Full-time: Enrolled in at least 60% of a 100% course load for your program in each term. Co-op work terms are always considered a 100% course load.
Part-time: Enrolled in between 20% and 59% of a 100% course load for your program in each term.","Kevin Collins Abilities Scholarship
McMaster Achievement Awards of Excellence
NEADS National Student Awards & other external funds
BSWD / CSG-DSE"
TMU,70,"Mobility Impairments
• Examples: wheelchair/scooter users, difficulty navigating stairs or long distances, muscular dystrophy, limb loss.
• Support: accessible buildings and classrooms, seating accommodations, mobility on campus, photocopy assistance for those with limited mobility .
Dexterity Impairments
• Examples: arthritis, repetitive strain injuries, short-term arm or hand injuries.
• Support: ergonomic keyboards/mice, ability to type exams, assistance with note-taking and materials.
Vision Impairments
• Examples: low vision or total blindness.
• Support: adaptive technology like screen readers and magnifiers (e.g., JAWS, Kurzweil 3000), alternative-format documents (large-print, digital), orientation aids .
Hearing Impairments
• Examples: partial hearing loss, deafness.
• Support: captioning services, FM systems, assistive audio devices, note-taking support.
Chronic Physical Health Conditions
• Examples: multiple sclerosis, cancer treatment, severe asthma, chronic fatigue, cardiovascular conditions.
• Support: flexible deadlines, attendance and exam modifications, rest breaks, accommodation plans tailored to health-related barriers .
Temporary Physical Disabilities
• Examples: recovery from surgery, concussions, fractures or sprains.
• Support: temporary exam adjustments, classroom seating changes, provision of mobility aids and note-taking resources.","- anxiety
- depression
- bipolar disorder
- schizophrenia
- obsessive-compulsive disorder (OCD)
- eating disorders
- attention-deficit/hyperactivity disorders (ADD/ADHD)","Quiet, private or low-sensory exam rooms

Alternate formats: accessible PDFs, audio, large print

Assistive tech support (screen readers, adaptive software)

Personalized accommodation plans via AAS portal

Accessible campus spaces (e.g., SLC support)

Confidential registration & privacy protections

Faculty trained in accessibility policies","Extended time & scheduled breaks for exams

Quiet, private or low-sensory exam rooms

Alternate formats: accessible PDFs, audio, large print

Assistive tech support (screen readers, adaptive software)

Peer note-taking services

Personalized accommodation plans via AAS portal

Transition programs (e.g., SHIFT orientation)

Workshops & academic strategy support

Confidential registration & privacy protections

Faculty trained in accessibility policies",Disability Assessment Form,"Option 1: Submit through Traditional Registration Option TRO; for students who would like to attend a virtual registration appointment with a student accommodation facilitator.

Option 2: Submit through Express Registration Option ERO; for students who do not require a registration appointment with a student accommodation facilitator.","Step 1. Obtain your disability documentation 

Step 2. Submit your Intake form & Documentation - (There are two options for registering with AAS - the Traditional Registration Option (TRO) and the Express Registration Option (ERO). Each option has it's own different online intake form that you complete. TRO is best suited for students who would like to attend a virtual registration appointment with a Student Accommodation Facilitator to ask questions and discuss concerns, and ERO offers students a remote and expedited way for AAS to develop and approve an academic accommodation plan.

Step 3. Monitor your inbox for next steps (Depending on the registration option you chose, you will receive a specific email outlining your next steps.
TRO intake form - We'll email you about booking your registration appointment.
ERO intake form - We'll email you with information about your accommodation plan.)",contact 416-979-5195 or csdc@torontomu.ca for counselling services,1,1,"• Campus Safety (24/7): 416‑979‑5040
Good2Talk (24/7 mental health): 1‑866‑925‑5454","Ontario Resident: You must be an Ontario resident. This generally means Ontario is the most recent province where you lived for at least 12 consecutive months, not including time spent as a full-time post-secondary student.
Canadian Citizen, Permanent Resident, or Protected Person: You must be one of these to be eligible for OSAP. International students are not eligible.
Financial Need: OSAP assesses your financial need based on your educational costs and your available financial resources (including your income, family income, and any other scholarships or savings).
Good Standing on Previous Loans: Any previous OSAP loans must be in good standing, with no defaults or restrictions.","AwardSpring disability-focused awards
School of Disability Studies in-program awards (Beth Foulkes Community Living Award, Bill & Lucille Owen Award, etc.)
Beth Foulkes Community Living Award
Bill & Lucille Owen Award in Public Policy
Canadian Foundation for Physically Disabled Persons Disability Studies Award
David & Sylvia Pollock Disability Studies Entrance Award
Emma Hardie International Disability Award
Harry E. Foster Memorial Award
Helen Henderson Award in Writing for Disability Activism
Jake Edelson Award in Community Organising
Karen Tench Memorial Award in Community Inclusion & Advocacy
Malcolm Jeffreys Memorial Leadership Award
M.K. Chant Disability Studies Awards
BSWD / CSG-DSE"
York University (Keele),104,"Mobility Impairments
• Examples: wheelchair/scooter users, difficulty navigating stairs or long distances, muscular dystrophy, limb loss.
• Support: accessible buildings and classrooms, seating accommodations, mobility on campus, photocopy assistance for those with limited mobility .
Dexterity Impairments
• Examples: arthritis, repetitive strain injuries, short-term arm or hand injuries.
• Support: ergonomic keyboards/mice, ability to type exams, assistance with note-taking and materials.
Vision Impairments
• Examples: low vision or total blindness.
• Support: adaptive technology like screen readers and magnifiers (e.g., JAWS, Kurzweil 3000), alternative-format documents (large-print, digital), orientation aids .
Hearing Impairments
• Examples: partial hearing loss, deafness.
• Support: captioning services, FM systems, assistive audio devices, note-taking support.
Chronic Physical Health Conditions
• Examples: multiple sclerosis, cancer treatment, severe asthma, chronic fatigue, cardiovascular conditions.
• Support: flexible deadlines, attendance and exam modifications, rest breaks, accommodation plans tailored to health-related barriers .
Temporary Physical Disabilities
• Examples: recovery from surgery, concussions, fractures or sprains.
• Support: temporary exam adjustments, classroom seating changes, provision of mobility aids and note-taking resources.","- anxiety
- depression
- bipolar disorder
- schizophrenia
- obsessive-compulsive disorder (OCD)
- eating disorders
- attention-deficit/hyperactivity disorders (ADD/ADHD)","Extra time and breaks for exams

Quiet or private testing spaces

Alternate format materials (Braille, large print, audio)

Assistive technology lab and software access

ASL interpreting services

Personalized accommodation plans each term

One-on-one support from accessibility counsellors

Support for physical, sensory, and chronic conditions

Orientation programs (e.g., Project ADVANCE)

Help for students without a formal diagnosis

Faculty coordination to ensure accommodations","Extra time and breaks for exams

Quiet or private testing spaces

Alternate format materials (audio, large print)

Assistive technology lab and software access

Note-taking services

Personalized accommodation plans each term

One-on-one support from accessibility counsellors

Support for mental health and learning conditions

Orientation programs (e.g., Project ADVANCE)

Help for students without a formal diagnosis

Faculty coordination to ensure accommodations","Student Accessibility Services Medical Form 
Medical/psychological report
Psychoeducational assessment (for learning disability/disorder)","1. Collect required documentation.
2. Upload an electronic copy of documentation to the online Registration Questionnaire.
3. Look for an email from sasreg@yorku.ca outlining the next steps; you should hear back within five business days.","Step 1. Collect your medical/psychological documentation.
Step 2. Upload an electronic copy of your documentation to our online Registration Questionnaire. Once completed, you will receive a confirmation email acknowledging your submission.
Step 3. Look for an email from sasreg@yorku.ca outlining next steps; you should hear back within five business days.","York University offers:
In-person counselling
Virtual counselling
Group counselling",1,1,"• Security Services (24/7): 416‑736‑5333
Good2Talk (24/7 mental health): 1‑866‑925‑5454","To apply for full-time OSAP aid, you must:
 • register in full-time studies for the session 
 • be a Canadian citizen, permanent resident or have protected person status; international students are ineligible.
 • have Ontario residency, that is, have lived in Ontario for at least 12 consecutive months without attending full-time postsecondary school.
 • register in an OSAP-approved degree program. Most degree programs at York are OSAP approved.
 • be neither in default on a previous OSAP student loan nor on OSAP restriction.
 • maintain satisfactory academic progress while receiving OSAP aid.
 • have demonstrated financial need as calculated by the government. Gross family income as well as student resources and assets are taken into consideration.","OPEN TO STUDENTS WITH A PERMANENT DISABILITY (UNSPECIFIED):
Jaswant Singh Randhawa Memorial Dis/Ability Award
Shirley Halevy Bursary
Shirley Halevy Bursary (Ontario)
The Roy I. Wolfe Scholarship, The Sheldon Levy Award
FOR STUDENTS WITH PHYSICAL, SENSORY, AND/OR MEDICAL DISABILITIES:
Canadian Hand Emulation Research Organization Bursary
Andrew Roberts Bursary
Dr. Harry Botterell Bursary
Ethel Armstrong Awards
Ron Cope Bursary
The Dusk Family Bursary
University Women’s Club of North York Award for Female Students with Disabilities
Vera Morris Bursary
FOR STUDENTS WITH LEARNING DISABILITIES:
Learning Disabilities Association of Toronto District Bursary
STUDENTS WITH MENTAL HEALTH/PSYCHIATRIC DISABILITIES:
Andrew Roberts Bursary
Enid Weiner Student Award
The Glenn Thompson CMHA Bursary
BSWD / CSG-DSE"
York University (Glendon),21,"""Mobility Impairments
• Examples: wheelchair/scooter users, difficulty navigating stairs or long distances, muscular dystrophy, limb loss.
• Support: accessible buildings and classrooms, seating accommodations, mobility on campus, photocopy assistance for those with limited mobility .
Dexterity Impairments
• Examples: arthritis, repetitive strain injuries, short-term arm or hand injuries.
• Support: ergonomic keyboards/mice, ability to type exams, assistance with note-taking and materials.
Vision Impairments
• Examples: low vision or total blindness.
• Support: adaptive technology like screen readers and magnifiers (e.g., JAWS, Kurzweil 3000), alternative-format documents (large-print, digital), orientation aids .
Hearing Impairments
• Examples: partial hearing loss, deafness.
• Support: captioning services, FM systems, assistive audio devices, note-taking support.
Chronic Physical Health Conditions
• Examples: multiple sclerosis, cancer treatment, severe asthma, chronic fatigue, cardiovascular conditions.
• Support: flexible deadlines, attendance and exam modifications, rest breaks, accommodation plans tailored to health-related barriers .
Temporary Physical Disabilities
• Examples: recovery from surgery, concussions, fractures or sprains.
• Support: temporary exam adjustments, classroom seating changes, provision of mobility aids and note-taking resources.""
""Mobility Impairments
• Examples: wheelchair/scooter users, difficulty navigating stairs or long distances, muscular dystrophy, limb loss.
• Support: accessible buildings and classrooms, seating accommodations, mobility on campus, photocopy assistance for those with limited mobility .
Dexterity Impairments
• Examples: arthritis, repetitive strain injuries, short-term arm or hand injuries.
• Support: ergonomic keyboards/mice, ability to type exams, assistance with note-taking and materials.
Vision Impairments
• Examples: low vision or total blindness.
• Support: adaptive technology like screen readers and magnifiers (e.g., JAWS, Kurzweil 3000), alternative-format documents (large-print, digital), orientation aids .
Hearing Impairments
• Examples: partial hearing loss, deafness.
• Support: captioning services, FM systems, assistive audio devices, note-taking support.
Chronic Physical Health Conditions
• Examples: multiple sclerosis, cancer treatment, severe asthma, chronic fatigue, cardiovascular conditions.
• Support: flexible deadlines, attendance and exam modifications, rest breaks, accommodation plans tailored to health-related barriers .
Temporary Physical Disabilities
• Examples: recovery from surgery, concussions, fractures or sprains.
• Support: temporary exam adjustments, classroom seating changes, provision of mobility aids and note-taking resources.""
""Mobility Impairments
• Examples: wheelchair/scooter users, difficulty navigating stairs or long distances, muscular dystrophy, limb loss.
• Support: accessible buildings and classrooms, seating accommodations, mobility on campus, photocopy assistance for those with limited mobility .
Dexterity Impairments
• Examples: arthritis, repetitive strain injuries, short-term arm or hand injuries.
• Support: ergonomic keyboards/mice, ability to type exams, assistance with note-taking and materials.
Vision Impairments
• Examples: low vision or total blindness.
• Support: adaptive technology like screen readers and magnifiers (e.g., JAWS, Kurzweil 3000), alternative-format documents (large-print, digital), orientation aids .
Hearing Impairments
• Examples: partial hearing loss, deafness.
• Support: captioning services, FM systems, assistive audio devices, note-taking support.
Chronic Physical Health Conditions
• Examples: multiple sclerosis, cancer treatment, severe asthma, chronic fatigue, cardiovascular conditions.
• Support: flexible deadlines, attendance and exam modifications, rest breaks, accommodation plans tailored to health-related barriers .
Temporary Physical Disabilities
• Examples: recovery from surgery, concussions, fractures or sprains.
• Support: temporary exam adjustments, classroom seating changes, provision of mobility aids and note-taking resources.""
""Mobility Impairments
• Examples: wheelchair/scooter users, difficulty navigating stairs or long distances, muscular dystrophy, limb loss.
• Support: accessible buildings and classrooms, seating accommodations, mobility on campus, photocopy assistance for those with limited mobility .
Dexterity Impairments
• Examples: arthritis, repetitive strain injuries, short-term arm or hand injuries.
• Support: ergonomic keyboards/mice, ability to type exams, assistance with note-taking and materials.
Vision Impairments
• Examples: low vision or total blindness.
• Support: adaptive technology like screen readers and magnifiers (e.g., JAWS, Kurzweil 3000), alternative-format documents (large-print, digital), orientation aids .
Hearing Impairments
• Examples: partial hearing loss, deafness.
• Support: captioning services, FM systems, assistive audio devices, note-taking support.
Chronic Physical Health Conditions
• Examples: multiple sclerosis, cancer treatment, severe asthma, chronic fatigue, cardiovascular conditions.
• Support: flexible deadlines, attendance and exam modifications, rest breaks, accommodation plans tailored to health-related barriers .
Temporary Physical Disabilities
• Examples: recovery from surgery, concussions, fractures or sprains.
• Support: temporary exam adjustments, classroom seating changes, provision of mobility aids and note-taking resources.""
""Mobility Impairments
• Examples: wheelchair/scooter users, difficulty navigating stairs or long distances, muscular dystrophy, limb loss.
• Support: accessible buildings and classrooms, seating accommodations, mobility on campus, photocopy assistance for those with limited mobility .
Dexterity Impairments
• Examples: arthritis, repetitive strain injuries, short-term arm or hand injuries.
• Support: ergonomic keyboards/mice, ability to type exams, assistance with note-taking and materials.
Vision Impairments
• Examples: low vision or total blindness.
• Support: adaptive technology like screen readers and magnifiers (e.g., JAWS, Kurzweil 3000), alternative-format documents (large-print, digital), orientation aids .
Hearing Impairments
• Examples: partial hearing loss, deafness.
• Support: captioning services, FM systems, assistive audio devices, note-taking support.
Chronic Physical Health Conditions
• Examples: multiple sclerosis, cancer treatment, severe asthma, chronic fatigue, cardiovascular conditions.
• Support: flexible deadlines, attendance and exam modifications, rest breaks, accommodation plans tailored to health-related barriers .
Temporary Physical Disabilities
• Examples: recovery from surgery, concussions, fractures or sprains.
• Support: temporary exam adjustments, classroom seating changes, provision of mobility aids and note-taking resources.""
""Mobility Impairments
• Examples: wheelchair/scooter users, difficulty navigating stairs or long distances, muscular dystrophy, limb loss.
• Support: accessible buildings and classrooms, seating accommodations, mobility on campus, photocopy assistance for those with limited mobility .
Dexterity Impairments
• Examples: arthritis, repetitive strain injuries, short-term arm or hand injuries.
• Support: ergonomic keyboards/mice, ability to type exams, assistance with note-taking and materials.
Vision Impairments
• Examples: low vision or total blindness.
• Support: adaptive technology like screen readers and magnifiers (e.g., JAWS, Kurzweil 3000), alternative-format documents (large-print, digital), orientation aids .
Hearing Impairments
• Examples: partial hearing loss, deafness.
• Support: captioning services, FM systems, assistive audio devices, note-taking support.
Chronic Physical Health Conditions
• Examples: multiple sclerosis, cancer treatment, severe asthma, chronic fatigue, cardiovascular conditions.
• Support: flexible deadlines, attendance and exam modifications, rest breaks, accommodation plans tailored to health-related barriers .
Temporary Physical Disabilities
• Examples: recovery from surgery, concussions, fractures or sprains.
• Support: temporary exam adjustments, classroom seating changes, provision of mobility aids and note-taking resources.""
""Mobility Impairments
• Examples: wheelchair/scooter users, difficulty navigating stairs or long distances, muscular dystrophy, limb loss.
• Support: accessible buildings and classrooms, seating accommodations, mobility on campus, photocopy assistance for those with limited mobility .
Dexterity Impairments
• Examples: arthritis, repetitive strain injuries, short-term arm or hand injuries.
• Support: ergonomic keyboards/mice, ability to type exams, assistance with note-taking and materials.
Vision Impairments
• Examples: low vision or total blindness.
• Support: adaptive technology like screen readers and magnifiers (e.g., JAWS, Kurzweil 3000), alternative-format documents (large-print, digital), orientation aids .
Hearing Impairments
• Examples: partial hearing loss, deafness.
• Support: captioning services, FM systems, assistive audio devices, note-taking support.
Chronic Physical Health Conditions
• Examples: multiple sclerosis, cancer treatment, severe asthma, chronic fatigue, cardiovascular conditions.
• Support: flexible deadlines, attendance and exam modifications, rest breaks, accommodation plans tailored to health-related barriers .
Temporary Physical Disabilities
• Examples: recovery from surgery, concussions, fractures or sprains.
• Support: temporary exam adjustments, classroom seating changes, provision of mobility aids and note-taking resources.""
""Mobility Impairments
• Examples: wheelchair/scooter users, difficulty navigating stairs or long distances, muscular dystrophy, limb loss.
• Support: accessible buildings and classrooms, seating accommodations, mobility on campus, photocopy assistance for those with limited mobility .
Dexterity Impairments
• Examples: arthritis, repetitive strain injuries, short-term arm or hand injuries.
• Support: ergonomic keyboards/mice, ability to type exams, assistance with note-taking and materials.
Vision Impairments
• Examples: low vision or total blindness.
• Support: adaptive technology like screen readers and magnifiers (e.g., JAWS, Kurzweil 3000), alternative-format documents (large-print, digital), orientation aids .
Hearing Impairments
• Examples: partial hearing loss, deafness.
• Support: captioning services, FM systems, assistive audio devices, note-taking support.
Chronic Physical Health Conditions
• Examples: multiple sclerosis, cancer treatment, severe asthma, chronic fatigue, cardiovascular conditions.
• Support: flexible deadlines, attendance and exam modifications, rest breaks, accommodation plans tailored to health-related barriers .
Temporary Physical Disabilities
• Examples: recovery from surgery, concussions, fractures or sprains.
• Support: temporary exam adjustments, classroom seating changes, provision of mobility aids and note-taking resources.""
""Mobility Impairments
• Examples: wheelchair/scooter users, difficulty navigating stairs or long distances, muscular dystrophy, limb loss.
• Support: accessible buildings and classrooms, seating accommodations, mobility on campus, photocopy assistance for those with limited mobility .
Dexterity Impairments
• Examples: arthritis, repetitive strain injuries, short-term arm or hand injuries.
• Support: ergonomic keyboards/mice, ability to type exams, assistance with note-taking and materials.
Vision Impairments
• Examples: low vision or total blindness.
• Support: adaptive technology like screen readers and magnifiers (e.g., JAWS, Kurzweil 3000), alternative-format documents (large-print, digital), orientation aids .
Hearing Impairments
• Examples: partial hearing loss, deafness.
• Support: captioning services, FM systems, assistive audio devices, note-taking support.
Chronic Physical Health Conditions
• Examples: multiple sclerosis, cancer treatment, severe asthma, chronic fatigue, cardiovascular conditions.
• Support: flexible deadlines, attendance and exam modifications, rest breaks, accommodation plans tailored to health-related barriers .
Temporary Physical Disabilities
• Examples: recovery from surgery, concussions, fractures or sprains.
• Support: temporary exam adjustments, classroom seating changes, provision of mobility aids and note-taking resources.""
""Mobility Impairments
• Examples: wheelchair/scooter users, difficulty navigating stairs or long distances, muscular dystrophy, limb loss.
• Support: accessible buildings and classrooms, seating accommodations, mobility on campus, photocopy assistance for those with limited mobility .
Dexterity Impairments
• Examples: arthritis, repetitive strain injuries, short-term arm or hand injuries.
• Support: ergonomic keyboards/mice, ability to type exams, assistance with note-taking and materials.
Vision Impairments
• Examples: low vision or total blindness.
• Support: adaptive technology like screen readers and magnifiers (e.g., JAWS, Kurzweil 3000), alternative-format documents (large-print, digital), orientation aids .
Hearing Impairments
• Examples: partial hearing loss, deafness.
• Support: captioning services, FM systems, assistive audio devices, note-taking support.
Chronic Physical Health Conditions
• Examples: multiple sclerosis, cancer treatment, severe asthma, chronic fatigue, cardiovascular conditions.
• Support: flexible deadlines, attendance and exam modifications, rest breaks, accommodation plans tailored to health-related barriers .
Temporary Physical Disabilities
• Examples: recovery from surgery, concussions, fractures or sprains.
• Support: temporary exam adjustments, classroom seating changes, provision of mobility aids and note-taking resources.""
""""""Mobility Impairments
• Examples: wheelchair/scooter users, difficulty navigating stairs or long distances, muscular dystrophy, limb loss.
• Support: accessible buildings and classrooms, seating accommodations, mobility on campus, photocopy assistance for those with limited mobility .
Dexterity Impairments
• Examples: arthritis, repetitive strain injuries, short-term arm or hand injuries.
• Support: ergonomic keyboards/mice, ability to type exams, assistance with note-taking and materials.
Vision Impairments
• Examples: low vision or total blindness.
• Support: adaptive technology like screen readers and magnifiers (e.g., JAWS, Kurzweil 3000), alternative-format documents (large-print, digital), orientation aids .
Hearing Impairments
• Examples: partial hearing loss, deafness.
• Support: captioning services, FM systems, assistive audio devices, note-taking support.
Chronic Physical Health Conditions
• Examples: multiple sclerosis, cancer treatment, severe asthma, chronic fatigue, cardiovascular conditions.
• Support: flexible deadlines, attendance and exam modifications, rest breaks, accommodation plans tailored to health-related barriers .
Temporary Physical Disabilities
• Examples: recovery from surgery, concussions, fractures or sprains.
• Support: temporary exam adjustments, classroom seating changes, provision of mobility aids and note-taking resources.""""
""""Mobility Impairments
• Examples: wheelchair/scooter users, difficulty navigating stairs or long distances, muscular dystrophy, limb loss.
• Support: accessible buildings and classrooms, seating accommodations, mobility on campus, photocopy assistance for those with limited mobility .
Dexterity Impairments
• Examples: arthritis, repetitive strain injuries, short-term arm or hand injuries.
• Support: ergonomic keyboards/mice, ability to type exams, assistance with note-taking and materials.
Vision Impairments
• Examples: low vision or total blindness.
• Support: adaptive technology like screen readers and magnifiers (e.g., JAWS, Kurzweil 3000), alternative-format documents (large-print, digital), orientation aids .
Hearing Impairments
• Examples: partial hearing loss, deafness.
• Support: captioning services, FM systems, assistive audio devices, note-taking support.
Chronic Physical Health Conditions
• Examples: multiple sclerosis, cancer treatment, severe asthma, chronic fatigue, cardiovascular conditions.
• Support: flexible deadlines, attendance and exam modifications, rest breaks, accommodation plans tailored to health-related barriers .
Temporary Physical Disabilities
• Examples: recovery from surgery, concussions, fractures or sprains.
• Support: temporary exam adjustments, classroom seating changes, provision of mobility aids and note-taking resources.""""
""""Mobility Impairments
• Examples: wheelchair/scooter users, difficulty navigating stairs or long distances, muscular dystrophy, limb loss.
• Support: accessible buildings and classrooms, seating accommodations, mobility on campus, photocopy assistance for those with limited mobility .
Dexterity Impairments
• Examples: arthritis, repetitive strain injuries, short-term arm or hand injuries.
• Support: ergonomic keyboards/mice, ability to type exams, assistance with note-taking and materials.
Vision Impairments
• Examples: low vision or total blindness.
• Support: adaptive technology like screen readers and magnifiers (e.g., JAWS, Kurzweil 3000), alternative-format documents (large-print, digital), orientation aids .
Hearing Impairments
• Examples: partial hearing loss, deafness.
• Support: captioning services, FM systems, assistive audio devices, note-taking support.
Chronic Physical Health Conditions
• Examples: multiple sclerosis, cancer treatment, severe asthma, chronic fatigue, cardiovascular conditions.
• Support: flexible deadlines, attendance and exam modifications, rest breaks, accommodation plans tailored to health-related barriers .
Temporary Physical Disabilities
• Examples: recovery from surgery, concussions, fractures or sprains.
• Support: temporary exam adjustments, classroom seating changes, provision of mobility aids and note-taking resources.""""
""""Mobility Impairments
• Examples: wheelchair/scooter users, difficulty navigating stairs or long distances, muscular dystrophy, limb loss.
• Support: accessible buildings and classrooms, seating accommodations, mobility on campus, photocopy assistance for those with limited mobility .
Dexterity Impairments
• Examples: arthritis, repetitive strain injuries, short-term arm or hand injuries.
• Support: ergonomic keyboards/mice, ability to type exams, assistance with note-taking and materials.
Vision Impairments
• Examples: low vision or total blindness.
• Support: adaptive technology like screen readers and magnifiers (e.g., JAWS, Kurzweil 3000), alternative-format documents (large-print, digital), orientation aids .
Hearing Impairments
• Examples: partial hearing loss, deafness.
• Support: captioning services, FM systems, assistive audio devices, note-taking support.
Chronic Physical Health Conditions
• Examples: multiple sclerosis, cancer treatment, severe asthma, chronic fatigue, cardiovascular conditions.
• Support: flexible deadlines, attendance and exam modifications, rest breaks, accommodation plans tailored to health-related barriers .
Temporary Physical Disabilities
• Examples: recovery from surgery, concussions, fractures or sprains.
• Support: temporary exam adjustments, classroom seating changes, provision of mobility aids and note-taking resources.""""
""""Mobility Impairments
• Examples: wheelchair/scooter users, difficulty navigating stairs or long distances, muscular dystrophy, limb loss.
• Support: accessible buildings and classrooms, seating accommodations, mobility on campus, photocopy assistance for those with limited mobility .
Dexterity Impairments
• Examples: arthritis, repetitive strain injuries, short-term arm or hand injuries.
• Support: ergonomic keyboards/mice, ability to type exams, assistance with note-taking and materials.
Vision Impairments
• Examples: low vision or total blindness.
• Support: adaptive technology like screen readers and magnifiers (e.g., JAWS, Kurzweil 3000), alternative-format documents (large-print, digital), orientation aids .
Hearing Impairments
• Examples: partial hearing loss, deafness.
• Support: captioning services, FM systems, assistive audio devices, note-taking support.
Chronic Physical Health Conditions
• Examples: multiple sclerosis, cancer treatment, severe asthma, chronic fatigue, cardiovascular conditions.
• Support: flexible deadlines, attendance and exam modifications, rest breaks, accommodation plans tailored to health-related barriers .
Temporary Physical Disabilities
• Examples: recovery from surgery, concussions, fractures or sprains.
• Support: temporary exam adjustments, classroom seating changes, provision of mobility aids and note-taking resources.""""
""""Mobility Impairments
• Examples: wheelchair/scooter users, difficulty navigating stairs or long distances, muscular dystrophy, limb loss.
• Support: accessible buildings and classrooms, seating accommodations, mobility on campus, photocopy assistance for those with limited mobility .
Dexterity Impairments
• Examples: arthritis, repetitive strain injuries, short-term arm or hand injuries.
• Support: ergonomic keyboards/mice, ability to type exams, assistance with note-taking and materials.
Vision Impairments
• Examples: low vision or total blindness.
• Support: adaptive technology like screen readers and magnifiers (e.g., JAWS, Kurzweil 3000), alternative-format documents (large-print, digital), orientation aids .
Hearing Impairments
• Examples: partial hearing loss, deafness.
• Support: captioning services, FM systems, assistive audio devices, note-taking support.
Chronic Physical Health Conditions
• Examples: multiple sclerosis, cancer treatment, severe asthma, chronic fatigue, cardiovascular conditions.
• Support: flexible deadlines, attendance and exam modifications, rest breaks, accommodation plans tailored to health-related barriers .
Temporary Physical Disabilities
• Examples: recovery from surgery, concussions, fractures or sprains.
• Support: temporary exam adjustments, classroom seating changes, provision of mobility aids and note-taking resources.""""
""""Mobility Impairments
• Examples: wheelchair/scooter users, difficulty navigating stairs or long distances, muscular dystrophy, limb loss.
• Support: accessible buildings and classrooms, seating accommodations, mobility on campus, photocopy assistance for those with limited mobility .
Dexterity Impairments
• Examples: arthritis, repetitive strain injuries, short-term arm or hand injuries.
• Support: ergonomic keyboards/mice, ability to type exams, assistance with note-taking and materials.
Vision Impairments
• Examples: low vision or total blindness.
• Support: adaptive technology like screen readers and magnifiers (e.g., JAWS, Kurzweil 3000), alternative-format documents (large-print, digital), orientation aids .
Hearing Impairments
• Examples: partial hearing loss, deafness.
• Support: captioning services, FM systems, assistive audio devices, note-taking support.
Chronic Physical Health Conditions
• Examples: multiple sclerosis, cancer treatment, severe asthma, chronic fatigue, cardiovascular conditions.
• Support: flexible deadlines, attendance and exam modifications, rest breaks, accommodation plans tailored to health-related barriers .
Temporary Physical Disabilities
• Examples: recovery from surgery, concussions, fractures or sprains.
• Support: temporary exam adjustments, classroom seating changes, provision of mobility aids and note-taking resources.""""
""""Mobility Impairments
• Examples: wheelchair/scooter users, difficulty navigating stairs or long distances, muscular dystrophy, limb loss.
• Support: accessible buildings and classrooms, seating accommodations, mobility on campus, photocopy assistance for those with limited mobility .
Dexterity Impairments
• Examples: arthritis, repetitive strain injuries, short-term arm or hand injuries.
• Support: ergonomic keyboards/mice, ability to type exams, assistance with note-taking and materials.
Vision Impairments
• Examples: low vision or total blindness.
• Support: adaptive technology like screen readers and magnifiers (e.g., JAWS, Kurzweil 3000), alternative-format documents (large-print, digital), orientation aids .
Hearing Impairments
• Examples: partial hearing loss, deafness.
• Support: captioning services, FM systems, assistive audio devices, note-taking support.
Chronic Physical Health Conditions
• Examples: multiple sclerosis, cancer treatment, severe asthma, chronic fatigue, cardiovascular conditions.
• Support: flexible deadlines, attendance and exam modifications, rest breaks, accommodation plans tailored to health-related barriers .
Temporary Physical Disabilities
• Examples: recovery from surgery, concussions, fractures or sprains.
• Support: temporary exam adjustments, classroom seating changes, provision of mobility aids and note-taking resources.""""
""""Mobility Impairments
• Examples: wheelchair/scooter users, difficulty navigating stairs or long distances, muscular dystrophy, limb loss.
• Support: accessible buildings and classrooms, seating accommodations, mobility on campus, photocopy assistance for those with limited mobility .
Dexterity Impairments
• Examples: arthritis, repetitive strain injuries, short-term arm or hand injuries.
• Support: ergonomic keyboards/mice, ability to type exams, assistance with note-taking and materials.
Vision Impairments
• Examples: low vision or total blindness.
• Support: adaptive technology like screen readers and magnifiers (e.g., JAWS, Kurzweil 3000), alternative-format documents (large-print, digital), orientation aids .
Hearing Impairments
• Examples: partial hearing loss, deafness.
• Support: captioning services, FM systems, assistive audio devices, note-taking support.
Chronic Physical Health Conditions
• Examples: multiple sclerosis, cancer treatment, severe asthma, chronic fatigue, cardiovascular conditions.
• Support: flexible deadlines, attendance and exam modifications, rest breaks, accommodation plans tailored to health-related barriers .
Temporary Physical Disabilities
• Examples: recovery from surgery, concussions, fractures or sprains.
• Support: temporary exam adjustments, classroom seating changes, provision of mobility aids and note-taking resources.""""
""""Mobility Impairments
• Examples: wheelchair/scooter users, difficulty navigating stairs or long distances, muscular dystrophy, limb loss.
• Support: accessible buildings and classrooms, seating accommodations, mobility on campus, photocopy assistance for those with limited mobility .
Dexterity Impairments
• Examples: arthritis, repetitive strain injuries, short-term arm or hand injuries.
• Support: ergonomic keyboards/mice, ability to type exams, assistance with note-taking and materials.
Vision Impairments
• Examples: low vision or total blindness.
• Support: adaptive technology like screen readers and magnifiers (e.g., JAWS, Kurzweil 3000), alternative-format documents (large-print, digital), orientation aids .
Hearing Impairments
• Examples: partial hearing loss, deafness.
• Support: captioning services, FM systems, assistive audio devices, note-taking support.
Chronic Physical Health Conditions
• Examples: multiple sclerosis, cancer treatment, severe asthma, chronic fatigue, cardiovascular conditions.
• Support: flexible deadlines, attendance and exam modifications, rest breaks, accommodation plans tailored to health-related barriers .
Temporary Physical Disabilities
• Examples: recovery from surgery, concussions, fractures or sprains.
• Support: temporary exam adjustments, classroom seating changes, provision of mobility aids and note-taking resources.""""""","- anxiety disorders (Generalized Anxiety Disorder, Social Anxiety Disorder, Panic Disorder)
- mood disorders (Major Depressive Disorder, Bipolar Disorder), thought disorders (Schizophrenia)
- PTSD
- eating disorders
- personality disorders
- learning disabilities
- attention disorders (ADD/ADHD)
- autism","Extra time, breaks, and private rooms for exams

Alternate formats: Braille, large print, audio, accessible PDFs

Assistive tech lab with adaptive hardware and software

ASL interpreting available

Personalized accommodation plans shared each term

Support for physical, sensory, and chronic conditions

Temporary and interim accommodations for undiagnosed issues

One-on-one support from accessibility counsellors

Orientation and peer support for new students

Accessible campus layout and shuttle between Glendon and Keele","Extra time, breaks, and private rooms for exams

Alternate formats: audio, large print, accessible PDFs

Assistive tech lab with adaptive software

Note-taking available

Personalized accommodation plans shared each term

Support for learning, mental health, and chronic conditions

Temporary and interim accommodations for undiagnosed issues

One-on-one support from accessibility counsellors

Orientation and peer support for new students","Student Accessibility Services Medical Form 
Medical/psychological report
Psychoeducational assessment (for learning disability/disorder)","1. Collect required documentation.
2. Upload an electronic copy of documentation to the online Registration Questionnaire.
3. Look for an email from sasreg@yorku.ca outlining the next steps; you should hear back within five business days.","Step 1. Collect your medical/psychological documentation.
Step 2. Upload an electronic copy of your documentation to our online Registration Questionnaire. Once completed, you will receive a confirmation email acknowledging your submission.
Step 3. Look for an email from sasreg@yorku.ca outlining next steps; you should hear back within five business days.","York University offers:
In-person counselling
Virtual counselling
Group counselling",1,1,"• Security Services (24/7): 416‑736‑5333
Good2Talk (24/7 mental health): 1‑866‑925‑5454","To apply for full-time OSAP aid, you must:
 • register in full-time studies for the session 
 • be a Canadian citizen, permanent resident or have protected person status; international students are ineligible.
 • have Ontario residency, that is, have lived in Ontario for at least 12 consecutive months without attending full-time postsecondary school.
 • register in an OSAP-approved degree program. Most degree programs at York are OSAP approved.
 • be neither in default on a previous OSAP student loan nor on OSAP restriction.
 • maintain satisfactory academic progress while receiving OSAP aid.
 • have demonstrated financial need as calculated by the government. Gross family income as well as student resources and assets are taken into consideration.","OPEN TO STUDENTS WITH A PERMANENT DISABILITY (UNSPECIFIED):
Jaswant Singh Randhawa Memorial Dis/Ability Award
Shirley Halevy Bursary
Shirley Halevy Bursary (Ontario)
The Roy I. Wolfe Scholarship, The Sheldon Levy Award
FOR STUDENTS WITH PHYSICAL, SENSORY, AND/OR MEDICAL DISABILITIES:
Canadian Hand Emulation Research Organization Bursary
Andrew Roberts Bursary
Dr. Harry Botterell Bursary
Ethel Armstrong Awards
Ron Cope Bursary
The Dusk Family Bursary
University Women’s Club of North York Award for Female Students with Disabilities
Vera Morris Bursary
FOR STUDENTS WITH LEARNING DISABILITIES:
Learning Disabilities Association of Toronto District Bursary
STUDENTS WITH MENTAL HEALTH/PSYCHIATRIC DISABILITIES:
Andrew Roberts Bursary
Enid Weiner Student Award
The Glenn Thompson CMHA Bursary
BSWD / CSG-DSE"
York University (Markham),9,"""Mobility Impairments
• Examples: wheelchair/scooter users, difficulty navigating stairs or long distances, muscular dystrophy, limb loss.
• Support: accessible buildings and classrooms, seating accommodations, mobility on campus, photocopy assistance for those with limited mobility .
Dexterity Impairments
• Examples: arthritis, repetitive strain injuries, short-term arm or hand injuries.
• Support: ergonomic keyboards/mice, ability to type exams, assistance with note-taking and materials.
Vision Impairments
• Examples: low vision or total blindness.
• Support: adaptive technology like screen readers and magnifiers (e.g., JAWS, Kurzweil 3000), alternative-format documents (large-print, digital), orientation aids .
Hearing Impairments
• Examples: partial hearing loss, deafness.
• Support: captioning services, FM systems, assistive audio devices, note-taking support.
Chronic Physical Health Conditions
• Examples: multiple sclerosis, cancer treatment, severe asthma, chronic fatigue, cardiovascular conditions.
• Support: flexible deadlines, attendance and exam modifications, rest breaks, accommodation plans tailored to health-related barriers .
Temporary Physical Disabilities
• Examples: recovery from surgery, concussions, fractures or sprains.
• Support: temporary exam adjustments, classroom seating changes, provision of mobility aids and note-taking resources.""
""Mobility Impairments
• Examples: wheelchair/scooter users, difficulty navigating stairs or long distances, muscular dystrophy, limb loss.
• Support: accessible buildings and classrooms, seating accommodations, mobility on campus, photocopy assistance for those with limited mobility .
Dexterity Impairments
• Examples: arthritis, repetitive strain injuries, short-term arm or hand injuries.
• Support: ergonomic keyboards/mice, ability to type exams, assistance with note-taking and materials.
Vision Impairments
• Examples: low vision or total blindness.
• Support: adaptive technology like screen readers and magnifiers (e.g., JAWS, Kurzweil 3000), alternative-format documents (large-print, digital), orientation aids .
Hearing Impairments
• Examples: partial hearing loss, deafness.
• Support: captioning services, FM systems, assistive audio devices, note-taking support.
Chronic Physical Health Conditions
• Examples: multiple sclerosis, cancer treatment, severe asthma, chronic fatigue, cardiovascular conditions.
• Support: flexible deadlines, attendance and exam modifications, rest breaks, accommodation plans tailored to health-related barriers .
Temporary Physical Disabilities
• Examples: recovery from surgery, concussions, fractures or sprains.
• Support: temporary exam adjustments, classroom seating changes, provision of mobility aids and note-taking resources.""
""Mobility Impairments
• Examples: wheelchair/scooter users, difficulty navigating stairs or long distances, muscular dystrophy, limb loss.
• Support: accessible buildings and classrooms, seating accommodations, mobility on campus, photocopy assistance for those with limited mobility .
Dexterity Impairments
• Examples: arthritis, repetitive strain injuries, short-term arm or hand injuries.
• Support: ergonomic keyboards/mice, ability to type exams, assistance with note-taking and materials.
Vision Impairments
• Examples: low vision or total blindness.
• Support: adaptive technology like screen readers and magnifiers (e.g., JAWS, Kurzweil 3000), alternative-format documents (large-print, digital), orientation aids .
Hearing Impairments
• Examples: partial hearing loss, deafness.
• Support: captioning services, FM systems, assistive audio devices, note-taking support.
Chronic Physical Health Conditions
• Examples: multiple sclerosis, cancer treatment, severe asthma, chronic fatigue, cardiovascular conditions.
• Support: flexible deadlines, attendance and exam modifications, rest breaks, accommodation plans tailored to health-related barriers .
Temporary Physical Disabilities
• Examples: recovery from surgery, concussions, fractures or sprains.
• Support: temporary exam adjustments, classroom seating changes, provision of mobility aids and note-taking resources.""
""Mobility Impairments
• Examples: wheelchair/scooter users, difficulty navigating stairs or long distances, muscular dystrophy, limb loss.
• Support: accessible buildings and classrooms, seating accommodations, mobility on campus, photocopy assistance for those with limited mobility .
Dexterity Impairments
• Examples: arthritis, repetitive strain injuries, short-term arm or hand injuries.
• Support: ergonomic keyboards/mice, ability to type exams, assistance with note-taking and materials.
Vision Impairments
• Examples: low vision or total blindness.
• Support: adaptive technology like screen readers and magnifiers (e.g., JAWS, Kurzweil 3000), alternative-format documents (large-print, digital), orientation aids .
Hearing Impairments
• Examples: partial hearing loss, deafness.
• Support: captioning services, FM systems, assistive audio devices, note-taking support.
Chronic Physical Health Conditions
• Examples: multiple sclerosis, cancer treatment, severe asthma, chronic fatigue, cardiovascular conditions.
• Support: flexible deadlines, attendance and exam modifications, rest breaks, accommodation plans tailored to health-related barriers .
Temporary Physical Disabilities
• Examples: recovery from surgery, concussions, fractures or sprains.
• Support: temporary exam adjustments, classroom seating changes, provision of mobility aids and note-taking resources.""
""Mobility Impairments
• Examples: wheelchair/scooter users, difficulty navigating stairs or long distances, muscular dystrophy, limb loss.
• Support: accessible buildings and classrooms, seating accommodations, mobility on campus, photocopy assistance for those with limited mobility .
Dexterity Impairments
• Examples: arthritis, repetitive strain injuries, short-term arm or hand injuries.
• Support: ergonomic keyboards/mice, ability to type exams, assistance with note-taking and materials.
Vision Impairments
• Examples: low vision or total blindness.
• Support: adaptive technology like screen readers and magnifiers (e.g., JAWS, Kurzweil 3000), alternative-format documents (large-print, digital), orientation aids .
Hearing Impairments
• Examples: partial hearing loss, deafness.
• Support: captioning services, FM systems, assistive audio devices, note-taking support.
Chronic Physical Health Conditions
• Examples: multiple sclerosis, cancer treatment, severe asthma, chronic fatigue, cardiovascular conditions.
• Support: flexible deadlines, attendance and exam modifications, rest breaks, accommodation plans tailored to health-related barriers .
Temporary Physical Disabilities
• Examples: recovery from surgery, concussions, fractures or sprains.
• Support: temporary exam adjustments, classroom seating changes, provision of mobility aids and note-taking resources.""
""Mobility Impairments
• Examples: wheelchair/scooter users, difficulty navigating stairs or long distances, muscular dystrophy, limb loss.
• Support: accessible buildings and classrooms, seating accommodations, mobility on campus, photocopy assistance for those with limited mobility .
Dexterity Impairments
• Examples: arthritis, repetitive strain injuries, short-term arm or hand injuries.
• Support: ergonomic keyboards/mice, ability to type exams, assistance with note-taking and materials.
Vision Impairments
• Examples: low vision or total blindness.
• Support: adaptive technology like screen readers and magnifiers (e.g., JAWS, Kurzweil 3000), alternative-format documents (large-print, digital), orientation aids .
Hearing Impairments
• Examples: partial hearing loss, deafness.
• Support: captioning services, FM systems, assistive audio devices, note-taking support.
Chronic Physical Health Conditions
• Examples: multiple sclerosis, cancer treatment, severe asthma, chronic fatigue, cardiovascular conditions.
• Support: flexible deadlines, attendance and exam modifications, rest breaks, accommodation plans tailored to health-related barriers .
Temporary Physical Disabilities
• Examples: recovery from surgery, concussions, fractures or sprains.
• Support: temporary exam adjustments, classroom seating changes, provision of mobility aids and note-taking resources.""
""Mobility Impairments
• Examples: wheelchair/scooter users, difficulty navigating stairs or long distances, muscular dystrophy, limb loss.
• Support: accessible buildings and classrooms, seating accommodations, mobility on campus, photocopy assistance for those with limited mobility .
Dexterity Impairments
• Examples: arthritis, repetitive strain injuries, short-term arm or hand injuries.
• Support: ergonomic keyboards/mice, ability to type exams, assistance with note-taking and materials.
Vision Impairments
• Examples: low vision or total blindness.
• Support: adaptive technology like screen readers and magnifiers (e.g., JAWS, Kurzweil 3000), alternative-format documents (large-print, digital), orientation aids .
Hearing Impairments
• Examples: partial hearing loss, deafness.
• Support: captioning services, FM systems, assistive audio devices, note-taking support.
Chronic Physical Health Conditions
• Examples: multiple sclerosis, cancer treatment, severe asthma, chronic fatigue, cardiovascular conditions.
• Support: flexible deadlines, attendance and exam modifications, rest breaks, accommodation plans tailored to health-related barriers .
Temporary Physical Disabilities
• Examples: recovery from surgery, concussions, fractures or sprains.
• Support: temporary exam adjustments, classroom seating changes, provision of mobility aids and note-taking resources.""
""Mobility Impairments
• Examples: wheelchair/scooter users, difficulty navigating stairs or long distances, muscular dystrophy, limb loss.
• Support: accessible buildings and classrooms, seating accommodations, mobility on campus, photocopy assistance for those with limited mobility .
Dexterity Impairments
• Examples: arthritis, repetitive strain injuries, short-term arm or hand injuries.
• Support: ergonomic keyboards/mice, ability to type exams, assistance with note-taking and materials.
Vision Impairments
• Examples: low vision or total blindness.
• Support: adaptive technology like screen readers and magnifiers (e.g., JAWS, Kurzweil 3000), alternative-format documents (large-print, digital), orientation aids .
Hearing Impairments
• Examples: partial hearing loss, deafness.
• Support: captioning services, FM systems, assistive audio devices, note-taking support.
Chronic Physical Health Conditions
• Examples: multiple sclerosis, cancer treatment, severe asthma, chronic fatigue, cardiovascular conditions.
• Support: flexible deadlines, attendance and exam modifications, rest breaks, accommodation plans tailored to health-related barriers .
Temporary Physical Disabilities
• Examples: recovery from surgery, concussions, fractures or sprains.
• Support: temporary exam adjustments, classroom seating changes, provision of mobility aids and note-taking resources.""
""Mobility Impairments
• Examples: wheelchair/scooter users, difficulty navigating stairs or long distances, muscular dystrophy, limb loss.
• Support: accessible buildings and classrooms, seating accommodations, mobility on campus, photocopy assistance for those with limited mobility .
Dexterity Impairments
• Examples: arthritis, repetitive strain injuries, short-term arm or hand injuries.
• Support: ergonomic keyboards/mice, ability to type exams, assistance with note-taking and materials.
Vision Impairments
• Examples: low vision or total blindness.
• Support: adaptive technology like screen readers and magnifiers (e.g., JAWS, Kurzweil 3000), alternative-format documents (large-print, digital), orientation aids .
Hearing Impairments
• Examples: partial hearing loss, deafness.
• Support: captioning services, FM systems, assistive audio devices, note-taking support.
Chronic Physical Health Conditions
• Examples: multiple sclerosis, cancer treatment, severe asthma, chronic fatigue, cardiovascular conditions.
• Support: flexible deadlines, attendance and exam modifications, rest breaks, accommodation plans tailored to health-related barriers .
Temporary Physical Disabilities
• Examples: recovery from surgery, concussions, fractures or sprains.
• Support: temporary exam adjustments, classroom seating changes, provision of mobility aids and note-taking resources.""
""Mobility Impairments
• Examples: wheelchair/scooter users, difficulty navigating stairs or long distances, muscular dystrophy, limb loss.
• Support: accessible buildings and classrooms, seating accommodations, mobility on campus, photocopy assistance for those with limited mobility .
Dexterity Impairments
• Examples: arthritis, repetitive strain injuries, short-term arm or hand injuries.
• Support: ergonomic keyboards/mice, ability to type exams, assistance with note-taking and materials.
Vision Impairments
• Examples: low vision or total blindness.
• Support: adaptive technology like screen readers and magnifiers (e.g., JAWS, Kurzweil 3000), alternative-format documents (large-print, digital), orientation aids .
Hearing Impairments
• Examples: partial hearing loss, deafness.
• Support: captioning services, FM systems, assistive audio devices, note-taking support.
Chronic Physical Health Conditions
• Examples: multiple sclerosis, cancer treatment, severe asthma, chronic fatigue, cardiovascular conditions.
• Support: flexible deadlines, attendance and exam modifications, rest breaks, accommodation plans tailored to health-related barriers .
Temporary Physical Disabilities
• Examples: recovery from surgery, concussions, fractures or sprains.
• Support: temporary exam adjustments, classroom seating changes, provision of mobility aids and note-taking resources.""
""""""Mobility Impairments
• Examples: wheelchair/scooter users, difficulty navigating stairs or long distances, muscular dystrophy, limb loss.
• Support: accessible buildings and classrooms, seating accommodations, mobility on campus, photocopy assistance for those with limited mobility .
Dexterity Impairments
• Examples: arthritis, repetitive strain injuries, short-term arm or hand injuries.
• Support: ergonomic keyboards/mice, ability to type exams, assistance with note-taking and materials.
Vision Impairments
• Examples: low vision or total blindness.
• Support: adaptive technology like screen readers and magnifiers (e.g., JAWS, Kurzweil 3000), alternative-format documents (large-print, digital), orientation aids .
Hearing Impairments
• Examples: partial hearing loss, deafness.
• Support: captioning services, FM systems, assistive audio devices, note-taking support.
Chronic Physical Health Conditions
• Examples: multiple sclerosis, cancer treatment, severe asthma, chronic fatigue, cardiovascular conditions.
• Support: flexible deadlines, attendance and exam modifications, rest breaks, accommodation plans tailored to health-related barriers .
Temporary Physical Disabilities
• Examples: recovery from surgery, concussions, fractures or sprains.
• Support: temporary exam adjustments, classroom seating changes, provision of mobility aids and note-taking resources.""""
""""Mobility Impairments
• Examples: wheelchair/scooter users, difficulty navigating stairs or long distances, muscular dystrophy, limb loss.
• Support: accessible buildings and classrooms, seating accommodations, mobility on campus, photocopy assistance for those with limited mobility .
Dexterity Impairments
• Examples: arthritis, repetitive strain injuries, short-term arm or hand injuries.
• Support: ergonomic keyboards/mice, ability to type exams, assistance with note-taking and materials.
Vision Impairments
• Examples: low vision or total blindness.
• Support: adaptive technology like screen readers and magnifiers (e.g., JAWS, Kurzweil 3000), alternative-format documents (large-print, digital), orientation aids .
Hearing Impairments
• Examples: partial hearing loss, deafness.
• Support: captioning services, FM systems, assistive audio devices, note-taking support.
Chronic Physical Health Conditions
• Examples: multiple sclerosis, cancer treatment, severe asthma, chronic fatigue, cardiovascular conditions.
• Support: flexible deadlines, attendance and exam modifications, rest breaks, accommodation plans tailored to health-related barriers .
Temporary Physical Disabilities
• Examples: recovery from surgery, concussions, fractures or sprains.
• Support: temporary exam adjustments, classroom seating changes, provision of mobility aids and note-taking resources.""""
""""Mobility Impairments
• Examples: wheelchair/scooter users, difficulty navigating stairs or long distances, muscular dystrophy, limb loss.
• Support: accessible buildings and classrooms, seating accommodations, mobility on campus, photocopy assistance for those with limited mobility .
Dexterity Impairments
• Examples: arthritis, repetitive strain injuries, short-term arm or hand injuries.
• Support: ergonomic keyboards/mice, ability to type exams, assistance with note-taking and materials.
Vision Impairments
• Examples: low vision or total blindness.
• Support: adaptive technology like screen readers and magnifiers (e.g., JAWS, Kurzweil 3000), alternative-format documents (large-print, digital), orientation aids .
Hearing Impairments
• Examples: partial hearing loss, deafness.
• Support: captioning services, FM systems, assistive audio devices, note-taking support.
Chronic Physical Health Conditions
• Examples: multiple sclerosis, cancer treatment, severe asthma, chronic fatigue, cardiovascular conditions.
• Support: flexible deadlines, attendance and exam modifications, rest breaks, accommodation plans tailored to health-related barriers .
Temporary Physical Disabilities
• Examples: recovery from surgery, concussions, fractures or sprains.
• Support: temporary exam adjustments, classroom seating changes, provision of mobility aids and note-taking resources.""""
""""Mobility Impairments
• Examples: wheelchair/scooter users, difficulty navigating stairs or long distances, muscular dystrophy, limb loss.
• Support: accessible buildings and classrooms, seating accommodations, mobility on campus, photocopy assistance for those with limited mobility .
Dexterity Impairments
• Examples: arthritis, repetitive strain injuries, short-term arm or hand injuries.
• Support: ergonomic keyboards/mice, ability to type exams, assistance with note-taking and materials.
Vision Impairments
• Examples: low vision or total blindness.
• Support: adaptive technology like screen readers and magnifiers (e.g., JAWS, Kurzweil 3000), alternative-format documents (large-print, digital), orientation aids .
Hearing Impairments
• Examples: partial hearing loss, deafness.
• Support: captioning services, FM systems, assistive audio devices, note-taking support.
Chronic Physical Health Conditions
• Examples: multiple sclerosis, cancer treatment, severe asthma, chronic fatigue, cardiovascular conditions.
• Support: flexible deadlines, attendance and exam modifications, rest breaks, accommodation plans tailored to health-related barriers .
Temporary Physical Disabilities
• Examples: recovery from surgery, concussions, fractures or sprains.
• Support: temporary exam adjustments, classroom seating changes, provision of mobility aids and note-taking resources.""""
""""Mobility Impairments
• Examples: wheelchair/scooter users, difficulty navigating stairs or long distances, muscular dystrophy, limb loss.
• Support: accessible buildings and classrooms, seating accommodations, mobility on campus, photocopy assistance for those with limited mobility .
Dexterity Impairments
• Examples: arthritis, repetitive strain injuries, short-term arm or hand injuries.
• Support: ergonomic keyboards/mice, ability to type exams, assistance with note-taking and materials.
Vision Impairments
• Examples: low vision or total blindness.
• Support: adaptive technology like screen readers and magnifiers (e.g., JAWS, Kurzweil 3000), alternative-format documents (large-print, digital), orientation aids .
Hearing Impairments
• Examples: partial hearing loss, deafness.
• Support: captioning services, FM systems, assistive audio devices, note-taking support.
Chronic Physical Health Conditions
• Examples: multiple sclerosis, cancer treatment, severe asthma, chronic fatigue, cardiovascular conditions.
• Support: flexible deadlines, attendance and exam modifications, rest breaks, accommodation plans tailored to health-related barriers .
Temporary Physical Disabilities
• Examples: recovery from surgery, concussions, fractures or sprains.
• Support: temporary exam adjustments, classroom seating changes, provision of mobility aids and note-taking resources.""""
""""Mobility Impairments
• Examples: wheelchair/scooter users, difficulty navigating stairs or long distances, muscular dystrophy, limb loss.
• Support: accessible buildings and classrooms, seating accommodations, mobility on campus, photocopy assistance for those with limited mobility .
Dexterity Impairments
• Examples: arthritis, repetitive strain injuries, short-term arm or hand injuries.
• Support: ergonomic keyboards/mice, ability to type exams, assistance with note-taking and materials.
Vision Impairments
• Examples: low vision or total blindness.
• Support: adaptive technology like screen readers and magnifiers (e.g., JAWS, Kurzweil 3000), alternative-format documents (large-print, digital), orientation aids .
Hearing Impairments
• Examples: partial hearing loss, deafness.
• Support: captioning services, FM systems, assistive audio devices, note-taking support.
Chronic Physical Health Conditions
• Examples: multiple sclerosis, cancer treatment, severe asthma, chronic fatigue, cardiovascular conditions.
• Support: flexible deadlines, attendance and exam modifications, rest breaks, accommodation plans tailored to health-related barriers .
Temporary Physical Disabilities
• Examples: recovery from surgery, concussions, fractures or sprains.
• Support: temporary exam adjustments, classroom seating changes, provision of mobility aids and note-taking resources.""""
""""Mobility Impairments
• Examples: wheelchair/scooter users, difficulty navigating stairs or long distances, muscular dystrophy, limb loss.
• Support: accessible buildings and classrooms, seating accommodations, mobility on campus, photocopy assistance for those with limited mobility .
Dexterity Impairments
• Examples: arthritis, repetitive strain injuries, short-term arm or hand injuries.
• Support: ergonomic keyboards/mice, ability to type exams, assistance with note-taking and materials.
Vision Impairments
• Examples: low vision or total blindness.
• Support: adaptive technology like screen readers and magnifiers (e.g., JAWS, Kurzweil 3000), alternative-format documents (large-print, digital), orientation aids .
Hearing Impairments
• Examples: partial hearing loss, deafness.
• Support: captioning services, FM systems, assistive audio devices, note-taking support.
Chronic Physical Health Conditions
• Examples: multiple sclerosis, cancer treatment, severe asthma, chronic fatigue, cardiovascular conditions.
• Support: flexible deadlines, attendance and exam modifications, rest breaks, accommodation plans tailored to health-related barriers .
Temporary Physical Disabilities
• Examples: recovery from surgery, concussions, fractures or sprains.
• Support: temporary exam adjustments, classroom seating changes, provision of mobility aids and note-taking resources.""""
""""Mobility Impairments
• Examples: wheelchair/scooter users, difficulty navigating stairs or long distances, muscular dystrophy, limb loss.
• Support: accessible buildings and classrooms, seating accommodations, mobility on campus, photocopy assistance for those with limited mobility .
Dexterity Impairments
• Examples: arthritis, repetitive strain injuries, short-term arm or hand injuries.
• Support: ergonomic keyboards/mice, ability to type exams, assistance with note-taking and materials.
Vision Impairments
• Examples: low vision or total blindness.
• Support: adaptive technology like screen readers and magnifiers (e.g., JAWS, Kurzweil 3000), alternative-format documents (large-print, digital), orientation aids .
Hearing Impairments
• Examples: partial hearing loss, deafness.
• Support: captioning services, FM systems, assistive audio devices, note-taking support.
Chronic Physical Health Conditions
• Examples: multiple sclerosis, cancer treatment, severe asthma, chronic fatigue, cardiovascular conditions.
• Support: flexible deadlines, attendance and exam modifications, rest breaks, accommodation plans tailored to health-related barriers .
Temporary Physical Disabilities
• Examples: recovery from surgery, concussions, fractures or sprains.
• Support: temporary exam adjustments, classroom seating changes, provision of mobility aids and note-taking resources.""""
""""Mobility Impairments
• Examples: wheelchair/scooter users, difficulty navigating stairs or long distances, muscular dystrophy, limb loss.
• Support: accessible buildings and classrooms, seating accommodations, mobility on campus, photocopy assistance for those with limited mobility .
Dexterity Impairments
• Examples: arthritis, repetitive strain injuries, short-term arm or hand injuries.
• Support: ergonomic keyboards/mice, ability to type exams, assistance with note-taking and materials.
Vision Impairments
• Examples: low vision or total blindness.
• Support: adaptive technology like screen readers and magnifiers (e.g., JAWS, Kurzweil 3000), alternative-format documents (large-print, digital), orientation aids .
Hearing Impairments
• Examples: partial hearing loss, deafness.
• Support: captioning services, FM systems, assistive audio devices, note-taking support.
Chronic Physical Health Conditions
• Examples: multiple sclerosis, cancer treatment, severe asthma, chronic fatigue, cardiovascular conditions.
• Support: flexible deadlines, attendance and exam modifications, rest breaks, accommodation plans tailored to health-related barriers .
Temporary Physical Disabilities
• Examples: recovery from surgery, concussions, fractures or sprains.
• Support: temporary exam adjustments, classroom seating changes, provision of mobility aids and note-taking resources.""""
""""Mobility Impairments
• Examples: wheelchair/scooter users, difficulty navigating stairs or long distances, muscular dystrophy, limb loss.
• Support: accessible buildings and classrooms, seating accommodations, mobility on campus, photocopy assistance for those with limited mobility .
Dexterity Impairments
• Examples: arthritis, repetitive strain injuries, short-term arm or hand injuries.
• Support: ergonomic keyboards/mice, ability to type exams, assistance with note-taking and materials.
Vision Impairments
• Examples: low vision or total blindness.
• Support: adaptive technology like screen readers and magnifiers (e.g., JAWS, Kurzweil 3000), alternative-format documents (large-print, digital), orientation aids .
Hearing Impairments
• Examples: partial hearing loss, deafness.
• Support: captioning services, FM systems, assistive audio devices, note-taking support.
Chronic Physical Health Conditions
• Examples: multiple sclerosis, cancer treatment, severe asthma, chronic fatigue, cardiovascular conditions.
• Support: flexible deadlines, attendance and exam modifications, rest breaks, accommodation plans tailored to health-related barriers .
Temporary Physical Disabilities
• Examples: recovery from surgery, concussions, fractures or sprains.
• Support: temporary exam adjustments, classroom seating changes, provision of mobility aids and note-taking resources.""""""","- anxiety disorders (Generalized Anxiety Disorder, Social Anxiety Disorder, Panic Disorder)
- mood disorders (Major Depressive Disorder, Bipolar Disorder), thought disorders (Schizophrenia)
- PTSD
- eating disorders
- personality disorders
- learning disabilities
- attention disorders (ADD/ADHD)
- autism","Extended time & breaks for exams

Quiet, private testing spaces

Alternate format materials (audio, large print, PDF)

Assistive tech access in adaptive labs

ASL interpreting on request

Personalized accommodation plans each term

One-on-one support via accessibility counsellors

Orientation programs and peer mentoring

Temporary/interim accommodations for short-term needs

Confidential service for diverse disabilities","Extended time & breaks for exams

Quiet, private testing spaces

Alternate format materials (audio, large print, PDF)

Assistive tech access in adaptive labs

Note-taking on request

Personalized accommodation plans each term

One-on-one support via accessibility counsellors

Orientation programs and peer mentoring

Temporary/interim accommodations for short-term needs

Confidential service for diverse disabilities","Student Accessibility Services Medical Form 
Medical/psychological report
Psychoeducational assessment (for learning disability/disorder)","1. Collect required documentation.
2. Upload an electronic copy of documentation to the online Registration Questionnaire.
3. Look for an email from sasreg@yorku.ca outlining the next steps; you should hear back within five business days.","Step 1. Collect your medical/psychological documentation.
Step 2. Upload an electronic copy of your documentation to our online Registration Questionnaire. Once completed, you will receive a confirmation email acknowledging your submission.
Step 3. Look for an email from sasreg@yorku.ca outlining next steps; you should hear back within five business days.","York University offers:
In-person counselling
Virtual counselling
Group counselling",1,1,"• Security Services (24/7): 416‑736‑5333
Good2Talk (24/7 mental health): 1‑866‑925‑5454","To apply for full-time OSAP aid, you must:
 • register in full-time studies for the session 
 • be a Canadian citizen, permanent resident or have protected person status; international students are ineligible.
 • have Ontario residency, that is, have lived in Ontario for at least 12 consecutive months without attending full-time postsecondary school.
 • register in an OSAP-approved degree program. Most degree programs at York are OSAP approved.
 • be neither in default on a previous OSAP student loan nor on OSAP restriction.
 • maintain satisfactory academic progress while receiving OSAP aid.
 • have demonstrated financial need as calculated by the government. Gross family income as well as student resources and assets are taken into consideration.","OPEN TO STUDENTS WITH A PERMANENT DISABILITY (UNSPECIFIED):
Jaswant Singh Randhawa Memorial Dis/Ability Award
Shirley Halevy Bursary
Shirley Halevy Bursary (Ontario)
The Roy I. Wolfe Scholarship, The Sheldon Levy Award
FOR STUDENTS WITH PHYSICAL, SENSORY, AND/OR MEDICAL DISABILITIES:
Canadian Hand Emulation Research Organization Bursary
Andrew Roberts Bursary
Dr. Harry Botterell Bursary
Ethel Armstrong Awards
Ron Cope Bursary
The Dusk Family Bursary
University Women’s Club of North York Award for Female Students with Disabilities
Vera Morris Bursary
FOR STUDENTS WITH LEARNING DISABILITIES:
Learning Disabilities Association of Toronto District Bursary
STUDENTS WITH MENTAL HEALTH/PSYCHIATRIC DISABILITIES:
Andrew Roberts Bursary
Enid Weiner Student Award
The Glenn Thompson CMHA Bursary
BSWD / CSG-DSE"
Queen's University,18,"Mobility impairments: wheelchair/scooter users, difficulty with stairs or walking long distances, temporary injuries
Dexterity issues: arthritis, RSI, hand/arm injuries
Vision impairments: low vision or blindness
Hearing impairments: partial hearing loss to Deafness
Chronic health conditions: MS, cancer treatment, asthma, fatigue, cardiovascular issues
Temporary physical conditions: post-surgery recovery, concussions, fractures","- anxiety disorders (Generalized Anxiety Disorder, Social Anxiety Disorder, Panic Disorder)
- mood disorders (Major Depressive Disorder, Bipolar Disorder), thought disorders (Schizophrenia)
- PTSD
- eating disorders
- personality disorders
- learning disabilities
- attention disorders (ADD/ADHD)
- autism","Individualized accommodation plans under ADA/Section 504

Extra time, scheduled breaks, private exam spaces

Alternate formats: audio, Braille, large print, accessible PDFs

Assistive technology lab: screen readers, adaptive software/hardware

Note-taking support (peer providers, audio tools)

Residential life considerations for accessibility

Orientation & transition support (e.g., START-UP program)

Coaching for self-advocacy and independence

Online accommodation portal (Ventus)

Confidential advisor contact with faculty liaison","Individualized accommodation plans under ADA/Section 504

Extra time, scheduled breaks, private exam spaces

Alternate formats: audio, large print, accessible PDFs

Assistive technology lab: screen readers, adaptive software

Note-taking support (peer providers, audio tools)

Orientation & transition support (e.g., START-UP program)

Coaching for self-advocacy and independence

Online accommodation portal (Ventus)

Confidential advisor contact with faculty liaison","- OSAP Disability Verification Form
- Attention/Neurodiversity: Queen’s Verification of Attention/Neurodiversity Disability
- Hearing/Vision: Queen’s Verification of Sensory Disability (Hearing/Vision)
- Learning Disability: Psychoeducational assessment completed within the last 5 years or after the age of 18
- Medical/brain injury: Queen’s Verification of Medical & Brain Injury Disability
- Mental health: Queen’s Verification of Mental Health Disability
- Physical disability: Queen’s Verification of Physical Disability","1. Upload documentation through the Ventus Student Portal.
2. Each type of documentation must be in one document and saved/uploaded as a PDF.
3. Label PDF as follows: “Last name, First Initial_Type of Documentation_Year”","Step 1. Login to the Ventus Student Portal using your Queen's netID and password.
Step 2. Complete the intake form when prompted.
Step 3. Submit documentation that meets QSAS documentation criteria. If you do not have documentation that meets our criteria at the time of registration, please upload the documentation you currently have which indicates the need for accommodations.
Step 4. You will receive an email from the Intake Coordinator team with next steps. 
Step 5. When you receive an email with the name of your Accessibility Advisor, book your intake appointment as soon as possible. Your Advisor will help you create an accommodation plan during your first appointment.","Queen’s University offers:
One-on-one appointments
Physcoeducation
Therapy groups 
Mental health training",1,1,"• Campus Security (24/7): 613‑533‑6111
Empower Me (24/7 mental health): 1‑855‑649‑8641","To be considered for OSAP, a student must meet the following requirements:
 • Be a Canadian citizen, permanent resident, or protected person
 • Meet Ontario residency requirements
 • Be enrolled in an approved post-secondary institution and take an approved program which leads to a degree, diploma, or certificate (interest non-degree programs are not eligible for government student assistance)*
 • Full-time undergraduate students must be taking at least 60% of a full course load (9 credit units in each term of study) or 40% (in each term of study) if the student has an identified permanent disability. No averaging of course loads is permitted
 • Part-time students must be taking 59% or less of a full course load
 • Graduate students must be enrolled full-time (100%). Graduate students with a permanent disability may be enrolled part-time (50%)
*An approved program is one which has (a) obtained the Minister’s approval for General Purpose Operating Grants (GPOG) through the Ministry of Colleges and Universities, and (b) there is a full-time equivalent of the program offered by the university.","BSWD / CSG-DSE
AMS Taxi Bursary
AGC Academic Accessibility Bursary
Emergency Taxi Fund"
OCAD University,17,"Mobility and dexterity issues (e.g., wheelchair use, fine motor challenges, injuries)
Sensory impairments (hearing or vision loss)
Chronic health/medical conditions
Physical injuries (e.g., concussion, broken bones)","- anxiety disorders (Generalized Anxiety Disorder, Social Anxiety Disorder, Panic Disorder)
- mood disorders (Major Depressive Disorder, Bipolar Disorder), thought disorders (Schizophrenia)
- PTSD
- eating disorders
- personality disorders
- learning disabilities
- attention disorders (ADD/ADHD)
- autism","Extra time, breaks, and private rooms for exams

Alternate formats: audio, Braille, large print, accessible PDFs

Note-taking support and ASL interpretation available

Assistive technology advising and software referrals

Support for physical, sensory, and temporary conditions

Interim accommodations available without formal diagnosis

Personalized plans created with an Accessibility Advisor

Accommodations activated each term through online system

Confidential service; diagnosis disclosure not required","Extra time, breaks, and private rooms for exams

Deadline extensions and reduced course load options

Alternate formats: audio, large print, accessible PDFs

Note-taking support

Assistive technology advising and software referrals

Support for learning, mental health, and temporary conditions

Interim accommodations available without formal diagnosis

Personalized plans created with an Accessibility Advisor

Accommodations activated each term through online system

Confidential service; diagnosis disclosure not required","- SAS Student Registration Form
- SAS Medical Documentation
- Psychoeducational assessment","1. Download a copy of our Registration Package (PDF).
2. Contact Student Accessibility Services to schedule a registration appointment by emailing sas@ocadu.ca or you can also make an appointment in-person, Monday to Friday, 9am to 4pm, at 230 Richmond St. W., located in the Student Wellness Centre on the 6th floor.
3. Bring your completed Medical Documentation (PDF), OR psychoeducational assessment to your registration appointment.","Step 1. Download a copy of our Registration Package (PDF).
Step 2. Contact Student Accessibility Services to schedule a registration appointment by emailing sas@ocadu.ca or you can also make an appointment in-person, Monday to Friday, 9am to 4pm, at 230 Richmond St. W., located in the Student Wellness Centre on the 6th floor. 
Step 3. Bring your completed Medical Documentation (PDF) OR psychoeducational assessment to your registration appointment.
Step 4. During your registration appointment, you'll meet with an Accessibility Advisor who will review your medical documentation with you to discuss the impact of your disability(ies), your learning needs, essential requirements of your program of study, and any previous academic accommodations. Following this discussion, academic accommodations will be identified and your accommodation plan will be developed with your Advisor.","OCAD University offers:
Single counselling sessions
Same day counselling services
Short-term counselling services",1,1,"• Campus Security (24/7): 416‑977‑6000 ext. 511
Good2Talk (24/7 mental health): 1‑866‑925‑5454","To be eligible for OSAP, you must be:
 • An Ontario resident who is a Canadian citizen, permanent resident, or a protected person._x000B__x000B_
 • Enrolled in an OSAP-approved program._x000B__x000B_
 • Enrolled in an eligible course load.
 • In good standing with previous OSAP loans (no defaults or restrictions)._x000B__x000B_
 • Maintaining satisfactory academic progress.
 • Able to demonstrate financial need.
 • Within the lifetime limit of student loan funding (340 weeks for most students, 400 for doctoral students, and up to 520 for students with disabilities).
 • International students are not eligible for OSAP.","BSWD / CSG-DSE
OCAD U Need-based Disability Bursaries"
University of Guelph,47,"Library Accessibility Services
Adaptive technology lab (screen readers, others), quiet study rooms with accessibility features
Mobility & Service Animal Support
Campus mobility assistance, door-to-door transit aid 
Financial Support
Disabled students may qualify for reduced tuition, bursaries, and disability-access bursary funding","- anxiety disorders (Generalized Anxiety Disorder, Social Anxiety Disorder, Panic Disorder)
- mood disorders (Major Depressive Disorder, Bipolar Disorder), thought disorders (Schizophrenia)
- PTSD
- eating disorders
- personality disorders
- learning disabilities
- attention disorders (ADD/ADHD)
- autism","Extra time, breaks, and quiet rooms for exams

Accessible formats: audio, PDF, large print, Braille

Assistive tech and adaptive software support

Note-taking, lecture recording, and seating accommodations

Reduced course load options

One-on-one advisor support and peer coaching

Transition/orientation programs

Support for temporary, chronic, and physical conditions

Help with accessible housing and campus navigation","Extra time, breaks, and quiet rooms for exams

Accessible formats: audio, PDF, large print

Assistive tech and adaptive software support

Note-taking, lecture recording, and seating accommodations

Deadline extensions and flexible attendance

Reduced course load options

One-on-one advisor support and peer coaching

Transition/orientation programs

Support for temporary, chronic, and mental health conditions","- Functional Assessment Form
- ADHD: Functional Assessment Form, Psychoeducational Assessment (Conducted by a psychologist within the last three years, using adult norms; or was conducted when you were 17 years of age or older, using adult norms.)
- ASD: Functional Assessment Form, Psychoeducational Assessment (Conducted by a psychologist within the last three years, using adult norms; or was conducted when you were 17 years of age or older, using adult norms.)
- Chronic Health/Medical: Functional Assessment Form
- Concussion/Mild Traumatic Brain Injury (mTBI): Mild Traumatic Brain Injury (mTBI) (Concussion) Assessment Form, Neuropsychological Evaluation
- Deaf/deaf, Hard of Hearing (D/HH): Functional Assessment Form, Current Audiologist Assessment
- Learning Disability (LD): Psychoeducational Assessment (Conducted by a psychologist within the last three years, using adult norms; or was conducted when you were 17 years of age or older, using adult norms.)
- Low Vision, Blind: Functional Assessment Form
- Mental Health: Functional Assessment Form
- Multiple Disabilities: email sasintake@uoguelph.ca","1. Ensure your documentation is a PDF. If there are multiple pages in the document, please ensure all pages are in the same file. You can scan paper documents with an app on your phone. We recommend searching the App Store or Google Play for a PDF scanner such as Adobe Scan for Android and iOS (free). 
2. Name your file with your STUDENT ID number and the type of document it is (e.g. 1023456 Functional Assessment).
3. If you recently submitted an SAS application, you should have received an email with a link to upload your documentation. 
4. If you are already registered and assigned an SAS Advisor, log in to the SAS student portal, then click on ""additional documentation"" on the left.
5. If you have any items under ""list of applications submitted"" that have the status ""New"". Click on ""View Application""
6. If you do not have any items under ""list of applications submitted"" or none that are ""new,"" then click on ""Submit Additional Documentation"".
7. Provide a file name - it's usually best to describe the type of documentation (e.g. functional assessment, psychoeducational assessment, or medical note)
8. Click on the ""choose file"" button to browse your computer and select the file.
9. Click on ""Upload Documentation"" button
10. That's it! You should see a message that says ""File was Successfully Uploaded""","STEP 1: Complete the SAS Application Form - What you need to complete the application: Currently enrolled or accepted an offer of admission, Have a U of G Username and log-in credentials, Have a Student ID, Current students can apply at any time of the semester
STEP 2: Submit Your Documentation - Documentation can be included at the time of applying or uploaded later using the customized link sent by email. Submissions will be processed as quickly as possible to ensure fall semester accommodations are in place as soon as possible. Some restrictions on accommodations may apply depending on academic deadlines throughout each semester. You will be required to submit documentation from a registered health professional which verifies the existence of a disability and describes your current functional abilities given the condition you experience. 
STEP 3: Book Your Intake Appointment with your SAS Advisor - After submitting your application, use the portal to book an intake appointment using the SAS Student Portal 
STEP 4: Apply for OSAP or Financial Support - Mark ""Disability"" on Your Application - (If you're applying for OSAP and have a documented disability, check the disability box. This could help you qualify for extra supports like the Bursary for Students with Disabilities (BSWD).)
Step 5: Attend a Summer Orientation Event - Various accessibility events are hosted during the summer (June - September) to help first-year undergrads, returning, transfer and graduate students understand how SAS works. If you are attending the University of Guelph for the first time in the Fall semester, be sure to check out our Orientation Events page to help you navigate your first year with SAS. 
Step 6: Request Your Accommodations - Once registered with SAS, go to the SAS Portal to send your accommodation letters to instructors using the SAS Student Portal . You’ll need to do this every semester for each course.
Step 7: Communicate with Instructors - Discuss Your Accommodations (if needed)","University of Guelph offers:
Same Day Drop-In Counselling
Drop-in Counselling for Black, Racialized and Students of Colour",1,1,"• Campus Police (24/7): 519‑824‑4120 ext. 52245
Good2Talk (24/7 mental health): 1‑866‑925‑5454","The University of Guelph's classification for OSAP purposes is crucial:

Full-time OSAP: You are considered a full-time student for OSAP if you are enrolled in at least 60% of a full course load (1.5 credits or more per term for undergraduate students).

Students with Disabilities: If you have a permanent, persistent, or prolonged disability, you can be considered a full-time student for OSAP if you are taking at least 40% of a full course load (1.0 credits or more per term for undergraduate students).

Part-time OSAP: If you are taking between 20% and 59% of a full course load, you'll apply for part-time OSAP. Students with disabilities taking 40% of a course load have the option to apply for either full-time or part-time OSAP.","University of Guelph Accessibility Bursary (entrance)
Justin Eves Foundation Scholarships
BSWD / CSG-DSE"
University of Guelph-Humber,6,"Library Accessibility Services
Adaptive technology lab (screen readers, others), quiet study rooms with accessibility features
Mobility & Service Animal Support
Campus mobility assistance, door-to-door transit aid 
Financial Support
Disabled students may qualify for reduced tuition, bursaries, and disability-access bursary funding","- anxiety disorders (Generalized Anxiety Disorder, Social Anxiety Disorder, Panic Disorder)
- mood disorders (Major Depressive Disorder, Bipolar Disorder), thought disorders (Schizophrenia)
- PTSD
- eating disorders
- personality disorders
- learning disabilities
- attention disorders (ADD/ADHD)
- autism","Extra time, breaks, and quiet rooms for exams

Accessible formats: audio, PDF, large print, Braille

Assistive tech and adaptive software support

Note-taking, lecture recording, and seating accommodations

Reduced course load options

One-on-one advisor support and peer coaching

Transition/orientation programs

Support for temporary, chronic, and physical conditions

Help with accessible housing and campus navigation","Extra time, breaks, and quiet rooms for exams

Accessible formats: audio, PDF, large print

Assistive tech and adaptive software support

Note-taking, lecture recording, and seating accommodations

Deadline extensions and flexible attendance

Reduced course load options

One-on-one advisor support and peer coaching

Transition/orientation programs

Support for temporary, chronic, and mental health conditions","- Functional Assessment Form
- ADHD: Functional Assessment Form, Psychoeducational Assessment (Conducted by a psychologist within the last three years, using adult norms; or was conducted when you were 17 years of age or older, using adult norms.)
- ASD: Functional Assessment Form, Psychoeducational Assessment (Conducted by a psychologist within the last three years, using adult norms; or was conducted when you were 17 years of age or older, using adult norms.)
- Chronic Health/Medical: Functional Assessment Form
- Concussion/Mild Traumatic Brain Injury (mTBI): Mild Traumatic Brain Injury (mTBI) (Concussion) Assessment Form, Neuropsychological Evaluation
- Deaf/deaf, Hard of Hearing (D/HH): Functional Assessment Form, Current Audiologist Assessment
- Learning Disability (LD): Psychoeducational Assessment (Conducted by a psychologist within the last three years, using adult norms; or was conducted when you were 17 years of age or older, using adult norms.)
- Low Vision, Blind: Functional Assessment Form
- Mental Health: Functional Assessment Form
- Multiple Disabilities: email sasintake@uoguelph.ca","1. Ensure your documentation is a PDF. If there are multiple pages in the document, please ensure all pages are in the same file. You can scan paper documents with an app on your phone. We recommend searching the App Store or Google Play for a PDF scanner such as Adobe Scan for Android and iOS (free). 
2. Name your file with your STUDENT ID number and the type of document it is (e.g. 1023456 Functional Assessment).
3. If you recently submitted an SAS application, you should have received an email with a link to upload your documentation. 
4. If you are already registered and assigned an SAS Advisor, log in to the SAS student portal, then click on ""additional documentation"" on the left.
5. If you have any items under ""list of applications submitted"" that have the status ""New"". Click on ""View Application""
6. If you do not have any items under ""list of applications submitted"" or none that are ""new,"" then click on ""Submit Additional Documentation"".
7. Provide a file name - it's usually best to describe the type of documentation (e.g. functional assessment, psychoeducational assessment, or medical note)
8. Click on the ""choose file"" button to browse your computer and select the file.
9. Click on ""Upload Documentation"" button
10. That's it! You should see a message that says ""File was Successfully Uploaded""","STEP 1: Complete the SAS Application Form - What you need to complete the application: Currently enrolled or accepted an offer of admission, Have a U of G Username and log-in credentials, Have a Student ID, Current students can apply at any time of the semester
STEP 2: Submit Your Documentation - Documentation can be included at the time of applying or uploaded later using the customized link sent by email. Submissions will be processed as quickly as possible to ensure fall semester accommodations are in place as soon as possible. Some restrictions on accommodations may apply depending on academic deadlines throughout each semester. You will be required to submit documentation from a registered health professional which verifies the existence of a disability and describes your current functional abilities given the condition you experience. 
STEP 3: Book Your Intake Appointment with your SAS Advisor - After submitting your application, use the portal to book an intake appointment using the SAS Student Portal 
STEP 4: Apply for OSAP or Financial Support - Mark ""Disability"" on Your Application - (If you're applying for OSAP and have a documented disability, check the disability box. This could help you qualify for extra supports like the Bursary for Students with Disabilities (BSWD).)
Step 5: Attend a Summer Orientation Event - Various accessibility events are hosted during the summer (June - September) to help first-year undergrads, returning, transfer and graduate students understand how SAS works. If you are attending the University of Guelph for the first time in the Fall semester, be sure to check out our Orientation Events page to help you navigate your first year with SAS. 
Step 6: Request Your Accommodations - Once registered with SAS, go to the SAS Portal to send your accommodation letters to instructors using the SAS Student Portal . You’ll need to do this every semester for each course.
Step 7: Communicate with Instructors - Discuss Your Accommodations (if needed)","University of Guelph offers:
Same Day Drop-In Counselling
Drop-in Counselling for Black, Racialized and Students of Colour",1,1,"• Campus Police (24/7): 519‑824‑4120 ext. 52245
Good2Talk (24/7 mental health): 1‑866‑925‑5454","The University of Guelph's classification for OSAP purposes is crucial:

Full-time OSAP: You are considered a full-time student for OSAP if you are enrolled in at least 60% of a full course load (1.5 credits or more per term for undergraduate students).

Students with Disabilities: If you have a permanent, persistent, or prolonged disability, you can be considered a full-time student for OSAP if you are taking at least 40% of a full course load (1.0 credits or more per term for undergraduate students).

Part-time OSAP: If you are taking between 20% and 59% of a full course load, you'll apply for part-time OSAP. Students with disabilities taking 40% of a course load have the option to apply for either full-time or part-time OSAP.","BSWD / CSG-DSE
UofGH In-Course Disability Bursaries
Justin Eves Foundation Scholarships"
Wilfrid Laurier University,135,"Mobility impairments
Wheelchair/scooter use, difficulty walking or climbing stairs, long-distance mobility issues, temporary injuries
Dexterity limitations
Conditions like arthritis, repetitive strain injuries, hand/arm injuries
Vision impairments
Low vision or legal blindness
Hearing impairments
From partial hearing loss to deafness
Chronic health conditions
Including MS, cancer, asthma, chronic fatigue, cardiovascular issues
Temporary physical conditions
Post-surgery recovery, concussions, fractures, etc.","- anxiety disorders (Generalized Anxiety Disorder, Social Anxiety Disorder, Panic Disorder)
- mood disorders (Major Depressive Disorder, Bipolar Disorder), thought disorders (Schizophrenia)
- PTSD
- eating disorders
- personality disorders
- learning disabilities
- attention disorders (ADD/ADHD)
- autism","Extra time, breaks, and private rooms for exams

Alternate formats: audio, large print, Braille, accessible PDFs

Assistive tech and adaptive software support

Note-taking support from peer volunteers

One-on-one accommodation planning with advisors

Online system to manage accommodations each term

Orientation program for incoming students with disabilities

Support for physical and temporary conditions

Help with accessible housing and campus navigation

Confidential and personalized service","Extra time, breaks, and private rooms for exams

Alternate formats: audio, large print, accessible PDFs

Assistive tech and adaptive software support

Note-taking support from peer volunteers

One-on-one accommodation planning with advisors

Online system to manage accommodations each term

Orientation program for incoming students with disabilities

Support for learning, mental health, and temporary conditions

Confidential and personalized service","- Attention Disability: Attention Disability/Autism Spectrum Disorder Verification Form, Psycho-educational assessment (completed using Adult Measures)
- Brain Injury: Brain Injury Disability Verification Form, Current medical assessment including SCATS, dated within the past six months
- Autism Spectrum Disorder: Attention Disability/Autism Spectrum Disorder Verification Form, Psycho-educational assessment (completed using Adult Measures), Neuro-psychological assessment (completed using Adult Measures)
- Hearing Disability: Hearing Disability Verification Form, Current audiologist assessment (completed within past year)
- Learning Disability: Learning Disability Documentation Requirements PDF, Psycho-educational assessment (completed using Adult Measures)
- Mental Disability: Mental Disability Verification Form
- Mental Health/Psychiatric Disability: Mental Health Disability Verification Form
- Physical/Functional Disability: Physical/Functional Disability Verification Form
- Vision Disability: Vision Disability Verification Form, Ophthalmologist’s report, Physician assessment, CNIB card/registration number","1. Review Disability Documentation Requirements. 
2. If applicable, review Interim Accommodations, UW Double Degree, or Service Animals. 
3. Complete the Accessible Learning Registration Form. 
4. Submit your documentation. 
5. Promptly respond to messages from Accessible Learning in your myLaurier inbox about next steps.","Step 1: Registration and Documentation - (Review Disability Documentation Requirements - If applicable, review Interim Accommodations, UW Double Degree, or Service Animals. - Complete the Accessible Learning Registration Form - Submit your documentation. - Promptly respond to messages from Accessible Learning in your myLaurier inbox about next steps.)
Step 2: Meet Your Accessible Learning Consultant - (If Accessible Learning determines you are eligible for support after reviewing your registration form and documentation, we will email your @mylaurier email address about meeting with an Accessible Learning consultant.)",Laurier University offers virtual/on-site short-term or goal-directed counselling services,1,1,"• Special Constables (24/7): 519‑885‑3333
Empower Me (24/7 mental health): 1‑855‑649‑8641","To be generally eligible for OSAP, you must:

Be an Ontario resident who is a Canadian citizen, permanent resident of Canada, or a protected person. International students are not eligible for OSAP.


Be registered in an OSAP-approved program.

Be enrolled in an eligible course load.

Have previous OSAP loans in good standing, with no defaults or restrictions.

Maintain satisfactory academic progress throughout your studies.

Demonstrate financial need.","Accessible Learning Accommodation Bursary (ALAB – undergrad)
Accessible Learning Accommodation Bursary – Graduate (ALAG)
BSWD / CSG-DSE"
University of Ottawa,294,"Supports Cognitive (ADHD, autism), Mental health (Anxiety, depression), Sensory (Visual impairments), Physical (Wheelchair), Medical (Epilepsy) disabilities.

All programs offer accommodations (exam time, note-taking, adaptive tech, tailored plans or functional assessments, alternate software/lab access","- anxiety disorders (Generalized Anxiety Disorder, Social Anxiety Disorder, Panic Disorder)
- mood disorders (Major Depressive Disorder, Bipolar Disorder), thought disorders (Schizophrenia)
- PTSD
- eating disorders
- personality disorders
- learning disabilities
- attention disorders (ADD/ADHD)
- autism","Extra time, breaks, and quiet rooms for exams

Alternate formats: audio, Braille, large print, accessible PDFs

Assistive tech: screen readers, speech-to-text, mind-mapping tools

ASL interpretation and real-time captioning available

Personalized accommodation plans via online portal

Interim accommodations for temporary issues (e.g., concussion)

Confidential service; diagnoses not shared with professors

Support for physical and chronic conditions

Staff coordinate with students and professors","Extra time, breaks, and quiet rooms for exams

Alternate formats: audio, large print, accessible PDFs

Assistive tech: screen readers, speech-to-text, mind-mapping tools

Peer note-taking support

Personalized accommodation plans via online portal

Interim accommodations for temporary issues (e.g., concussion)

Confidential service; diagnoses not shared with professors

Support for mental health, ADHD, autism, learning disabilities

Staff coordinate with students and professors","- ADD/ADHD: Psychoeducational assessment completed within the last five years or at the age of 18, Neuropsychological assessment completed within the last five years or at the age of 18, Academic Accommodations Documentation of ADHD (PDF)
- Acquired Brain Injury: Neuropsychological assessment completed within the last five years or at the age of 18, Academic Accommodations Documentation of Acquired Brain Injury (PDF)
- Autism Spectrum Disorder: Psychoeducational assessment completed within the last five years or at the age of 18, Neuropsychological assessment completed within the last five years or at the age of 18, Academic Accommodations Documentation of ASD (PDF)
- Chronic Medical Disability: Academic Accommodations Documentation of Physical or Chronic Condition (PDF)
- Hearing Impairment: Audiology assessment, Academic Accommodations Documentation of Vision or Hearing Impairment (PDF)
- Interim Service Request: Interim Service Request Medical Certificate (PDF)
- Mental Health Disabilities: Academic Accommodations Documentation of Mental Health Disability (PDF)
- Physical Disability: Occupational Therapist or Physical Therapy Assessment in conjunction with the Academic Accommodations medical certificate that is completed by a family physician or specialized physician, Academic Accommodations Documentation of Physical or Chronic Condition (PDF)
- Vision Loss or Impairment: Academic Accommodations Documentation of Vision or Hearing Impairment (PDF), CNIB Vision Assessment, CNIB Card (for interim academic accommodations of one term)",Upload Through Academic Accommodations Ventus Portal,"Step 1. Collect your disability-related documentation (available in the Documentation by type of disability section on this page).
Step 2. Create your Ventus account.
Step 3. Complete the intake form.
Step 4. Enter your disability-related information and upload your documentation.
Step 5. After reviewing your documentation and intake form, a member of our team will contact you about booking an appointment.","University of Ottawa offers:
Ontario Structured Psychotheraphy (OSP)
Same-day intake appointments",1,1,"• Protection Services (24/7): 613‑562‑5411
Good2Talk (24/7 mental health): 1‑866‑925‑5454","To be eligible for OSAP assistance, you must at least:

be a Canadian citizen, a permanent resident or a protected person and have the appropriate documentation to support this;
be an Ontario resident as defined by OSAP;
be enrolled in an approved program that is 12 or more weeks in length leading to a degree, certificate or diploma.","Education Bursary for Students with Disabilities
Education Bursary for International Students with Disabilities
BSWD / CSG-DSE (Ontario)"
Algoma University,67,"Mobility impairments (e.g. wheelchair/scooter use, difficulty with walking/gaining balance)
Dexterity limitations (e.g. arthritis, repetitive strain, hand/arm injuries)
Vision impairments (low vision to blindness)
Additionally, they support other disability types (brain injury, ADHD, etc.)","- anxiety disorders (Generalized Anxiety Disorder, Social Anxiety Disorder, Panic Disorder)
- mood disorders (Major Depressive Disorder, Bipolar Disorder), thought disorders (Schizophrenia)
- PTSD
- eating disorders
- personality disorders
- learning disabilities
- attention disorders (ADD/ADHD)
- autism","Extra time, breaks, and quiet rooms for exams

Note-taking support and lecture recording available

Alternate formats: audio, Braille, large print, PDFs

Assistive tech: screen readers, magnifiers, memory aids

Personalized accommodation plans for each student

Support for physical, sensory, and chronic conditions

Temporary accommodations available (e.g., concussion)

Accessible campus: ramps, elevators, washrooms, housing

One-on-one intake meeting required to register

Confidential service; no diagnosis disclosure needed","Extra time, breaks, and quiet rooms for exams

Note-taking support and lecture recording available

Alternate formats: audio, large print, PDFs

Assistive tech: screen readers, memory aids

Personalized accommodation plans for each student

Support for ADHD and mental health conditions

Temporary accommodations available (e.g., concussion)

One-on-one intake meeting required to register

Confidential service; no diagnosis disclosure needed","- OSAP Disability Verification Form
- Algoma University Confirmation of Disability Form
- Psychoeducational Assessment","1. Contact learning@algomau.ca to inquire about registering with us. You will be sent a form to complete to register with Accessibility Services.
2. Complete Registration Form
3. Secure and Submit Documentation in registration form
4. Attend an Intake Appointment","​Step 1. Complete Registration Form - Contact ​learning@algomau.ca​ to inquire about registering with us. You will be sent a form to complete to register with Accessibility Services. The form tells us a little bit about you and your needs while at school. You will then complete the registration form and return it to us.
​Step 2. Secure and Submit your Documentation - Accessibility Services will review your completed registration form and based on the information that you provided will then guide you to the specific medical documentation that you will need to submit to complete your registration. Documentation required is typically one of the following: OSAP Disability Verification Form, Algoma University Confirmation of Disability Form, Psychoeducational Assessment
​Step 3. Attend an Intake Appointment - Once Accessibility Services has received your Registration Form and your required documentation, we will contact you to arrange for an intake appointment. At this appointment, we will review your documents together, and discuss the academic accommodations that would best support you. We will also provide you with an orientation to the Learning Centre and teach you how to access our resources.","Algoma University offers:
One-on-one counselling services
Crisis intervention
Safety planning on-campus",1,1,"• Campus Security (24/7): 705‑949‑2301 ext. 4910
Good2Talk (24/7 mental health): 1‑866‑925‑5454","An Ontario resident.


A Canadian citizen, Permanent Resident, or Protected Person of Canada. (International students are not eligible for OSAP).


Enrolled in an OSAP-approved program that leads to a degree, diploma, or certificate.


Enrolled in an eligible course load (full-time or part-time, as defined by OSAP).


In good academic standing with the university and good financial standing with OSAP (meaning no previous defaults or overpayments).
Able to demonstrate financial need.
Within the lifetime limit of student loan funding (typically 340 weeks, with exceptions for doctoral studies or students with disabilities).
Your OSAP application type depends on your course load:
 • Full-time OSAP: You're considered full-time for OSAP if you're taking 60% or more of a full course load. This generally translates to 1.5 credits or more per term for undergraduate students._x000B__x000B_
 • Students with a permanent or persistent/prolonged disability: If you have a documented disability, you can be considered full-time for OSAP purposes if you are taking 40% or more of a full course load (e.g., 1.0 credit or more per term for undergraduate students). You also have the option to apply as a part-time student._x000B__x000B_
 • Part-time OSAP: You apply for part-time OSAP if your course load is between 20% and 59% of a full course load (or less than 40% if you have a disability).","Ontario BSWD & Canada CSG‑DSE
Special Bursary Program (part‑time)
External Awards for Students with Disabilities (internal listing)"
Brock University,83,"Mobility impairments: wheelchair or scooter use, difficulty walking or climbing stairs, temporary injuries or surgery recovery
Dexterity limitations: arthritis, repetitive strain injuries, hand/arm impairments
Vision impairments, hearing impairments, chronic medical conditions, and temporary health challenges","- anxiety disorders (Generalized Anxiety Disorder, Social Anxiety Disorder, Panic Disorder)
- mood disorders (Major Depressive Disorder, Bipolar Disorder), thought disorders (Schizophrenia)
- PTSD
- eating disorders
- personality disorders
- learning disabilities
- attention disorders (ADD/ADHD)
- autism","Personalized accommodation plans based on your needs

Exam support: extra time, breaks, quiet/private rooms

Assistive tech and adaptive software available

Note-taking support and lecture recording options

Alternate formats: audio, large-print, accessible PDFs, Braille

Support for physical and temporary conditions

Interim accommodations are possible pending documentation

Campus accessible housing and facilities (ramps, elevators, washrooms)

Register via intake meeting and manage accommodations each term online

Confidential service—no need to disclose diagnosis to professors","Personalized accommodation plans based on your needs

Exam support: extra time, breaks, quiet/private rooms

Assistive tech and adaptive software available

Note-taking support and lecture recording options

Alternate formats: audio, large-print, accessible PDFs

Support for learning, mental health, and temporary conditions

Interim accommodations are possible pending documentation

Register via intake meeting and manage accommodations each term online

Confidential service—no need to disclose diagnosis to professors","- A completed SAS Medical Documentation Form which is available from the SAS reception in ST400 or by emailing askSAS@brocku.ca.
- A letter or original functional assessment report from a licensed medical practitioner, qualified in the appropriate specialty area (or a general medical practitioner who has preferably been treating the patient over the last 6 months), which must be current (within the last 6 months).",Upload through the SAS Student Registration.,Complete SAS Student Registration,"Brock University offers:
Open door single session counselling
Group workshops
In-person or online 1:1 counselling",1,1,"• Campus Security (24/7): 905‑688‑5550 ext. 3200
Good2Talk (24/7 mental health): 1‑866‑925‑5454","To be eligible for OSAP at Brock University, you must typically be:

An Ontario resident: This is usually based on where you have lived for the past 12 consecutive months, excluding time spent as a full-time post-secondary student.

A Canadian citizen, Permanent Resident, or Protected Person: International students are not eligible for OSAP.

Enrolled in an OSAP-approved program of study: This generally includes programs leading to a degree, diploma, or certificate. Certain non-degree programs or upgrading courses may only be eligible if they are specifically approved by the Ministry (e.g., approved micro-credentials or required upgrading courses for admission into a degree program).


Enrolled in an eligible course load: This dictates whether you apply for full-time or part-time OSAP.

In good standing with previous OSAP loans: You must not be in default on any past OSAP loans or have any restrictions on your OSAP account.

Maintaining satisfactory academic progress: You need to meet the academic requirements to continue receiving funding.

Able to demonstrate financial need: Your and your family's (if applicable) financial information will be assessed to determine your level of need.

Within the lifetime limit of student loan funding: Generally, this is 340 weeks for most students, with exceptions for doctoral students (400 weeks) and students with disabilities (up to 520 weeks).","BSWD / CSG-DSE
SAS Disability‑Related Bursary Funding"
Carleton University,49,"Mobility impairments (e.g., wheelchair/scooter users, difficulty walking, climbing stairs, temporary injuries)
Dexterity limitations (e.g., arthritis, repetitive strain, hand/arm injuries)
Sensory impairments (hearing or vision loss)
Chronic health conditions affecting physical functioning
Temporary physical challenges (e.g., post-surgery recovery, fractures)","- anxiety disorders (Generalized Anxiety Disorder, Social Anxiety Disorder, Panic Disorder)
- mood disorders (Major Depressive Disorder, Bipolar Disorder), thought disorders (Schizophrenia)
- PTSD
- eating disorders
- personality disorders
- learning disabilities
- attention disorders (ADD/ADHD)
- autism","Extra time, breaks, and quiet rooms for exams

Alternate formats: audio, Braille, accessible PDFs

Assistive technology and adaptive software support

Peer note-taking and lecture recording available

ASL interpreting and real-time captioning

Personalized accommodation plans created each term

Temporary accommodations for short-term conditions

Confidential support through the Paul Menton Centre","Extra time, breaks, and quiet rooms for exams

Alternate formats: audio, accessible PDFs

Assistive technology and adaptive software support

Peer note-taking and lecture recording available

Personalized accommodation plans created each term

Temporary accommodations for short-term conditions

Confidential support through the Paul Menton Centre","- Acquired Brain Injury (ABI): copy of a recent neuro-psychological assessment, PMC Documentation of Acquired Brain Injury Form completed by a regulated healthcare professional
- Attention deficit / Hyperactivity Disorder (ADHD): copy of your latest comprehensive psychoeducational assessment (completed by a registered psychologist or psychological associate), an assessment completed within the last 5 years (or at the age of 18 years or older), PMC Documentation of ADHD Form completed by a regulated health care practitioner
- Autism Spectrum Disorders: Psycho-educational assessment (PEA) (completed within the last 5 years or performed using adult-normed tests), PMC ASD documentation Form (completed by a regulated health care practitioner who can confirm diagnosis and provide information on current functional limitations)
- Chronic Medical Conditions: PMC Documentation of Medical Disability Form (completed by a regulated health care professional is preferred), If it is not possible to get this form completed in time for your intake appointment, we will accept other medical documents that confirm that nature of your disability and functional impairments relevant to the university setting as interim documentation.
- Deaf and Hard of Hearing: recent audiogram or audiology assessment report, AND PMC Documentation of Hearing Impairment Form (completed by an otolaryngologist, audiologist or treating family physician)
- Learning Disabilities (LD): recent Psycho-Educational Assessment (PEA) (completed by a registered psychologist or psychological associate within the last 5 years or at the age of 18 years or older is preferred)
- Mobility/Physical Disabilities: PMC Documentation of Mobility Disability Form (completed by a regulated health care professional)
- Mental Health Disabilities: PMC Documentation of Mental Health Disability Form (completed by a regulated health care professional who has knowledge of the student’s history and is licensed to diagnose and treat mental health disorders), copy of a recent psychological assessment report completed by a registered psychologist or psychological associate
- Blind and Partially Sighted: PMC Documentation of Vision Impairment Form (completed by an ophthalmologist, optometrist, low vision specialist or treating family physician)","1. Complete PMC Appointment Request Form.
2. Provide a copy of your disability documentation.","Step 1: Request an intake appointment - To register with the PMC, you must provide a copy of your disability documentation and attend a 1-hour intake appointment with a Disabilities Coordinator.
Step 2: Create a Ventus student account - You will be required to create a Ventus student account prior to your intake appointment.Ventus is a one-stop academic accommodation management tool to help you manage and keep track of your accommodations in your courses.
Step 3: Complete the AFI and Intake Consent From - You will receive a confirmation email to your CMAIL with details of your appointment 1-3 business days prior to your scheduled appointment. The email will include instructions on the completion of the Intake Consent Form and the Assessment of Functional Impairment (AFI) questionnaire which must be completed prior to your appointment. 
Step 4: Submit your documentation before your appointment - Your disability documentation can be uploaded directly to Ventus where your PMC Coordinator will be able to review the information.
Step 5: FIVE: Attend your intake appointment - When requesting an intake appointment, you have the options of selecting an in-person or a virtual meeting with a PMC Coordinator. (If you’re attending an in-person intake appointment, please note that the Paul Menton Centre is located in Room 501 of the Nideyinàn Building (NN). You will receive directions on how to navigate to our office. If you are new to the Carleton campus, please take some time to become familiarized with our interactive campus map and parking services for visitors.)","Carleton University offers: 
Single-session counselling 
Brief individual counselling
Group counselling and workshops",1,1,"• Campus Safety (24/7): 613‑520‑4444
Good2Talk (24/7 mental health): 1‑866‑925‑5454","• Ontario Resident: You must be an Ontario resident. This is typically determined by where you have lived for the past 12 consecutive months, not including time spent as a full-time post-secondary student._x000B__x000B_
 • Citizenship/Status: You must be a Canadian citizen, Permanent Resident, or Protected Person of Canada. International students are not eligible for OSAP._x000B__x000B_
 • Approved Program: You must be enrolled in an OSAP-approved program that leads to a degree, diploma, or certificate. Most undergraduate, Master's, and Doctoral degree programs at Carleton are approved for OSAP. If you're a Special Student or in certain diploma/certificate programs, you should contact Carleton's Awards Office to confirm eligibility._x000B__x000B_
 • Eligible Course Load: You must be enrolled in enough courses to qualify as either a full-time or part-time student for OSAP purposes.
 • Good Standing: You must not be in default on any previous OSAP loans or have any restrictions on your OSAP account._x000B__x000B_
 • Academic Progress: You need to maintain satisfactory academic progress in your program of study.
 • Financial Need: Your application will be assessed based on your and your family's (if applicable) financial situation to determine your financial need._x000B__x000B_
 • Lifetime Funding Limit: You must not have exceeded the lifetime limit of student loan funding (typically 340 weeks, 400 weeks for doctoral studies, or up to 520 weeks for students with disabilities).","BSWD / CSG-DSE
Dr. John Davis Burton Award
IODE Lord Dundonald Giselle Lazure Memorial Award
Making a Difference Entrance Award
Susan Scott Parker Scholarship
Thomas Sorensen Memorial Scholarship
Walker Wood Entrance Awards
Canadian Council of the Blind Bursary
Charles Watters Memorial Bursary
Ed Ireland Student Bursaries
Hollis Peirce Bursary
John Teuscher Memorial Scholarship
Nicholas Leroux Memorial Bursary
Paul Menton Memorial Bursary
William Fraser Bursary for Students with Disabilities"
Lakehead University,51,"Mobility impairments
Dexterity limitations (e.g., arthritis, repetitive strain, injuries)
Vision or hearing impairments
Chronic medical conditions affecting learning
Temporary physical conditions (e.g., recovery from surgery, concussion)","- anxiety disorders (Generalized Anxiety Disorder, Social Anxiety Disorder, Panic Disorder)
- mood disorders (Major Depressive Disorder, Bipolar Disorder), thought disorders (Schizophrenia)
- PTSD
- eating disorders
- personality disorders
- learning disabilities
- attention disorders (ADD/ADHD)
- autism","Extra time, breaks, and quiet exam rooms

Alternate formats: audio, large print, Braille, accessible PDFs

Note-taking support and lecture recording available

Assistive tech: screen readers, magnifiers, memory aids

Personalized accommodation plans each term

Support for physical, sensory, chronic, and temporary conditions

Interim accommodations available for short-term issues

One-on-one intake meeting required to register

Confidential service—diagnosis disclosure not mandatory

Accessible campus: ramps, elevators, washrooms, housing","Extra time, breaks, and quiet exam rooms

Alternate formats: audio, large print, accessible PDFs

Note-taking support and lecture recording available

Assistive tech: screen readers, memory aids

Personalized accommodation plans each term

Support for learning, mental health, and temporary conditions

Interim accommodations available for short-term issues

One-on-one intake meeting required to register

Confidential service—diagnosis disclosure not mandatory","- Student Accessibility Services (SAS) with written documentation from a licensed medical/psychological professional
- Medical Documentation Form
- SAS Service Animal on Campus Form","Email, fax, or drop off your documentation, or bring it with you to your appointment with Student Accessibility Services (sas@lakeheadu.ca)","Step 1: Collect Your Documentation - Once you have accepted an offer of admission to Lakehead University, gather your documentation of a permanent or temporary disability and/or medical condition. You can email, fax or drop off your documentation, or bring it with you to your appointment with Student Accessibility Services. For more information on documentation please visit our webpage on documentation. (If you do not have any documentation, or are unsure if your documentation is sufficient you can skip to Step 2 and connect with SAS to discuss documentation.)
Step 2: Connect With SAS - Once you have registered in your classes, connect with SAS to schedule an appointment to set up accommodations and start the registration process. (this appointment can take place as early as late June or July)
If you are unable to meet in person, email or phone SAS to request a phone or video appointment.
Step 3: Activate Your Term Accommodations - Prior to the term start date SAS will email you with instructions on how to activate your accommodations for the term. You will need to complete this process each and every term for which you require accommodations. (SAS Staff will process your accommodation request and send your accommodation form(s) to your instructors. You will receive a copy of the email that goes to your instructors in your Lakehead University email inbox. The Accommodation Form will be attached to the email. Save this form to your computer for your future reference. Once you receive these emails your accommodations are active for the term.)
Step 4: Participate in SAS Procedures - Students requesting or registered with academic accommodations through Student Accessibility Services (SAS) have a duty to participate in the accommodation process by following SAS timeline requests: including but not limited to regularly checking your @lakeheadu.ca student email, completing the accommodation request form at the beginning of each term, booking tests, or requesting alternate dates/start times for tests according to the SAS timelines.","Lakehead University offers 1:1 in-person, virtual counselling services",1,1,"• Campus Security (Thunder Bay): 807‑343‑8911
Campus Security (Orillia): 705‑330‑4008
Good2Talk (24/7 mental health): 1‑866‑925‑5454","To qualify for OSAP at Lakehead University, you generally must meet the following:

Ontario Resident: You must be an Ontario resident, determined by criteria such as having lived in Ontario for the past 12 consecutive months, not including time spent as a full-time post-secondary student.

Citizenship/Status: You must be a Canadian citizen, Permanent Resident of Canada, or a Protected Person. International students are not eligible for OSAP.

Approved Institution and Program: Both Lakehead campuses (Thunder Bay and Orillia) are approved institutions. You must be enrolled in an OSAP-approved program that is at least 12 weeks in length and leads to a degree, diploma, or certificate.

Eligible Course Load: You must maintain an eligible course load to be considered for full-time or part-time OSAP.

Good Standing: You must have no defaults on previous student loans and no restrictions on your OSAP account.

Satisfactory Academic Progress: You must demonstrate academic progress within your program, defined as successfully completing at least 60% (pass) of a full course load of your program year while receiving OSAP funding. For students with a permanent disability, this is 40%.

Financial Need: Your application will be assessed based on your and your family's (if applicable) financial situation to determine your financial need.

Lifetime Funding Limit: Full-time students receiving OSAP have a lifetime limit of 340 weeks of post-secondary study (400 weeks for doctoral programs, and up to 520 weeks for students with a permanent disability).

No Fraud/Theft Conviction: You are ineligible if convicted of fraud or theft related to any student financial assistance program in Canada.","BSWD / CSG-DSE
Alumni Association of Lakehead University Bursary for Persons with a Disability"
Laurentian University,113,"Mobility impairments (e.g., wheelchair/scooter use, difficulty walking or climbing stairs, temporary injuries) 
Dexterity limitations (e.g., arthritis, repetitive strain, hand/arm impairments)
Vision and hearing impairments (e.g., low vision, blindness, partial to total hearing loss)
Chronic health conditions affecting academic participation
Temporary or episodic conditions (e.g., post-surgery recovery, concussion, fractures)","- anxiety disorders (Generalized Anxiety Disorder, Social Anxiety Disorder, Panic Disorder)
- mood disorders (Major Depressive Disorder, Bipolar Disorder), thought disorders (Schizophrenia)
- PTSD
- eating disorders
- personality disorders
- learning disabilities
- attention disorders (ADD/ADHD)
- autism","Extra time, breaks, and quiet rooms for exams

Alternate formats: audio, Braille, large print, PDFs

Assistive tech and adaptive software support

Note-taking and lecture recording options

Personalized accommodation plans each term

Support for physical and temporary conditions

Temporary accommodations available

Accessible campus: ramps, elevators, washrooms, housing

Confidential service; diagnosis disclosure not required","Extra time, breaks, and quiet rooms for exams

Alternate formats: audio, large print, PDFs

Assistive tech and adaptive software support

Note-taking and lecture recording options

Personalized accommodation plans each term

Support for learning, mental health, and temporary conditions

Temporary accommodations available

Confidential service; diagnosis disclosure not required","- SAS Registration Form
- To register with Accessibility Services, students must provide documentation confirming the presence of a disability or medical condition and stating whether this disability or condition is permanent or temporary.","1. obtain required docs
2. complete registration form
3. book an appointment with accessibility services through in-person Parker Building P-230, 705-675-4807, accessibilityservicesinfo@laurentian.ca, 705-671-6617","Step 1. Complete Accessibility Services Registration Form

Step 2. Please return completed form and any supporting documentation to accessibilityservicesinfo@laurentian.ca.","Laurentian University offers: 
Virtual counselling
Virtual interactive workshop: The Inquiring Mind
Group counselling
Same-day individual counselling",1,1,"• Campus Safety (24/7): 705‑673‑6562
Good2Talk (24/7 mental health): 1‑866‑925‑5454","Laurentian University, situated in Sudbury, Ontario, adheres to the provincial guidelines for the Ontario Student Assistance Program (OSAP). This means the core eligibility criteria for OSAP funding are the same for students at Laurentian as they are for students at any other publicly funded post-secondary institution in Ontario.

General OSAP Eligibility
To be eligible for OSAP at Laurentian University, you must typically meet the following requirements:

Ontario Resident: You must be an Ontario resident. This is generally defined by having lived in Ontario for at least 12 consecutive months, not including time spent as a full-time post-secondary student.


Citizenship/Status: You must be a Canadian citizen, Permanent Resident of Canada, or a Protected Person. International students are not eligible for OSAP.

Approved Program of Study: You must be enrolled in an OSAP-approved program that leads to a degree, diploma, or certificate. Most undergraduate, Master's, and Doctoral programs at Laurentian are approved. If you are in a non-degree program or certain specialized certificate programs, it's best to confirm eligibility with Laurentian's Student Awards Office.

Eligible Course Load: Your registration must meet the minimum requirements for either full-time or part-time OSAP.

Good Standing: You must not be in default on any previous OSAP loans or have any restrictions on your OSAP account.

Satisfactory Academic Progress: You need to maintain satisfactory academic progress in your program of study.

Financial Need: Your application will be assessed based on your and your family's (if applicable) financial situation to determine your financial need.

Lifetime Funding Limit: You must not have exceeded the lifetime limit of student loan funding (typically 340 weeks for most students, 400 weeks for doctoral students, or up to 520 weeks for students with a permanent disability).

First-Time Applicant Module: If you are a full-time or micro-credential student making your first OSAP application for the 2024–2025 or 2025–2026 school year, you will be required to complete an interactive financial literacy module.","Dr. Parameswara Viswanathan Bursary
Scotiabank Annual Award for Students with Disabilities
BSWD / CSG-DSE"
Nipissing University,25,"Mobility impairments (wheelchairs/scooters, difficulty walking or navigating stairs, temporary injuries)
Dexterity limitations (arthritis, repetitive strain, hand/arm injuries)
Vision or hearing impairments
Chronic health conditions affecting learning and physical access
Temporary conditions (post-surgery, concussion, fractures)","- anxiety disorders (Generalized Anxiety Disorder, Social Anxiety Disorder, Panic Disorder)
- mood disorders (Major Depressive Disorder, Bipolar Disorder), thought disorders (Schizophrenia)
- PTSD
- eating disorders
- personality disorders
- learning disabilities
- attention disorders (ADD/ADHD)
- autism","Extra time, breaks, and quiet rooms for exams

Alternate formats: audio, large print, Braille, PDFs

Assistive technology and adaptive software support

Note-taking and lecture recording assistance

Personalized accommodation plans each term

Temporary accommodations available

Support for physical and sensory disabilities

Accessible campus: ramps, elevators, washrooms, and parking","Extra time, breaks, and quiet rooms for exams

Alternate formats: audio, large print, PDFs

Assistive technology and adaptive software support

Note-taking and lecture recording assistance

Personalized accommodation plans each term

Temporary accommodations available

Support for learning and mental health disabilities","- Accessibility Services Self-Identification Form
- ADHD: Psycho-educational assessment (completed by a registered psychologist), SAS Medical Documentation form for Mental Health and ADHD (by a qualified healthcare professional with experience in the diagnosis and treatment of ADHD is required)
- Deaf,Deafened, Hard of Hearing: SAS Medical Documentation form for Physical, Sensory, and Medical Disabilities
- Low Vision, Blind: SAS Medical Documentation form for Physical, Sensory, and Medical Disabilities
- Medical or Physical Condition: SAS Medical Documentation form for Physical, Sensory, and Medical Disabilities
- Acquired Brain Injury: SAS Medical Documentation form for Physical, Sensory, and Medical Disabilities
- Mental Health: SAS Medical Documentation form for Mental Health and ADHD, A recent psycho-educational assessment* or formal letter from a family physician, psychologist, or psychiatrist* is preferred (If the former is not available, the completion of the SAS Medical Documentation form for Physical, Sensory, and Medical Disabilities)
- Temporary: SAS Medical Documentation form for Physical, Sensory, and Medical Disabilities","1. Student completes the Self-Identification Form and submits any supporting documents to SAS. 
2. Documentation can be emailed to sas@nipissingu.ca","Step 1. Student completes the Self-Identification Form and submits any supporting documentation to SAS. Documentation can be emailed to sas@nipissingu.ca. 
Step 2. An Accessibility Consultant will review the documentation and will contact the student with next steps and/or to schedule an Intake Appointment.
Step 3. An Accessibility Consultant meets with the student to discuss their accommodation needs. Appointments are available via audio/video conferencing, telephone or in person on campus.
Step 4. Together, the student and Accessibility Consultant create an Individual Accommodation plan.","Nipissing University offers:
Self-Help Services
Drop-In Sessions
Counsellor Assisted E-Support
Group Therapy
Individual Therapy",1,1,"• Campus Security (24/7): 705‑498‑7244
Good2Talk (24/7 mental health): 1‑866‑925‑5454","To be eligible for OSAP at Nipissing University, you must typically meet the following criteria:

Ontario Resident: You must be an Ontario resident, generally defined by having lived in Ontario for the past 12 consecutive months, excluding time spent as a full-time post-secondary student.

Citizenship/Status: You must be a Canadian citizen, Permanent Resident, or Protected Person of Canada. International students are not eligible for OSAP.

Approved Program of Study: You must be enrolled in an OSAP-approved program that leads to a degree, diploma, or certificate. Most undergraduate and graduate programs at Nipissing University are approved.

Eligible Course Load: Your registration must meet the minimum requirements for either full-time or part-time OSAP.

Good Standing: You must not be in default on any previous OSAP loans or have any restrictions on your OSAP account.

Satisfactory Academic Progress: You need to maintain satisfactory academic progress in your program of study. Nipissing states that for OSAP purposes, you're assessed on a pass/fail basis and are expected to successfully complete 60% of a full course load (or 40% if you have a permanent disability).

Financial Need: Your application will be assessed based on your and your family's (if applicable) financial situation to determine your financial need.

Lifetime Funding Limit: You must not have exceeded the lifetime limit of student loan funding (typically 340 weeks for most students, 400 weeks for doctoral studies, or up to 520 weeks for students with a permanent disability).

First-Time Applicant Module: If you are a full-time or micro-credential student applying for the first time for the 2024–2025 or 2025–2026 school year, you will need to complete an interactive financial literacy module.","Kevin Collins Abilities Scholarship
BSWD / CSG-DSE"
Ontario Tech University,131,"Mobility impairments (wheelchair/scooter use, difficulty walking/climbing stairs, temporary injuries)
Dexterity limitations (arthritis, RSI, hand/arm injuries)
Sensory impairments (low vision, blindness, deafness, hearing loss)
Chronic medical conditions (e.g., MS, asthma, fatigue)
Temporary conditions (post-surgery, concussion, sports-related injuries)","- anxiety disorders (Generalized Anxiety Disorder, Social Anxiety Disorder, Panic Disorder)
- mood disorders (Major Depressive Disorder, Bipolar Disorder), thought disorders (Schizophrenia)
- PTSD
- eating disorders
- personality disorders
- learning disabilities
- attention disorders (ADD/ADHD)
- autism","Extra time, breaks, and quiet rooms for exams

Alternate formats: audio, large print, Braille, PDFs

Assistive tech and adaptive software support

Note-taking, lecture recording, and ASL interpretation

Personalized accommodation plans each term

Support for permanent and temporary disabilities

Accessible campus navigation tools

Confidential service; diagnosis not shared with instructors","Extra time, breaks, and quiet rooms for exams

Alternate formats: audio, large print, PDFs

Assistive tech and adaptive software support

Note-taking and lecture recording

Personalized accommodation plans each term

Support for permanent and temporary disabilities

Peer coaching and transition workshops available

Confidential service; diagnosis not shared with instructors","To be completed by the student:
- A signed consent to release information form.
- A completed consideration on the basis of disability form.

To be completed by the attending healthcare professional:
- Medical or psychological documentation (refer to disability documentation).

To be completed by your most recent educational institution:
- A verification of accommodations form indicating whether or not you received disability accommodations (e.g. accommodation plan, IEP, IPRC, etc.). This form must be completed by an authorized professional and can be submitted either directly by the institution or by you.","1. Email all of your documents to studentaccessibility@ontariotechu.ca with the subject line Admissions Consideration. 
2. In the body of your email include your full name, student number and OUAC ID.","Email all of your documents to studentaccessibility@ontariotechu.ca with the subject line Admissions Consideration. In the body of your email include your full name, student number and OUAC ID.","Ontario Tech University offers: 
Intake sessions
Drop-in sessions
Therapy and specialized supports",1,1,"• Security Office (24/7): 905‑721‑8668 ext. 2400
Good2Talk (24/7 mental health): 1‑866‑925‑5454","To be eligible for OSAP at Ontario Tech University, you must typically meet the following criteria:

Ontario Resident: You must be an Ontario resident. This is generally defined by having lived in Ontario for the past 12 consecutive months, not including time spent as a full-time post-secondary student.

Citizenship/Status: You must be a Canadian citizen, Permanent Resident of Canada, or a Protected Person. International students are not eligible for OSAP.


Approved Program of Study: You must be registered in an OSAP-approved program that leads to a degree, diploma, or certificate. Most undergraduate and graduate programs at Ontario Tech are approved for OSAP.

Eligible Course Load: Your registration must meet the minimum requirements for either full-time or part-time OSAP.

Good Standing: You must not be in default on any previous OSAP loans or have any restrictions on your OSAP account.

Satisfactory Academic Progress: You need to maintain satisfactory academic progress throughout your studies.

Financial Need: Your application will be assessed based on your and your family's (if applicable) financial situation to determine your financial need.

Lifetime Funding Limit: You must not have exceeded the lifetime limit of student loan funding (typically 340 weeks for most students, 400 weeks for doctoral studies, or up to 520 weeks for students with a permanent disability).

First-Time Applicant Module: If you are a full-time or micro-credential student making your first OSAP application for the 2024–2025 or 2025–2026 school year, you will need to complete an interactive financial literacy module.","Students with Disabilities Scholarship/Bursary (internal)
BSWD / CSG-DSE"
Trent University,143,"Mobility impairments – wheelchair/scooter use, difficulty walking or climbing stairs, temporary injuries
Dexterity limitations – arthritis, repetitive strain, hand or arm injuries
Vision and hearing impairments – low vision, blindness, partial or total hearing loss
Chronic health conditions – asthma, chronic fatigue, arthritis
Temporary conditions – post‑surgery recovery, concussion, fractures","- anxiety disorders (Generalized Anxiety Disorder, Social Anxiety Disorder, Panic Disorder)
- mood disorders (Major Depressive Disorder, Bipolar Disorder), thought disorders (Schizophrenia)
- PTSD
- eating disorders
- personality disorders
- learning disabilities
- attention disorders (ADD/ADHD)
- autism","Extra time, breaks, and quiet rooms for exams

Alternate formats: audio, Braille, large print, PDFs

Assistive tech and adaptive software support

Note-taking and lecture recording available

Personalized accommodation plans each term

Support for physical and temporary conditions

Temporary accommodations available

Confidential service; diagnosis not shared with instructors","Extra time, breaks, and quiet rooms for exams

Alternate formats: audio, large print, PDFs

Assistive tech and adaptive software support

Note-taking and lecture recording available

Personalized accommodation plans each term

Support for learning, mental health, and temporary conditions

Temporary accommodations available

Confidential service; diagnosis not shared with instructors","Students with Physical, Mental Health, Sensory or Chronic Health Disabilities:
- SAS Disability Documentation Form
- for OSAP-eligible students, an option is to have the OSAP DIsability Verification Form (DVF)

Students with Learning Disability:
- copy of your latest psycho-educational assessment report, completed by a Registered Psychologist within the last 5 years.
- a detailed letter from the Psychologist that outlines the functional impacts and recommended accommodations.

Students with Attention Deficit Hyperactivity Disorder (ADHD):
- SAS Disability Documentation Form or a psycho-educational assessment (completed in-person using Adult Measures and within the past 5 years).

Students with Autism Spectrum Disorder (ASD):
- SAS Disability Documentation Form or a psycho-educational/psychological assessment (completed in-person and within the past 5 years, unless the student was at least 18 years of age at the time of assessment).

Service Animals:
- Service Animal Recommendation Form","1. Obtain required documents.
2. Complete & upload documents to the pre-intake questionnaire.","Step 1. Review the documentation requirements - Your documentation needs to be as recent as possible, and must outline the functional limitations of your disability. If you have older or incomplete documentation, it is possible that only minimal accommodation can be implemented until more current or complete documentation is provided. Criteria regarding age of documentation is specific to the nature of a person's disability, and is outlined on the Documentation Requirements section of the school website.
Step 2. Complete the pre-intake questionnaire - All students who register with SAS begin the formal intake registration process by completing a Pre-Intake Questionnaire. This questionnaire is designed to connect you with an appropriate SAS Advisor, and helps us to anticipate questions or concerns that you may have prior to your first appointment. You will be asked a series of questions pertaining to your disability and how your disability impacts your academics. This questionnaire will take approximately 15 minutes to complete, and it will ""time out"" after 30 minutes. Please have your disability documentation ready to upload to your questionnaire. After you have completed and submitted the questionnaire, you will be contacted by a SAS staff member within 3 to 5 business days to schedule an intake appointment with one of our SAS Advisors. Thank you in advance for completing the Pre-Intake Questionnaire first. We appreciate your patience while we review your information and match you with the appropriate Advisor.","Trent University offers: 
Self-Directed Resources
Group Workshops
Individual Counselling
Crisis Support
Culturally Affirming Mental Health Support 
Ontario Shores Structured Psychotherapy Program
Support for Eating Disorders - Sheena's Place
Private Therapy with Student Health Benefits 
2SLGBTQ+ Support 
Talk Now - Mental Health and Addictions Clinic 
Peterborough Family Health Team - Groups",0,1,"• Campus Security (Peterborough): 705‑748‑1333
Campus Security (Durham): 905‑435‑5111
Good2Talk (24/7 mental health): 1‑866‑925‑5454","To be eligible for OSAP at Trent University, you generally must meet the following:

Ontario Resident: You must be an Ontario resident. This is typically defined by having lived in Ontario for the past 12 consecutive months, not including time spent as a full-time post-secondary student.

Citizenship/Status: You must be a Canadian citizen, Permanent Resident of Canada, or a Protected Person. International students are not eligible for OSAP.

Approved Program of Study: You must be enrolled in an OSAP-approved program that leads to a degree, diploma, or certificate. Most undergraduate and graduate programs at Trent University are approved.

Eligible Course Load: Your registration must meet the minimum requirements for either full-time or part-time OSAP.

Good Standing: You must not be in default on any previous OSAP loans or have any restrictions on your OSAP account.

Satisfactory Academic Progress: You need to maintain satisfactory academic progress in your program of study.

Financial Need: Your application will be assessed based on your and your family's (if applicable) financial situation to determine your financial need.

Lifetime Funding Limit: You must not have exceeded the lifetime limit of student loan funding (typically 340 weeks for most students, 400 weeks for doctoral studies, or up to 520 weeks for students with a permanent disability).","BSWD / CSG-DSE
Scholarship Opportunities for Students with Disabilities (NEADS list, etc.)
Bloorview School Authority Bursary
David C. Onley Award for Leadership in Accessibility
Dr. John & Olive Pyper Scholarship
Dr. John Davis Burton Award
Easter Seals Ontario Scholarships
Ed Ireland Bursary for Students with Disabilities
EKO Scholarship
Epilepsy Toronto Scholarships
Eric Waldron Scholarship
IODE Lord Dundonald Giselle Lazure Memorial Award
John Teuscher Memorial Scholarship
Judge Brian Stevenson Scholarship
Luciana Spring Mascarin Bursary
Michael Kamin Hart Scholarship
Nicholas Leroux Memorial Bursary
Epilepsy Ontario Scholarship
RE/MAX Quest for Excellence Scholarship Program
RMT Assoc. of Ontario Scholarship (Under‑represented Groups)
Rixon Rafter Scholarship
Roy Cooper Scholarship
Seneca College Scholarships & Bursaries (Disabilities)
Susan Parker Scott Scholarship
Tamara Gordon Foundation Scholarship
Thomas Sorensen Memorial Scholarship"
Trent University (Durham GTA),50,"Mobility impairments – wheelchair/scooter use, difficulty walking or climbing stairs, temporary injuries
Dexterity limitations – arthritis, repetitive strain, hand or arm injuries
Vision and hearing impairments – low vision, blindness, partial or total hearing loss
Chronic health conditions – asthma, chronic fatigue, arthritis
Temporary conditions – post‑surgery recovery, concussion, fractures","- anxiety disorders (Generalized Anxiety Disorder, Social Anxiety Disorder, Panic Disorder)
- mood disorders (Major Depressive Disorder, Bipolar Disorder), thought disorders (Schizophrenia)
- PTSD
- eating disorders
- personality disorders
- learning disabilities
- attention disorders (ADD/ADHD)
- autism","Personalized accommodation plans via intake meeting

Exam support: extra time, breaks, quiet/private rooms

Alternate formats: audio, large print, Braille, PDFs

Assistive tech support: screen readers, adaptive software

Note-taking help and lecture recording options

Interim accommodations for temporary issues (e.g., concussion)

Confidential service; functional needs shared with faculty, diagnosis kept private

SAS office supports via phone/email and coordinates with faculty","Personalized accommodation plans via intake meeting

Exam support: extra time, breaks, quiet/private rooms

Alternate formats: audio, large print, PDFs

Assistive tech support: screen readers, adaptive software

Note-taking help and lecture recording options

Interim accommodations for temporary issues (e.g., concussion)

Confidential service; functional needs shared with faculty, diagnosis kept private

SAS office supports via phone/email and coordinates with faculty","Students with Physical, Mental Health, Sensory or Chronic Health Disabilities:
- SAS Disability Documentation Form
- for OSAP-eligible students, an option is to have the OSAP DIsability Verification Form (DVF)

Students with Learning Disability:
- copy of your latest psycho-educational assessment report, completed by a Registered Psychologist within the last 5 years.
- a detailed letter from the Psychologist that outlines the functional impacts and recommended accommodations.

Students with Attention Deficit Hyperactivity Disorder (ADHD):
- SAS Disability Documentation Form or a psycho-educational assessment (completed in-person using Adult Measures and within the past 5 years).

Students with Autism Spectrum Disorder (ASD):
- SAS Disability Documentation Form or a psycho-educational/psychological assessment (completed in-person and within the past 5 years, unless the student was at least 18 years of age at the time of assessment).

Service Animals:
- Service Animal Recommendation Form","1. Obtain required documents.
2. Complete & upload documents to the pre-intake questionnaire.","Step 1. Review the documentation requirements - Your documentation needs to be as recent as possible, and must outline the functional limitations of your disability. If you have older or incomplete documentation, it is possible that only minimal accommodation can be implemented until more current or complete documentation is provided. Criteria regarding age of documentation is specific to the nature of a person's disability, and is outlined on the Documentation Requirements section of the school website.
Step 2. Complete the pre-intake questionnaire - All students who register with SAS begin the formal intake registration process by completing a Pre-Intake Questionnaire. This questionnaire is designed to connect you with an appropriate SAS Advisor, and helps us to anticipate questions or concerns that you may have prior to your first appointment. You will be asked a series of questions pertaining to your disability and how your disability impacts your academics. This questionnaire will take approximately 15 minutes to complete, and it will ""time out"" after 30 minutes. Please have your disability documentation ready to upload to your questionnaire. After you have completed and submitted the questionnaire, you will be contacted by a SAS staff member within 3 to 5 business days to schedule an intake appointment with one of our SAS Advisors. Thank you in advance for completing the Pre-Intake Questionnaire first. We appreciate your patience while we review your information and match you with the appropriate Advisor.","Trent University offers: 
Self-Directed Resources
Group Workshops
Individual Counselling
Crisis Support
Culturally Affirming Mental Health Support 
Ontario Shores Structured Psychotherapy Program
Support for Eating Disorders - Sheena's Place
Private Therapy with Student Health Benefits 
2SLGBTQ+ Support 
Talk Now - Mental Health and Addictions Clinic 
Peterborough Family Health Team - Groups",0,1,"• Campus Security (Peterborough): 705‑748‑1333
Campus Security (Durham): 905‑435‑5111
Good2Talk (24/7 mental health): 1‑866‑925‑5454","To be eligible for OSAP at Trent University, you generally must meet the following:

Ontario Resident: You must be an Ontario resident. This is typically defined by having lived in Ontario for the past 12 consecutive months, not including time spent as a full-time post-secondary student.

Citizenship/Status: You must be a Canadian citizen, Permanent Resident of Canada, or a Protected Person. International students are not eligible for OSAP.

Approved Program of Study: You must be enrolled in an OSAP-approved program that leads to a degree, diploma, or certificate. Most undergraduate and graduate programs at Trent University are approved.

Eligible Course Load: Your registration must meet the minimum requirements for either full-time or part-time OSAP.

Good Standing: You must not be in default on any previous OSAP loans or have any restrictions on your OSAP account.

Satisfactory Academic Progress: You need to maintain satisfactory academic progress in your program of study.

Financial Need: Your application will be assessed based on your and your family's (if applicable) financial situation to determine your financial need.

Lifetime Funding Limit: You must not have exceeded the lifetime limit of student loan funding (typically 340 weeks for most students, 400 weeks for doctoral studies, or up to 520 weeks for students with a permanent disability).","BSWD / CSG-DSE
Scholarship Opportunities for Students with Disabilities (NEADS list, etc.)
Bloorview School Authority Bursary
David C. Onley Award for Leadership in Accessibility
Dr. John & Olive Pyper Scholarship
Dr. John Davis Burton Award
Easter Seals Ontario Scholarships
Ed Ireland Bursary for Students with Disabilities
EKO Scholarship
Epilepsy Toronto Scholarships
Eric Waldron Scholarship
IODE Lord Dundonald Giselle Lazure Memorial Award
John Teuscher Memorial Scholarship
Judge Brian Stevenson Scholarship
Luciana Spring Mascarin Bursary
Michael Kamin Hart Scholarship
Nicholas Leroux Memorial Bursary
Epilepsy Ontario Scholarship
RE/MAX Quest for Excellence Scholarship Program
RMT Assoc. of Ontario Scholarship (Under‑represented Groups)
Rixon Rafter Scholarship
Roy Cooper Scholarship
Seneca College Scholarships & Bursaries (Disabilities)
Susan Parker Scott Scholarship
Tamara Gordon Foundation Scholarship
Thomas Sorensen Memorial Scholarship"
University of Windsor,64,"Mobility or functional limitations (e.g., wheelchair/scooter use, difficulty navigating stairs or long distances, temporary injuries)
Vision impairments (e.g., low vision, legal blindness)
Hearing impairments (hard-of-hearing to Deaf)
Chronic medical conditions (e.g., diabetes, MS, asthma, cancer)
Temporary or episodic disabilities (e.g., concussion, post-surgery recovery)","- anxiety disorders (Generalized Anxiety Disorder, Social Anxiety Disorder, Panic Disorder)
- mood disorders (Major Depressive Disorder, Bipolar Disorder), thought disorders (Schizophrenia)
- PTSD
- eating disorders
- personality disorders
- learning disabilities
- attention disorders (ADD/ADHD)
- autism","Personalized accommodation plans via intake meeting

Exam accommodations: extra time, breaks, quiet/private rooms, readers/scribes

Alternate formats: audio, large print, Braille, accessible PDFs

Assistive technology lab: screen readers, magnifiers, speech-to-text

Peer note-taking and lecture recording support

ASL interpretation and real-time captioning available

Support for sensory, chronic, and temporary physical conditions

Confidential service; needs shared with faculty, not diagnosis

Staff coordinate with students & professors to implement accommodations

Accessible housing and exam centre support","Personalized accommodation plans via intake meeting

Exam accommodations: extra time, breaks, quiet/private rooms

Alternate formats: audio, large print, accessible PDFs

Assistive technology lab: screen readers, speech-to-text

Peer note-taking and lecture recording support

ASL interpretation and real-time captioning available

Support for learning, ADHD, mental health, and temporary conditions

Confidential service; needs shared with faculty, not diagnosis

Staff coordinate with students & professors to implement accommodations","Attention Disability:
- SAS SAS Disability Verification Form for Attention Disability
- Psychoeducational Assessment – Completed within the last 3 years

Brain Injury:
- SAS Disability Verification Form for Brain Injury
- Neuropsychological Assessment – Completed within the last 3 years
- Concussion Clinic Documentation/Assessment

Hearing:
- SAS Disability Verification Form for Hearing Loss
- Audiogram – Completed within the last 1 year
- Audiology Assessment

Learning Disability:
- Students with LD must submit a psycho-educational assessment report in support of their request for academic accommodation at the University of Windsor.

Medical Disability:
- SAS Disability Verification Form for Medical Disability

Mental Health:
- SAS Disability Verification Form for Mental Health/Psychiatric Disability
- Neuropsychological Assessment - Completed within the last 1 year
- Psychoeducational Assessment – Completed within the last 1 year
- Psychological Assessment – Completed within the last 1 year
- Psychiatric Assessment/Report – Completed within the last 1 year

Physical DIsability:
- SAS Disability Verification Form for Physical/Functional Disability
- Handwriting Assessment – Completed within the last 3 years

Vision:
- SAS Disability Verification Form for Vision Loss
- Vision Assessment
- CNIB Card",Fill out and upload documents on the Intake Form.,"Step 1. If you have questions, please contact the Student Accessibility Office at 519-253-3000 ext 6172 or email sas@uwindsor.ca
Step 2. If you are ready to fill out an Intake Form this link will take you to the form in our system called AIM.
Step 3. Once the Intake Form is filled out an advisor will reach out to you to set up an appointment to talk about your needs and how to best support you. These appointments are offered in person or virtually
Step 4. If you do not have up to date documentation you can check out our Documentation Requirements which will give you an idea of what you need in order to be accommodated.","University of Windsor offers: 
Group therapy
Individual therapy
Self-guided therapy through TAO 
Combination of different therapies",1,1,"• Campus Police (24/7): 519‑253‑3000 ext. 4444
Good2Talk (24/7 mental health): 1‑866‑925‑5454","To be eligible for OSAP at the University of Windsor, you must generally meet the following:

Ontario Resident: You must be an Ontario resident. This is typically defined by having lived in Ontario for the past 12 consecutive months, not including time spent as a full-time post-secondary student.


Citizenship/Status: You must be a Canadian citizen, Permanent Resident of Canada, or a Protected Person. International students are not eligible for OSAP.

Approved Program of Study: You must be enrolled in an OSAP-approved program that leads to a degree, diploma, or certificate. Most undergraduate and graduate programs at the University of Windsor are approved for OSAP. Non-degree students are generally not eligible.

Eligible Course Load: Your registration must meet the minimum requirements for either full-time or part-time OSAP.

Good Standing: You must not be in default on any previous OSAP loans or have any restrictions on your OSAP account.

Satisfactory Academic Progress: You need to maintain satisfactory academic progress in your program of study.

Financial Need: Your application will be assessed based on your and your family's (if applicable) financial situation to determine your financial need.

Lifetime Funding Limit: You must not have exceeded the lifetime limit of student loan funding (typically 340 weeks for most students, 400 weeks for doctoral studies, or up to 520 weeks for students with a permanent disability).",BSWD / CSG‑DSE
Université de l’Ontario français,6,"Physical accommodations such as accessible entries, elevators, restrooms, and service-animal access
Academic supports including alternative formats, exam accommodations, assistive technologies
Feedback and complaint channels for barriers in infrastructure, services, or facilities
Ongoing development of accessibility plans, staff training, and progress reporting","- anxiety disorders (Generalized Anxiety Disorder, Social Anxiety Disorder, Panic Disorder)
- mood disorders (Major Depressive Disorder, Bipolar Disorder), thought disorders (Schizophrenia)
- PTSD
- eating disorders
- personality disorders
- learning disabilities
- attention disorders (ADD/ADHD)
- autism","Supports students with permanent or temporary disabilities

Offers academic, service, and facility accommodations

Exam accommodations available (extra time, quiet space)

Alternate formats and assistive technologies provided as needed

Personalized and confidential support plans

Staff help identify and remove accessibility barriers

Campus committed to ongoing improvement in accessibility","Supports students with permanent or temporary disabilities

Offers academic accommodations

Exam accommodations available (extra time, quiet space)

Alternate formats and assistive technologies provided as needed

Personalized and confidential support plans

Staff help identify and remove accessibility barriers",Email communications@uontario.ca for document information.,Email communications@uontario.ca,email communications@uontario.ca,email communications@uontario.ca,0,1,• Good2Talk (24/7 mental health): 1‑866‑925‑5454,"To be eligible for OSAP at Université de l'Ontario français, you must typically meet the following:

Ontario Resident: You must be an Ontario resident. This is generally defined by having lived in Ontario for the past 12 consecutive months, not including time spent as a full-time post-secondary student.

Citizenship/Status: You must be a Canadian citizen, Permanent Resident of Canada, or a Protected Person. International students are not eligible for OSAP.

Approved Program of Study: You must be enrolled in an OSAP-approved program that leads to a degree, diploma, or certificate. UOF's undergraduate and graduate programs are generally approved for OSAP.

Eligible Course Load: Your registration must meet the minimum requirements for either full-time or part-time OSAP.

Good Standing: You must not be in default on any previous OSAP loans or have any restrictions on your OSAP account.

Satisfactory Academic Progress: You need to maintain satisfactory academic progress in your program of study.

Financial Need: Your application will be assessed based on your and your family's (if applicable) financial situation to determine your financial need.

Lifetime Funding Limit: You must not have exceeded the lifetime limit of student loan funding (typically 340 weeks for most students, 400 weeks for doctoral studies, or up to 520 weeks for students with a permanent disability).",BSWD / CSG-DSE
Western University (Main Campus),21,"Mobility impairments: wheelchair or scooter users, difficulty walking/climbing stairs, temporary injuries
Dexterity limitations: arthritis, repetitive strain injuries, issues with fine motor skills
Sensory impairments: vision loss (low vision to blindness), hearing impairment
Chronic medical conditions: MS, asthma, chronic fatigue, etc.
Temporary physical conditions: concussion, post-surgery recovery, fractures","- anxiety disorders (Generalized Anxiety Disorder, Social Anxiety Disorder, Panic Disorder)
- mood disorders (Major Depressive Disorder, Bipolar Disorder), thought disorders (Schizophrenia)
- PTSD
- eating disorders
- personality disorders
- learning disabilities
- attention disorders (ADD/ADHD)
- autism","Personalized accommodation plans for students with disabilities

Exam support: extra time, breaks, private/quiet rooms

Accessible formats: audio, Braille, large print, PDFs

Assistive technology support: software and hardware tools

ASL interpretation and real-time captioning offered

Peer note-taking and lecture recording available

Interim accommodations available during temporary conditions

Accessible campus features: parking, ramps, and buildings

Confidential coordination with faculty to implement accommodations","Personalized accommodation plans for students with disabilities

Exam support: extra time, breaks, private/quiet rooms

Accessible formats: audio, large print, PDFs

Assistive technology support: software and hardware tools

Peer note-taking and lecture recording available

Interim accommodations available during temporary conditions

Confidential coordination with faculty to implement accommodations","Acquired Brain Injury & Concussion:
- Certificate of Acquired Brain Injury & Concussion Disability (PDF)
- Recent medical documentation from an appropriate regulated health care practitioner (e.g., an emergency room physician, sports medicine, concussion specialist, family doctor, and/or neurologist) that outlines the functional impacts of your disability and your accommodation needs.

ADHD:
- Psycho-educational Assessment 
- Certificate of ADHD Disability (PDF)

Hearing:
- Certificate of Hearing Disability (PDF)
- Documentation may take the form of a detailed letter from an appropriate health care practitioner (e.g. Audiologist, Otolaryngologist (ENT) or family doctor) that outlines the functional impacts of your disability and your accommodation needs.

Learning Disabilities:
- Psycho-educational Assessment

Medical:
- Certificate of Medical Disability (PDF)
Documentation may take the form of a detailed letter from an appropriate health care practitioner (e.g. family doctor. specialist physician nd/or nurse practitioner) that outlines the functional impacts of your disability and your accommodation needs.

Mental Health:
- Certificate of Mental Health (PDF)
Documentation may take the form of a detailed letter from an appropriate health care practitioner (e.g. psychiatrist, psychologist, family doctor and/or nurse practitioner) that outlines the functional impacts of your disability and your accommodation needs.

Physical/Mobility:
- Certificate of Physical Mobility (PDF)
Documentation may take the form of a detailed letter from an appropriate health care practitioner (e.g. an emergency room physician, family doctor, and/or neurologist) that outlines the functional impacts of your disability and your accommodation needs.

Vision:
- Certificate of Vision Disability (PDF)
- Documentation may take the form of a detailed letter from an appropriate health care practitioner (e.g. Ophthalmologist, Optometrist and/or family doctor) that outlines the functional impacts of your disability and your accommodation needs.",Upload documentations on the Online Registration Form.,"Step 1. Complete our online registration form.
Step 2. Provide supporting documentation that verifies your disability. Find information about documentation here.
Step 3. After we have reviewed your Primary Documentation for Registration you will be invited to attend an Intake & Onboarding appointment.
Step 4. Meet with your Accessible Education Facilitator to discuss your eligibility for accommodations during your Western career.","Western University offers: 
Group/Individual Workshops
Single session counselling
Brief individual therapy
Case manager involvement
Support from Special Constables",1,1,"•Campus Safety (24/7): 519‑661‑3300
Good2Talk (24/7 mental health): 1‑866‑925‑5454","Residency Requirements
OSAP is open to Ontario residents who are:

Canadian Citizen
Permanent Resident
Protected Person (Protected Person Status Document is required)

Course Load Requirements
In order to be considered a full-time student for the purpose of receiving OSAP funding you must meet one of the following criteria:

Undergraduate students must be fully-registered student in at least 60% of a full-time course load per term (the equivalent of at least three half courses per term)
Undergraduate students who have a permanent disability are eligible if enrolled in at least 40% of a full-time course load per term (the equivalent of at least two half courses per term)
All full-time graduate students are assessed for OSAP based on a 100% course load. Part-time students are considered to be registered in a 50% course load. Only graduate students who self-identify as having a permanent disability are eligible for full-time OSAP at this course load.","BSWD / CSG-DSE
External Scholarships via NEADS database"
Western University (Affiliated University Colleges),12,"Mobility impairments: wheelchair or scooter users, difficulty walking/climbing stairs, temporary injuries
Dexterity limitations: arthritis, repetitive strain injuries, issues with fine motor skills
Sensory impairments: vision loss (low vision to blindness), hearing impairment
Chronic medical conditions: MS, asthma, chronic fatigue, etc.
Temporary physical conditions: concussion, post-surgery recovery, fractures","- anxiety disorders (Generalized Anxiety Disorder, Social Anxiety Disorder, Panic Disorder)
- mood disorders (Major Depressive Disorder, Bipolar Disorder), thought disorders (Schizophrenia)
- PTSD
- eating disorders
- personality disorders
- learning disabilities
- attention disorders (ADD/ADHD)
- autism","Personalized accommodation plans for students with disabilities

Exam support: extra time, breaks, private/quiet rooms

Accessible formats: audio, Braille, large print, PDFs

Assistive technology support: software and hardware tools (e.g., magnifiers, screen readers)

ASL interpretation and real-time captioning offered

Peer note-taking and lecture recording available

Interim accommodations available during temporary conditions

Accessible campus features: parking, ramps, and buildings

Confidential coordination with faculty to implement accommodations","Personalized accommodation plans for students with disabilities

Exam support: extra time, breaks, private/quiet rooms

Accessible formats: audio, large print, PDFs

Assistive technology support: software tools (e.g., speech-to-text)

Peer note-taking and lecture recording available

Interim accommodations available during temporary conditions

Confidential coordination with faculty to implement accommodations","Acquired Brain Injury & Concussion:
- Certificate of Acquired Brain Injury & Concussion Disability (PDF)
- Recent medical documentation from an appropriate regulated health care practitioner (e.g., an emergency room physician, sports medicine, concussion specialist, family doctor, and/or neurologist) that outlines the functional impacts of your disability and your accommodation needs.

ADHD:
- Psycho-educational Assessment 
- Certificate of ADHD Disability (PDF)

Hearing:
- Certificate of Hearing Disability (PDF)
- Documentation may take the form of a detailed letter from an appropriate health care practitioner (e.g. Audiologist, Otolaryngologist (ENT) or family doctor) that outlines the functional impacts of your disability and your accommodation needs.

Learning Disabilities:
- Psycho-educational Assessment

Medical:
- Certificate of Medical Disability (PDF)
Documentation may take the form of a detailed letter from an appropriate health care practitioner (e.g. family doctor. specialist physician nd/or nurse practitioner) that outlines the functional impacts of your disability and your accommodation needs.

Mental Health:
- Certificate of Mental Health (PDF)
Documentation may take the form of a detailed letter from an appropriate health care practitioner (e.g. psychiatrist, psychologist, family doctor and/or nurse practitioner) that outlines the functional impacts of your disability and your accommodation needs.

Physical/Mobility:
- Certificate of Physical Mobility (PDF)
Documentation may take the form of a detailed letter from an appropriate health care practitioner (e.g. an emergency room physician, family doctor, and/or neurologist) that outlines the functional impacts of your disability and your accommodation needs.

Vision:
- Certificate of Vision Disability (PDF)
- Documentation may take the form of a detailed letter from an appropriate health care practitioner (e.g. Ophthalmologist, Optometrist and/or family doctor) that outlines the functional impacts of your disability and your accommodation needs.",Upload documentations on the Online Registration Form.,"Step 1. Complete our online registration form.
Step 2. Provide supporting documentation that verifies your disability. Find information about documentation here.
Step 3. After we have reviewed your Primary Documentation for Registration you will be invited to attend an Intake & Onboarding appointment.
Step 4. Meet with your Accessible Education Facilitator to discuss your eligibility for accommodations during your Western career.","Western University offers: 
Group/Individual Workshops
Single session counselling
Brief individual therapy
Case manager involvement
Support from Special Constables",1,1,"•Campus Safety (24/7): 519‑661‑3300
Good2Talk (24/7 mental health): 1‑866‑925‑5454","Residency Requirements
OSAP is open to Ontario residents who are:

Canadian Citizen
Permanent Resident
Protected Person (Protected Person Status Document is required)

Course Load Requirements
In order to be considered a full-time student for the purpose of receiving OSAP funding you must meet one of the following criteria:

Undergraduate students must be fully-registered student in at least 60% of a full-time course load per term (the equivalent of at least three half courses per term)
Undergraduate students who have a permanent disability are eligible if enrolled in at least 40% of a full-time course load per term (the equivalent of at least two half courses per term)
All full-time graduate students are assessed for OSAP based on a 100% course load. Part-time students are considered to be registered in a 50% course load. Only graduate students who self-identify as having a permanent disability are eligible for full-time OSAP at this course load.","BSWD / CSG-DSE
External Scholarships via NEADS database"
